order_id,order_date,region,sales_rep,customer_segment,product_category,product_name,units,unit_price,discount_pct,revenue,returned
ORD-000001,2025-01-01,West,T. Brooks,SMB,Software,SecureGuard License,1,385.68,0.08,354.83,No
ORD-000002,2025-01-01,North,A. Chen,SMB,Accessories,Wireless Mouse,5,40.99,0.001,204.75,No
ORD-000003,2025-01-01,East,L. Nguyen,Enterprise,Software,SecureGuard License,1,248.45,0.22,193.79,No
ORD-000004,2025-01-01,West,T. Brooks,Mid-Market,Accessories,USB-C Hub,4,55.7,0.048,212.11,No
ORD-000005,2025-01-01,West,D. Rossi,Mid-Market,Services,Priority Support,2,828.38,0.036,1597.12,No
ORD-000006,2025-01-01,North,R. Diaz,Mid-Market,Software,SecureGuard License,1,525.64,0.142,451.0,No
ORD-000007,2025-01-01,East,J. Kim,Mid-Market,Hardware,Nimbus Monitor,1,2314.49,0.096,2092.3,No
ORD-000008,2025-01-01,South,M. Okafor,Enterprise,Software,DataLens License,2,480.64,0.006,955.51,No
ORD-000009,2025-01-01,North,R. Diaz,SMB,Services,Onboarding Package,2,1008.35,0.055,1905.78,No
ORD-000010,2025-01-02,West,T. Brooks,SMB,Services,Onboarding Package,1,976.45,0.076,902.24,No
ORD-000011,2025-01-02,West,D. Rossi,Mid-Market,Accessories,USB-C Hub,2,101.51,0.121,178.45,No
ORD-000012,2025-01-02,North,A. Chen,Mid-Market,Software,FlowSuite License,2,502.62,0.019,986.14,No
ORD-000013,2025-01-02,West,T. Brooks,Mid-Market,Accessories,Wireless Mouse,1,99.17,0.144,84.89,No
ORD-000014,2025-01-02,North,A. Chen,Mid-Market,Accessories,Wireless Mouse,2,47.61,0.141,81.79,No
ORD-000015,2025-01-02,East,J. Kim,Mid-Market,Services,Custom Training,2,1407.31,0.01,2786.47,No
ORD-000016,2025-01-02,East,L. Nguyen,Mid-Market,Services,Custom Training,1,374.24,0.062,351.04,No
ORD-000017,2025-01-02,South,M. Okafor,SMB,Hardware,Falcon Laptop,2,1866.05,0.038,3590.28,No
ORD-000018,2025-01-02,West,T. Brooks,SMB,Hardware,Nimbus Monitor,2,1444.11,0.022,2824.68,No
ORD-000019,2025-01-02,West,D. Rossi,SMB,Accessories,Laptop Sleeve,2,80.99,0.063,151.78,No
ORD-000020,2025-01-02,West,D. Rossi,Enterprise,Hardware,Nimbus Monitor,3,948.46,0.005,2831.15,No
ORD-000021,2025-01-03,North,R. Diaz,SMB,Accessories,Laptop Sleeve,7,56.48,0.051,375.2,No
ORD-000022,2025-01-03,West,T. Brooks,SMB,Accessories,Wireless Mouse,1,103.65,0.043,99.19,No
ORD-000023,2025-01-03,East,J. Kim,Enterprise,Accessories,Wireless Mouse,2,69.47,0.189,112.68,No
ORD-000024,2025-01-03,East,L. Nguyen,Mid-Market,Software,DataLens License,2,378.97,0.032,733.69,No
ORD-000025,2025-01-03,South,S. Patel,Mid-Market,Hardware,Titan Desktop,1,2121.09,0.02,2078.67,No
ORD-000026,2025-01-03,North,A. Chen,SMB,Services,Custom Training,2,821.78,0.071,1526.87,No
ORD-000027,2025-01-04,West,D. Rossi,Mid-Market,Accessories,USB-C Hub,6,93.15,0.057,527.04,No
ORD-000028,2025-01-04,North,R. Diaz,SMB,Accessories,Wireless Mouse,2,107.26,0.016,211.09,No
ORD-000029,2025-01-04,North,R. Diaz,Mid-Market,Hardware,Titan Desktop,2,2069.36,0.013,4084.92,No
ORD-000030,2025-01-04,West,D. Rossi,Enterprise,Software,FlowSuite License,1,220.34,0.138,189.93,No
ORD-000031,2025-01-04,East,L. Nguyen,Mid-Market,Services,Priority Support,1,1458.51,0.086,1333.08,No
ORD-000032,2025-01-04,West,D. Rossi,Mid-Market,Accessories,Webcam HD,4,94.44,0.025,368.32,No
ORD-000033,2025-01-04,South,S. Patel,SMB,Accessories,USB-C Hub,3,26.89,0.078,74.38,No
ORD-000034,2025-01-04,North,A. Chen,Enterprise,Hardware,Falcon Laptop,1,1971.78,0.066,1841.64,No
ORD-000035,2025-01-04,South,M. Okafor,Enterprise,Software,DataLens License,2,309.17,0.057,583.09,No
ORD-000036,2025-01-04,East,L. Nguyen,Enterprise,Accessories,Webcam HD,2,64.71,0.008,128.38,No
ORD-000037,2025-01-04,West,D. Rossi,Enterprise,Accessories,Webcam HD,1,118.73,0.029,115.29,No
ORD-000038,2025-01-04,North,R. Diaz,SMB,Software,SecureGuard License,1,151.87,0.019,148.98,No
ORD-000039,2025-01-05,North,R. Diaz,Mid-Market,Software,DataLens License,1,185.73,0.048,176.81,No
ORD-000040,2025-01-05,North,R. Diaz,SMB,Software,DataLens License,1,199.22,0.038,191.65,Yes
ORD-000041,2025-01-05,West,T. Brooks,SMB,Software,FlowSuite License,1,331.84,0.051,314.92,No
ORD-000042,2025-01-05,South,M. Okafor,Mid-Market,Software,FlowSuite License,1,581.78,0.043,556.76,No
ORD-000043,2025-01-05,South,M. Okafor,Enterprise,Hardware,Nimbus Monitor,3,1497.37,0.136,3881.18,No
ORD-000044,2025-01-05,South,S. Patel,Enterprise,Software,FlowSuite License,2,544.51,0.123,955.07,No
ORD-000045,2025-01-05,West,T. Brooks,SMB,Accessories,Webcam HD,6,34.27,0.023,200.89,No
ORD-000046,2025-01-05,South,M. Okafor,Mid-Market,Accessories,Laptop Sleeve,2,86.71,0.037,167.0,No
ORD-000047,2025-01-06,North,A. Chen,Enterprise,Software,DataLens License,1,563.43,0.223,437.79,No
ORD-000048,2025-01-06,North,R. Diaz,SMB,Accessories,USB-C Hub,3,18.41,0.066,51.58,No
ORD-000049,2025-01-06,West,D. Rossi,Mid-Market,Accessories,Webcam HD,4,91.03,0.104,326.25,No
ORD-000050,2025-01-06,West,T. Brooks,SMB,Software,SecureGuard License,1,265.88,0.036,256.31,No
ORD-000051,2025-01-06,South,M. Okafor,SMB,Accessories,Webcam HD,3,113.62,0.021,333.7,No
ORD-000052,2025-01-06,North,R. Diaz,Enterprise,Hardware,Titan Desktop,1,1338.81,0.191,1083.1,No
ORD-000053,2025-01-06,South,S. Patel,SMB,Software,DataLens License,3,467.96,0.056,1325.26,No
ORD-000054,2025-01-07,South,M. Okafor,SMB,Accessories,Laptop Sleeve,3,94.27,0.033,273.48,No
ORD-000055,2025-01-07,North,R. Diaz,SMB,Accessories,Wireless Mouse,1,20.5,0.017,20.15,No
ORD-000056,2025-01-07,South,M. Okafor,SMB,Accessories,USB-C Hub,3,99.86,0.025,292.09,No
ORD-000057,2025-01-07,North,A. Chen,SMB,Accessories,USB-C Hub,4,100.88,0.074,373.66,No
ORD-000058,2025-01-07,North,R. Diaz,SMB,Accessories,Wireless Mouse,2,111.77,0.006,222.2,No
ORD-000059,2025-01-07,North,A. Chen,Mid-Market,Accessories,USB-C Hub,2,56.18,0.023,109.78,No
ORD-000060,2025-01-07,West,T. Brooks,Mid-Market,Accessories,USB-C Hub,2,69.78,0.055,131.88,No
ORD-000061,2025-01-07,North,A. Chen,Mid-Market,Software,SecureGuard License,2,363.23,0.011,718.47,No
ORD-000062,2025-01-07,West,D. Rossi,SMB,Software,FlowSuite License,1,156.97,0.018,154.14,No
ORD-000063,2025-01-07,South,S. Patel,Enterprise,Accessories,Webcam HD,3,32.42,0.155,82.18,No
ORD-000064,2025-01-08,North,R. Diaz,Enterprise,Accessories,Laptop Sleeve,2,108.53,0.017,213.37,No
ORD-000065,2025-01-08,North,A. Chen,Enterprise,Hardware,Falcon Laptop,1,1038.46,0.199,831.81,No
ORD-000066,2025-01-08,South,M. Okafor,SMB,Accessories,Webcam HD,4,17.93,0.018,70.43,Yes
ORD-000067,2025-01-08,South,M. Okafor,Mid-Market,Hardware,Titan Desktop,1,1223.97,0.05,1162.77,No
ORD-000068,2025-01-08,North,R. Diaz,SMB,Hardware,Falcon Laptop,3,1733.89,0.048,4951.99,No
ORD-000069,2025-01-08,East,J. Kim,SMB,Software,DataLens License,1,403.15,0.012,398.31,No
ORD-000070,2025-01-08,South,M. Okafor,Mid-Market,Hardware,Falcon Laptop,3,1274.04,0.042,3661.59,No
ORD-000071,2025-01-08,North,R. Diaz,SMB,Services,Priority Support,2,1207.94,0.038,2324.08,No
ORD-000072,2025-01-08,West,D. Rossi,Mid-Market,Hardware,Titan Desktop,4,2200.57,0.062,8256.54,No
ORD-000073,2025-01-08,West,D. Rossi,SMB,Hardware,Falcon Laptop,1,1430.48,0.075,1323.19,Yes
ORD-000074,2025-01-08,West,T. Brooks,Mid-Market,Hardware,Nimbus Monitor,1,2039.78,0.071,1894.96,No
ORD-000075,2025-01-08,West,D. Rossi,SMB,Software,FlowSuite License,1,454.62,0.061,426.89,No
ORD-000076,2025-01-09,North,A. Chen,SMB,Software,DataLens License,1,326.03,0.016,320.81,No
ORD-000077,2025-01-09,South,S. Patel,SMB,Software,DataLens License,1,549.32,0.032,531.74,No
ORD-000078,2025-01-09,West,T. Brooks,Mid-Market,Accessories,Laptop Sleeve,1,28.46,0.12,25.04,No
ORD-000079,2025-01-09,North,A. Chen,Mid-Market,Hardware,Titan Desktop,1,2197.53,0.121,1931.63,No
ORD-000080,2025-01-09,North,A. Chen,Enterprise,Accessories,USB-C Hub,2,74.17,0.192,119.86,No
ORD-000081,2025-01-09,West,T. Brooks,Enterprise,Hardware,Nimbus Monitor,1,1381.4,0.24,1049.86,Yes
ORD-000082,2025-01-09,South,S. Patel,SMB,Software,SecureGuard License,5,585.67,0.016,2881.5,No
ORD-000083,2025-01-09,East,J. Kim,SMB,Accessories,Wireless Mouse,3,57.79,0.067,161.75,No
ORD-000084,2025-01-09,South,S. Patel,Enterprise,Hardware,Titan Desktop,1,2275.39,0.072,2111.56,No
ORD-000085,2025-01-09,North,R. Diaz,SMB,Services,Onboarding Package,2,906.19,0.001,1810.57,No
ORD-000086,2025-01-09,North,R. Diaz,Enterprise,Accessories,Laptop Sleeve,3,25.13,0.011,74.56,No
ORD-000087,2025-01-09,South,S. Patel,Enterprise,Software,SecureGuard License,1,507.48,0.135,438.97,No
ORD-000088,2025-01-09,West,D. Rossi,SMB,Hardware,Titan Desktop,1,1653.75,0.078,1524.76,No
ORD-000089,2025-01-09,North,A. Chen,SMB,Accessories,USB-C Hub,1,71.71,0.031,69.49,No
ORD-000090,2025-01-10,North,R. Diaz,Enterprise,Accessories,Webcam HD,4,88.0,0.102,316.1,No
ORD-000091,2025-01-10,West,D. Rossi,SMB,Services,Priority Support,1,958.67,0.015,944.29,No
ORD-000092,2025-01-10,South,S. Patel,SMB,Accessories,Laptop Sleeve,1,54.08,0.077,49.92,No
ORD-000093,2025-01-10,West,D. Rossi,SMB,Software,FlowSuite License,1,177.12,0.06,166.49,No
ORD-000094,2025-01-10,North,R. Diaz,Mid-Market,Software,DataLens License,1,404.33,0.148,344.49,No
ORD-000095,2025-01-10,West,D. Rossi,Enterprise,Services,Onboarding Package,2,1158.63,0.049,2203.71,No
ORD-000096,2025-01-10,South,S. Patel,SMB,Accessories,Wireless Mouse,3,68.76,0.061,193.7,No
ORD-000097,2025-01-10,South,S. Patel,Mid-Market,Software,SecureGuard License,1,331.24,0.058,312.03,No
ORD-000098,2025-01-10,South,S. Patel,Mid-Market,Accessories,Webcam HD,5,102.19,0.045,487.96,No
ORD-000099,2025-01-10,East,J. Kim,SMB,Hardware,Falcon Laptop,3,2317.08,0.038,6687.09,No
ORD-000100,2025-01-10,South,S. Patel,Enterprise,Software,FlowSuite License,1,349.12,0.123,306.18,No
ORD-000101,2025-01-11,West,T. Brooks,SMB,Software,SecureGuard License,2,457.23,0.073,847.7,No
ORD-000102,2025-01-11,West,D. Rossi,SMB,Hardware,Titan Desktop,2,1734.78,0.076,3205.87,No
ORD-000103,2025-01-11,West,D. Rossi,SMB,Software,DataLens License,1,219.22,0.007,217.69,No
ORD-000104,2025-01-12,North,R. Diaz,Mid-Market,Services,Onboarding Package,1,410.23,0.075,379.46,No
ORD-000105,2025-01-12,North,A. Chen,Mid-Market,Services,Custom Training,1,1427.04,0.026,1389.94,No
ORD-000106,2025-01-12,West,T. Brooks,Mid-Market,Software,DataLens License,1,491.85,0.026,479.06,No
ORD-000107,2025-01-12,West,D. Rossi,Mid-Market,Software,SecureGuard License,1,356.83,0.042,341.84,No
ORD-000108,2025-01-12,North,R. Diaz,Enterprise,Software,DataLens License,1,553.1,0.09,503.32,No
ORD-000109,2025-01-13,South,S. Patel,SMB,Hardware,Falcon Laptop,1,1955.43,0.054,1849.84,No
ORD-000110,2025-01-13,West,T. Brooks,Enterprise,Hardware,Nimbus Monitor,6,1492.68,0.156,7558.93,No
ORD-000111,2025-01-13,South,M. Okafor,Mid-Market,Software,DataLens License,3,398.36,0.065,1117.4,No
ORD-000112,2025-01-13,North,A. Chen,SMB,Services,Priority Support,1,1369.95,0.01,1356.25,No
ORD-000113,2025-01-13,South,M. Okafor,Mid-Market,Accessories,Wireless Mouse,1,71.96,0.093,65.27,No
ORD-000114,2025-01-13,West,T. Brooks,Mid-Market,Accessories,USB-C Hub,3,87.92,0.096,238.44,No
ORD-000115,2025-01-13,East,J. Kim,Enterprise,Hardware,Nimbus Monitor,1,1953.08,0.021,1912.07,No
ORD-000116,2025-01-13,West,D. Rossi,Mid-Market,Services,Custom Training,2,1149.66,0.04,2207.35,No
ORD-000117,2025-01-13,South,S. Patel,Mid-Market,Software,SecureGuard License,1,359.42,0.033,347.56,No
ORD-000118,2025-01-14,West,D. Rossi,SMB,Software,SecureGuard License,1,594.44,0.027,578.39,No
ORD-000119,2025-01-14,West,D. Rossi,Mid-Market,Services,Custom Training,1,427.44,0.016,420.6,No
ORD-000120,2025-01-14,South,M. Okafor,SMB,Accessories,Laptop Sleeve,2,59.26,0.068,110.46,No
ORD-000121,2025-01-14,West,T. Brooks,SMB,Hardware,Falcon Laptop,5,2216.81,0.058,10441.18,No
ORD-000122,2025-01-14,North,A. Chen,Enterprise,Hardware,Falcon Laptop,1,2112.36,0.216,1656.09,No
ORD-000123,2025-01-15,West,T. Brooks,SMB,Accessories,Webcam HD,3,83.47,0.037,241.14,Yes
ORD-000124,2025-01-15,East,L. Nguyen,Mid-Market,Accessories,Laptop Sleeve,4,66.95,0.035,258.43,No
ORD-000125,2025-01-15,North,R. Diaz,Enterprise,Services,Priority Support,1,769.33,0.11,684.7,No
ORD-000126,2025-01-15,North,R. Diaz,Mid-Market,Software,SecureGuard License,1,206.76,0.046,197.25,No
ORD-000127,2025-01-15,East,J. Kim,Enterprise,Software,FlowSuite License,1,290.46,0.158,244.57,No
ORD-000128,2025-01-15,South,M. Okafor,Enterprise,Hardware,Falcon Laptop,2,1485.63,0.199,2379.98,No
ORD-000129,2025-01-15,North,R. Diaz,Mid-Market,Accessories,USB-C Hub,4,23.47,0.036,90.5,Yes
ORD-000130,2025-01-16,West,T. Brooks,SMB,Hardware,Titan Desktop,1,1550.2,0.036,1494.39,No
ORD-000131,2025-01-16,South,M. Okafor,Mid-Market,Software,SecureGuard License,1,230.41,0.134,199.54,No
ORD-000132,2025-01-16,West,T. Brooks,Mid-Market,Hardware,Titan Desktop,5,1496.25,0.0,7481.25,No
ORD-000133,2025-01-16,South,S. Patel,SMB,Software,SecureGuard License,1,507.75,0.043,485.92,No
ORD-000134,2025-01-16,North,R. Diaz,Enterprise,Software,DataLens License,1,546.08,0.075,505.12,No
ORD-000135,2025-01-16,West,T. Brooks,Enterprise,Services,Custom Training,1,877.16,0.084,803.48,No
ORD-000136,2025-01-17,West,T. Brooks,Enterprise,Accessories,Webcam HD,3,24.75,0.147,63.34,No
ORD-000137,2025-01-17,South,M. Okafor,SMB,Accessories,Wireless Mouse,3,58.73,0.052,167.03,No
ORD-000138,2025-01-17,West,T. Brooks,SMB,Software,DataLens License,4,230.21,0.041,883.09,No
ORD-000139,2025-01-17,North,A. Chen,Enterprise,Hardware,Nimbus Monitor,1,1473.12,0.013,1453.97,No
ORD-000140,2025-01-17,West,D. Rossi,Enterprise,Hardware,Falcon Laptop,1,1209.39,0.067,1128.36,No
ORD-000141,2025-01-17,North,R. Diaz,Mid-Market,Software,FlowSuite License,1,459.39,0.11,408.86,No
ORD-000142,2025-01-17,West,T. Brooks,Mid-Market,Accessories,Webcam HD,2,56.68,0.003,113.02,No
ORD-000143,2025-01-17,South,M. Okafor,Mid-Market,Software,DataLens License,1,462.4,0.113,410.15,No
ORD-000144,2025-01-17,East,J. Kim,Mid-Market,Software,SecureGuard License,1,294.52,0.117,260.06,No
ORD-000145,2025-01-18,South,M. Okafor,SMB,Software,FlowSuite License,1,261.75,0.021,256.25,No
ORD-000146,2025-01-18,West,D. Rossi,SMB,Hardware,Titan Desktop,1,1497.41,0.04,1437.51,No
ORD-000147,2025-01-18,West,T. Brooks,SMB,Software,DataLens License,1,576.85,0.005,573.97,No
ORD-000148,2025-01-18,South,S. Patel,SMB,Hardware,Nimbus Monitor,5,950.97,0.036,4583.68,No
ORD-000149,2025-01-18,West,T. Brooks,SMB,Software,FlowSuite License,1,551.97,0.055,521.61,No
ORD-000150,2025-01-18,West,D. Rossi,Enterprise,Software,FlowSuite License,1,552.28,0.236,421.94,No
ORD-000151,2025-01-18,East,L. Nguyen,Enterprise,Accessories,Laptop Sleeve,2,50.96,0.247,76.75,No
ORD-000152,2025-01-19,West,T. Brooks,SMB,Software,DataLens License,1,279.14,0.009,276.63,No
ORD-000153,2025-01-19,South,S. Patel,Mid-Market,Accessories,USB-C Hub,2,93.0,0.138,160.33,No
ORD-000154,2025-01-19,South,M. Okafor,Mid-Market,Software,DataLens License,2,387.38,0.135,670.17,No
ORD-000155,2025-01-19,West,D. Rossi,SMB,Hardware,Nimbus Monitor,3,2215.95,0.056,6275.57,No
ORD-000156,2025-01-19,West,D. Rossi,Mid-Market,Hardware,Nimbus Monitor,1,1514.65,0.036,1460.12,No
ORD-000157,2025-01-19,North,R. Diaz,Mid-Market,Accessories,Laptop Sleeve,3,99.56,0.117,263.73,No
ORD-000158,2025-01-19,West,T. Brooks,SMB,Accessories,Webcam HD,5,99.94,0.009,495.2,No
ORD-000159,2025-01-19,West,D. Rossi,SMB,Accessories,Webcam HD,3,119.1,0.077,329.79,Yes
ORD-000160,2025-01-19,West,D. Rossi,Enterprise,Services,Priority Support,1,556.89,0.021,545.2,No
ORD-000161,2025-01-20,West,D. Rossi,SMB,Accessories,Webcam HD,4,101.58,0.003,405.1,No
ORD-000162,2025-01-20,North,R. Diaz,Enterprise,Accessories,Wireless Mouse,4,96.48,0.224,299.47,No
ORD-000163,2025-01-20,West,D. Rossi,SMB,Hardware,Nimbus Monitor,2,2106.77,0.059,3964.94,No
ORD-000164,2025-01-20,West,T. Brooks,SMB,Accessories,USB-C Hub,2,32.0,0.03,62.08,Yes
ORD-000165,2025-01-20,South,S. Patel,Enterprise,Accessories,Wireless Mouse,5,117.89,0.15,501.03,No
ORD-000166,2025-01-20,West,T. Brooks,SMB,Accessories,Webcam HD,1,114.28,0.002,114.05,No
ORD-000167,2025-01-20,West,D. Rossi,SMB,Software,SecureGuard License,1,231.16,0.039,222.14,No
ORD-000168,2025-01-21,West,D. Rossi,Mid-Market,Accessories,USB-C Hub,4,37.7,0.004,150.2,No
ORD-000169,2025-01-21,West,T. Brooks,Mid-Market,Accessories,USB-C Hub,2,17.38,0.127,30.35,No
ORD-000170,2025-01-21,North,A. Chen,SMB,Accessories,Laptop Sleeve,4,110.42,0.079,406.79,No
ORD-000171,2025-01-21,West,D. Rossi,Mid-Market,Accessories,USB-C Hub,2,43.33,0.067,80.85,No
ORD-000172,2025-01-21,North,A. Chen,Mid-Market,Accessories,Wireless Mouse,5,21.93,0.018,107.68,No
ORD-000173,2025-01-21,West,T. Brooks,SMB,Software,FlowSuite License,2,497.27,0.053,941.83,Yes
ORD-000174,2025-01-21,North,A. Chen,Mid-Market,Services,Priority Support,1,550.56,0.06,517.53,No
ORD-000175,2025-01-21,East,J. Kim,Mid-Market,Accessories,Wireless Mouse,2,22.94,0.02,44.96,No
ORD-000176,2025-01-21,East,L. Nguyen,Mid-Market,Hardware,Titan Desktop,2,2341.31,0.057,4415.71,No
ORD-000177,2025-01-21,North,A. Chen,Enterprise,Accessories,Wireless Mouse,2,82.8,0.022,161.96,No
ORD-000178,2025-01-22,West,D. Rossi,Enterprise,Hardware,Titan Desktop,1,1770.07,0.174,1462.08,No
ORD-000179,2025-01-22,North,A. Chen,SMB,Accessories,Webcam HD,5,32.92,0.038,158.35,No
ORD-000180,2025-01-22,South,S. Patel,SMB,Hardware,Nimbus Monitor,1,1057.59,0.026,1030.09,No
ORD-000181,2025-01-22,West,D. Rossi,Mid-Market,Services,Onboarding Package,2,740.44,0.13,1288.37,No
ORD-000182,2025-01-22,West,D. Rossi,Mid-Market,Accessories,Laptop Sleeve,3,40.47,0.086,110.97,No
ORD-000183,2025-01-22,South,M. Okafor,Mid-Market,Accessories,Wireless Mouse,3,112.4,0.108,300.78,No
ORD-000184,2025-01-22,South,S. Patel,Mid-Market,Software,FlowSuite License,1,192.04,0.094,173.99,No
ORD-000185,2025-01-22,West,T. Brooks,SMB,Software,DataLens License,3,570.06,0.024,1669.14,No
ORD-000186,2025-01-23,East,J. Kim,SMB,Services,Onboarding Package,3,1481.23,0.005,4421.47,No
ORD-000187,2025-01-23,South,S. Patel,SMB,Software,DataLens License,2,405.72,0.018,796.83,No
ORD-000188,2025-01-23,West,T. Brooks,Enterprise,Accessories,USB-C Hub,4,70.69,0.028,274.84,No
ORD-000189,2025-01-23,West,T. Brooks,Enterprise,Software,DataLens License,1,281.56,0.214,221.31,No
ORD-000190,2025-01-23,North,R. Diaz,Mid-Market,Accessories,Webcam HD,1,96.14,0.092,87.3,No
ORD-000191,2025-01-23,North,R. Diaz,SMB,Hardware,Nimbus Monitor,1,1690.36,0.008,1676.84,No
ORD-000192,2025-01-24,North,A. Chen,SMB,Accessories,Webcam HD,3,43.25,0.078,119.63,No
ORD-000193,2025-01-24,West,T. Brooks,Mid-Market,Software,SecureGuard License,1,591.49,0.143,506.91,No
ORD-000194,2025-01-24,North,R. Diaz,SMB,Software,DataLens License,1,129.46,0.024,126.35,No
ORD-000195,2025-01-24,West,D. Rossi,Enterprise,Accessories,Webcam HD,1,43.1,0.097,38.92,No
ORD-000196,2025-01-24,East,L. Nguyen,Mid-Market,Software,DataLens License,1,359.2,0.049,341.6,No
ORD-000197,2025-01-24,West,D. Rossi,Enterprise,Accessories,Laptop Sleeve,1,64.06,0.043,61.31,Yes
ORD-000198,2025-01-24,West,D. Rossi,SMB,Software,SecureGuard License,1,126.52,0.057,119.31,No
ORD-000199,2025-01-25,West,D. Rossi,Mid-Market,Services,Onboarding Package,1,435.37,0.107,388.79,No
ORD-000200,2025-01-25,West,T. Brooks,SMB,Services,Priority Support,1,1157.78,0.021,1133.47,No
ORD-000201,2025-01-25,West,D. Rossi,SMB,Accessories,Wireless Mouse,4,115.95,0.069,431.8,No
ORD-000202,2025-01-25,South,M. Okafor,SMB,Software,DataLens License,1,308.93,0.023,301.82,No
ORD-000203,2025-01-25,North,R. Diaz,Mid-Market,Software,DataLens License,1,150.65,0.132,130.76,No
ORD-000204,2025-01-25,North,A. Chen,Enterprise,Accessories,Webcam HD,2,97.09,0.084,177.87,No
ORD-000205,2025-01-25,West,D. Rossi,Enterprise,Services,Custom Training,1,507.74,0.19,411.27,No
ORD-000206,2025-01-25,East,L. Nguyen,SMB,Accessories,USB-C Hub,2,74.13,0.044,141.74,No
ORD-000207,2025-01-25,West,T. Brooks,SMB,Services,Onboarding Package,1,620.94,0.021,607.9,No
ORD-000208,2025-01-25,South,S. Patel,Enterprise,Accessories,Laptop Sleeve,6,45.05,0.06,254.08,No
ORD-000209,2025-01-25,South,S. Patel,Mid-Market,Hardware,Nimbus Monitor,1,1279.26,0.089,1165.41,No
ORD-000210,2025-01-25,West,D. Rossi,Enterprise,Software,DataLens License,4,433.95,0.097,1567.43,No
ORD-000211,2025-01-25,West,D. Rossi,Mid-Market,Accessories,Laptop Sleeve,3,99.61,0.033,288.97,No
ORD-000212,2025-01-26,North,A. Chen,SMB,Accessories,Wireless Mouse,2,20.15,0.054,38.12,No
ORD-000213,2025-01-26,East,L. Nguyen,Mid-Market,Accessories,Wireless Mouse,7,72.9,0.135,441.41,No
ORD-000214,2025-01-26,North,R. Diaz,SMB,Accessories,Webcam HD,1,35.56,0.067,33.18,No
ORD-000215,2025-01-26,North,R. Diaz,Enterprise,Accessories,Wireless Mouse,4,115.36,0.057,435.14,No
ORD-000216,2025-01-26,North,R. Diaz,Mid-Market,Hardware,Falcon Laptop,1,1182.39,0.129,1029.86,No
ORD-000217,2025-01-27,West,T. Brooks,SMB,Services,Priority Support,2,1423.53,0.018,2795.81,No
ORD-000218,2025-01-27,South,S. Patel,Mid-Market,Software,DataLens License,1,141.11,0.023,137.86,No
ORD-000219,2025-01-27,West,D. Rossi,SMB,Accessories,USB-C Hub,4,38.37,0.0,153.48,No
ORD-000220,2025-01-27,South,S. Patel,Mid-Market,Software,DataLens License,1,248.14,0.144,212.41,No
ORD-000221,2025-01-27,West,T. Brooks,SMB,Accessories,Wireless Mouse,3,19.02,0.071,53.01,No
ORD-000222,2025-01-28,West,T. Brooks,SMB,Hardware,Titan Desktop,1,2445.1,0.037,2354.63,No
ORD-000223,2025-01-28,West,D. Rossi,Mid-Market,Hardware,Titan Desktop,4,1098.17,0.078,4050.05,No
ORD-000224,2025-01-28,North,A. Chen,Mid-Market,Software,SecureGuard License,1,173.35,0.098,156.36,No
ORD-000225,2025-01-28,East,L. Nguyen,SMB,Accessories,Wireless Mouse,3,60.28,0.067,168.72,No
ORD-000226,2025-01-29,North,A. Chen,Enterprise,Services,Custom Training,2,1208.32,0.166,2015.48,No
ORD-000227,2025-01-29,West,T. Brooks,SMB,Hardware,Nimbus Monitor,2,935.69,0.05,1777.81,No
ORD-000228,2025-01-29,West,D. Rossi,Enterprise,Hardware,Titan Desktop,1,1723.9,0.099,1553.23,No
ORD-000229,2025-01-29,South,S. Patel,Mid-Market,Software,DataLens License,3,446.7,0.074,1240.93,No
ORD-000230,2025-01-29,South,S. Patel,SMB,Accessories,USB-C Hub,1,112.87,0.006,112.19,No
ORD-000231,2025-01-29,West,D. Rossi,Mid-Market,Software,FlowSuite License,4,524.37,0.014,2068.12,No
ORD-000232,2025-01-29,South,S. Patel,SMB,Software,FlowSuite License,2,220.0,0.052,417.12,No
ORD-000233,2025-01-29,East,J. Kim,Enterprise,Accessories,Wireless Mouse,5,50.46,0.069,234.89,No
ORD-000234,2025-01-30,East,L. Nguyen,SMB,Accessories,Laptop Sleeve,1,24.15,0.035,23.3,No
ORD-000235,2025-01-30,North,A. Chen,Mid-Market,Accessories,Wireless Mouse,5,99.52,0.06,467.74,No
ORD-000236,2025-01-30,East,L. Nguyen,SMB,Accessories,Wireless Mouse,4,69.45,0.035,268.08,No
ORD-000237,2025-01-30,West,D. Rossi,Mid-Market,Accessories,USB-C Hub,6,97.07,0.044,556.79,No
ORD-000238,2025-01-30,North,A. Chen,SMB,Software,SecureGuard License,1,533.65,0.026,519.78,No
ORD-000239,2025-01-30,West,T. Brooks,Mid-Market,Hardware,Falcon Laptop,1,1297.3,0.093,1176.65,No
ORD-000240,2025-01-30,North,A. Chen,SMB,Accessories,Webcam HD,2,51.45,0.016,101.25,No
ORD-000241,2025-01-30,West,D. Rossi,SMB,Services,Priority Support,2,389.95,0.036,751.82,No
ORD-000242,2025-01-30,West,T. Brooks,SMB,Accessories,USB-C Hub,4,95.6,0.008,379.34,No
ORD-000243,2025-01-31,West,D. Rossi,Mid-Market,Services,Custom Training,2,732.75,0.036,1412.74,No
ORD-000244,2025-01-31,East,L. Nguyen,Enterprise,Accessories,Webcam HD,4,16.67,0.13,58.01,No
ORD-000245,2025-01-31,South,S. Patel,Mid-Market,Hardware,Nimbus Monitor,1,2081.78,0.08,1915.24,No
ORD-000246,2025-01-31,South,M. Okafor,Enterprise,Software,SecureGuard License,1,463.14,0.124,405.71,No
ORD-000247,2025-02-01,South,M. Okafor,Enterprise,Software,DataLens License,1,355.55,0.109,316.8,No
ORD-000248,2025-02-01,West,T. Brooks,Mid-Market,Services,Custom Training,3,1015.98,0.036,2938.21,No
ORD-000249,2025-02-01,East,J. Kim,Mid-Market,Hardware,Titan Desktop,1,2356.86,0.12,2074.04,No
ORD-000250,2025-02-01,East,L. Nguyen,Mid-Market,Services,Onboarding Package,1,1208.66,0.113,1072.08,No
ORD-000251,2025-02-01,East,L. Nguyen,SMB,Accessories,USB-C Hub,4,119.29,0.032,461.89,No
ORD-000252,2025-02-01,South,M. Okafor,Enterprise,Accessories,Laptop Sleeve,3,37.52,0.229,86.78,Yes
ORD-000253,2025-02-01,South,M. Okafor,SMB,Software,SecureGuard License,1,334.74,0.04,321.35,No
ORD-000254,2025-02-01,North,A. Chen,Enterprise,Services,Custom Training,1,917.57,0.111,815.72,No
ORD-000255,2025-02-01,North,A. Chen,SMB,Accessories,USB-C Hub,4,16.08,0.043,61.55,No
ORD-000256,2025-02-01,North,A. Chen,Enterprise,Accessories,Wireless Mouse,1,55.45,0.192,44.8,No
ORD-000257,2025-02-02,South,S. Patel,SMB,Hardware,Nimbus Monitor,1,1057.33,0.071,982.26,No
ORD-000258,2025-02-02,South,S. Patel,SMB,Software,SecureGuard License,1,404.79,0.021,396.29,No
ORD-000259,2025-02-02,West,D. Rossi,Mid-Market,Hardware,Falcon Laptop,1,1458.26,0.092,1324.1,No
ORD-000260,2025-02-02,West,D. Rossi,SMB,Accessories,Wireless Mouse,3,74.86,0.058,211.55,No
ORD-000261,2025-02-02,North,A. Chen,SMB,Software,SecureGuard License,2,540.7,0.029,1050.04,No
ORD-000262,2025-02-02,South,M. Okafor,Enterprise,Software,SecureGuard License,1,305.3,0.186,248.51,No
ORD-000263,2025-02-02,North,A. Chen,SMB,Services,Custom Training,3,1316.0,0.018,3876.94,No
ORD-000264,2025-02-03,North,A. Chen,Mid-Market,Hardware,Titan Desktop,3,1976.73,0.099,5343.1,Yes
ORD-000265,2025-02-03,West,D. Rossi,Mid-Market,Hardware,Falcon Laptop,1,2412.28,0.094,2185.53,No
ORD-000266,2025-02-03,West,D. Rossi,SMB,Accessories,USB-C Hub,5,73.24,0.045,349.72,Yes
ORD-000267,2025-02-03,South,S. Patel,Mid-Market,Accessories,Wireless Mouse,3,99.65,0.121,262.78,No
ORD-000268,2025-02-03,North,R. Diaz,Mid-Market,Software,DataLens License,1,212.25,0.018,208.43,No
ORD-000269,2025-02-03,West,T. Brooks,SMB,Accessories,USB-C Hub,6,95.39,0.013,564.9,No
ORD-000270,2025-02-04,North,A. Chen,SMB,Software,SecureGuard License,1,347.37,0.02,340.42,No
ORD-000271,2025-02-04,West,D. Rossi,Mid-Market,Accessories,Laptop Sleeve,4,15.58,0.073,57.77,No
ORD-000272,2025-02-04,South,S. Patel,Enterprise,Software,DataLens License,1,433.92,0.05,412.22,No
ORD-000273,2025-02-04,East,J. Kim,SMB,Accessories,Webcam HD,2,101.21,0.047,192.91,No
ORD-000274,2025-02-04,West,T. Brooks,Mid-Market,Hardware,Falcon Laptop,2,2462.87,0.064,4610.49,No
ORD-000275,2025-02-04,North,R. Diaz,Mid-Market,Hardware,Titan Desktop,1,1047.48,0.063,981.49,No
ORD-000276,2025-02-04,South,M. Okafor,SMB,Software,FlowSuite License,1,525.04,0.008,520.84,No
ORD-000277,2025-02-04,South,M. Okafor,Mid-Market,Accessories,USB-C Hub,4,93.16,0.123,326.81,No
ORD-000278,2025-02-04,North,A. Chen,Enterprise,Accessories,Laptop Sleeve,5,75.37,0.047,359.14,No
ORD-000279,2025-02-04,North,R. Diaz,Mid-Market,Software,SecureGuard License,3,207.55,0.015,613.31,No
ORD-000280,2025-02-05,South,S. Patel,SMB,Services,Custom Training,1,1492.63,0.045,1425.46,No
ORD-000281,2025-02-05,South,M. Okafor,Mid-Market,Hardware,Titan Desktop,3,2001.07,0.056,5667.03,No
ORD-000282,2025-02-05,West,D. Rossi,Enterprise,Services,Priority Support,2,1394.95,0.105,2496.96,No
ORD-000283,2025-02-05,South,S. Patel,Mid-Market,Services,Priority Support,1,354.79,0.138,305.83,No
ORD-000284,2025-02-05,East,L. Nguyen,Enterprise,Services,Custom Training,1,1148.42,0.036,1107.08,No
ORD-000285,2025-02-05,East,L. Nguyen,Mid-Market,Hardware,Falcon Laptop,2,1720.85,0.014,3393.52,Yes
ORD-000286,2025-02-05,West,D. Rossi,SMB,Software,DataLens License,6,301.09,0.059,1699.95,No
ORD-000287,2025-02-05,North,R. Diaz,SMB,Accessories,Laptop Sleeve,2,21.93,0.007,43.55,No
ORD-000288,2025-02-06,North,R. Diaz,SMB,Accessories,Wireless Mouse,1,78.33,0.062,73.47,No
ORD-000289,2025-02-06,East,J. Kim,SMB,Hardware,Titan Desktop,1,2476.89,0.007,2459.55,No
ORD-000290,2025-02-06,East,J. Kim,SMB,Hardware,Titan Desktop,4,2090.6,0.068,7793.76,No
ORD-000291,2025-02-06,West,T. Brooks,SMB,Accessories,Wireless Mouse,2,110.81,0.013,218.74,No
ORD-000292,2025-02-06,West,T. Brooks,SMB,Accessories,Laptop Sleeve,1,86.57,0.047,82.5,No
ORD-000293,2025-02-07,North,R. Diaz,Mid-Market,Software,DataLens License,2,265.61,0.115,470.13,No
ORD-000294,2025-02-07,West,T. Brooks,SMB,Hardware,Nimbus Monitor,1,1042.75,0.052,988.53,No
ORD-000295,2025-02-07,West,T. Brooks,Enterprise,Accessories,USB-C Hub,5,41.53,0.016,204.33,No
ORD-000296,2025-02-07,South,M. Okafor,SMB,Hardware,Falcon Laptop,1,1466.56,0.034,1416.7,No
ORD-000297,2025-02-07,North,R. Diaz,SMB,Software,DataLens License,1,253.88,0.027,247.03,No
ORD-000298,2025-02-07,West,D. Rossi,SMB,Accessories,Laptop Sleeve,2,38.88,0.006,77.29,No
ORD-000299,2025-02-08,North,A. Chen,SMB,Software,FlowSuite License,2,402.84,0.009,798.43,No
ORD-000300,2025-02-08,West,T. Brooks,SMB,Services,Custom Training,1,1154.97,0.033,1116.86,No
ORD-000301,2025-02-08,North,R. Diaz,SMB,Hardware,Falcon Laptop,2,1478.72,0.027,2877.59,No
ORD-000302,2025-02-08,South,M. Okafor,SMB,Software,DataLens License,1,447.71,0.003,446.37,No
ORD-000303,2025-02-08,West,T. Brooks,Mid-Market,Services,Priority Support,1,385.13,0.066,359.71,No
ORD-000304,2025-02-08,South,S. Patel,Enterprise,Accessories,Wireless Mouse,3,23.67,0.136,61.35,No
ORD-000305,2025-02-08,North,R. Diaz,SMB,Services,Custom Training,2,1497.6,0.001,2992.2,No
ORD-000306,2025-02-08,West,D. Rossi,Mid-Market,Software,SecureGuard License,1,420.87,0.069,391.83,No
ORD-000307,2025-02-08,North,A. Chen,Mid-Market,Hardware,Nimbus Monitor,1,2341.81,0.086,2140.41,Yes
ORD-000308,2025-02-08,North,R. Diaz,SMB,Accessories,USB-C Hub,4,97.18,0.024,379.39,No
ORD-000309,2025-02-08,South,S. Patel,Mid-Market,Services,Custom Training,3,1135.86,0.125,2981.63,No
ORD-000310,2025-02-08,West,D. Rossi,Mid-Market,Software,SecureGuard License,1,505.53,0.127,441.33,No
ORD-000311,2025-02-08,North,R. Diaz,Mid-Market,Services,Onboarding Package,2,971.15,0.101,1746.13,No
ORD-000312,2025-02-08,South,S. Patel,Mid-Market,Software,SecureGuard License,2,431.45,0.051,818.89,No
ORD-000313,2025-02-09,South,S. Patel,Enterprise,Software,SecureGuard License,1,234.04,0.152,198.47,No
ORD-000314,2025-02-09,South,S. Patel,Enterprise,Accessories,Webcam HD,4,115.09,0.062,431.82,No
ORD-000315,2025-02-09,North,R. Diaz,SMB,Hardware,Titan Desktop,1,1223.21,0.046,1166.94,No
ORD-000316,2025-02-09,West,D. Rossi,Mid-Market,Services,Priority Support,1,650.49,0.053,616.01,No
ORD-000317,2025-02-09,North,R. Diaz,Mid-Market,Hardware,Titan Desktop,1,1424.51,0.038,1370.38,No
ORD-000318,2025-02-09,South,S. Patel,SMB,Hardware,Nimbus Monitor,2,1397.11,0.034,2699.22,No
ORD-000319,2025-02-10,North,A. Chen,Mid-Market,Accessories,Webcam HD,2,16.66,0.101,29.95,Yes
ORD-000320,2025-02-10,East,L. Nguyen,Mid-Market,Software,DataLens License,1,379.01,0.022,370.67,No
ORD-000321,2025-02-10,North,A. Chen,Mid-Market,Hardware,Falcon Laptop,2,1763.21,0.107,3149.09,No
ORD-000322,2025-02-10,North,R. Diaz,Mid-Market,Accessories,Laptop Sleeve,4,69.26,0.148,236.04,No
ORD-000323,2025-02-10,North,A. Chen,Mid-Market,Hardware,Falcon Laptop,1,1017.91,0.081,935.46,No
ORD-000324,2025-02-10,West,D. Rossi,Enterprise,Software,SecureGuard License,1,440.42,0.177,362.47,No
ORD-000325,2025-02-10,North,R. Diaz,SMB,Hardware,Nimbus Monitor,1,1947.31,0.021,1906.42,No
ORD-000326,2025-02-11,North,R. Diaz,SMB,Accessories,Webcam HD,1,16.02,0.046,15.28,No
ORD-000327,2025-02-11,North,A. Chen,SMB,Software,FlowSuite License,1,325.82,0.021,318.98,No
ORD-000328,2025-02-11,North,R. Diaz,SMB,Accessories,Laptop Sleeve,3,107.82,0.019,317.31,No
ORD-000329,2025-02-11,West,T. Brooks,SMB,Software,FlowSuite License,2,305.59,0.028,594.07,No
ORD-000330,2025-02-11,South,M. Okafor,Enterprise,Services,Custom Training,2,632.88,0.025,1234.12,No
ORD-000331,2025-02-11,West,T. Brooks,Mid-Market,Accessories,Webcam HD,3,54.14,0.086,148.45,No
ORD-000332,2025-02-11,South,M. Okafor,SMB,Software,FlowSuite License,1,365.02,0.072,338.74,No
ORD-000333,2025-02-12,East,L. Nguyen,SMB,Services,Priority Support,1,897.41,0.023,876.77,No
ORD-000334,2025-02-12,South,S. Patel,SMB,Accessories,Wireless Mouse,1,102.34,0.0,102.34,No
ORD-000335,2025-02-12,East,J. Kim,SMB,Services,Custom Training,1,863.82,0.073,800.76,No
ORD-000336,2025-02-12,South,M. Okafor,Mid-Market,Accessories,Wireless Mouse,1,92.29,0.058,86.94,No
ORD-000337,2025-02-12,North,A. Chen,SMB,Services,Custom Training,1,1223.47,0.021,1197.78,No
ORD-000338,2025-02-12,East,L. Nguyen,SMB,Accessories,Laptop Sleeve,3,76.49,0.026,223.5,No
ORD-000339,2025-02-12,West,D. Rossi,SMB,Accessories,USB-C Hub,3,49.43,0.011,146.66,No
ORD-000340,2025-02-13,North,R. Diaz,SMB,Accessories,Laptop Sleeve,3,48.66,0.046,139.26,No
ORD-000341,2025-02-13,North,A. Chen,SMB,Accessories,Wireless Mouse,3,73.48,0.014,217.35,No
ORD-000342,2025-02-13,West,D. Rossi,Enterprise,Accessories,Wireless Mouse,2,36.16,0.051,68.63,No
ORD-000343,2025-02-13,West,T. Brooks,SMB,Software,SecureGuard License,1,141.67,0.046,135.15,No
ORD-000344,2025-02-13,West,T. Brooks,SMB,Accessories,Wireless Mouse,1,103.46,0.027,100.67,No
ORD-000345,2025-02-13,East,J. Kim,Mid-Market,Software,SecureGuard License,5,190.66,0.011,942.81,No
ORD-000346,2025-02-13,North,A. Chen,Mid-Market,Accessories,Wireless Mouse,2,110.1,0.004,219.32,No
ORD-000347,2025-02-13,West,T. Brooks,SMB,Accessories,Laptop Sleeve,2,93.95,0.024,183.39,No
ORD-000348,2025-02-13,North,A. Chen,SMB,Accessories,Wireless Mouse,1,54.33,0.023,53.08,No
ORD-000349,2025-02-13,South,M. Okafor,Enterprise,Accessories,Webcam HD,2,46.77,0.15,79.51,No
ORD-000350,2025-02-13,East,J. Kim,Enterprise,Accessories,Wireless Mouse,3,62.05,0.127,162.51,No
ORD-000351,2025-02-13,North,R. Diaz,Mid-Market,Accessories,Webcam HD,1,72.32,0.118,63.79,Yes
ORD-000352,2025-02-14,North,R. Diaz,SMB,Software,FlowSuite License,3,331.58,0.024,970.87,No
ORD-000353,2025-02-14,North,A. Chen,Enterprise,Hardware,Nimbus Monitor,3,1901.31,0.225,4420.55,No
ORD-000354,2025-02-14,West,T. Brooks,Enterprise,Accessories,USB-C Hub,1,67.31,0.061,63.2,No
ORD-000355,2025-02-14,North,A. Chen,Mid-Market,Software,SecureGuard License,1,573.49,0.073,531.63,No
ORD-000356,2025-02-14,West,T. Brooks,Enterprise,Software,FlowSuite License,1,221.02,0.071,205.33,No
ORD-000357,2025-02-15,North,R. Diaz,Mid-Market,Hardware,Nimbus Monitor,1,2075.48,0.149,1766.23,No
ORD-000358,2025-02-15,East,J. Kim,SMB,Hardware,Nimbus Monitor,2,2362.12,0.018,4639.2,No
ORD-000359,2025-02-15,South,M. Okafor,Mid-Market,Hardware,Titan Desktop,3,1677.74,0.101,4524.86,No
ORD-000360,2025-02-15,West,D. Rossi,SMB,Software,SecureGuard License,2,322.62,0.029,626.53,No
ORD-000361,2025-02-15,North,R. Diaz,Enterprise,Software,FlowSuite License,1,267.98,0.102,240.65,No
ORD-000362,2025-02-15,South,S. Patel,SMB,Accessories,Wireless Mouse,3,119.59,0.019,351.95,No
ORD-000363,2025-02-15,West,T. Brooks,Mid-Market,Accessories,USB-C Hub,3,70.35,0.125,184.67,No
ORD-000364,2025-02-16,North,A. Chen,Enterprise,Accessories,USB-C Hub,5,15.62,0.017,76.77,No
ORD-000365,2025-02-16,North,A. Chen,Mid-Market,Software,DataLens License,1,378.75,0.068,353.0,No
ORD-000366,2025-02-16,North,R. Diaz,SMB,Software,FlowSuite License,1,210.46,0.076,194.47,No
ORD-000367,2025-02-16,South,S. Patel,Enterprise,Services,Custom Training,1,462.76,0.076,427.59,No
ORD-000368,2025-02-16,West,D. Rossi,Mid-Market,Software,FlowSuite License,1,427.78,0.057,403.4,No
ORD-000369,2025-02-16,North,A. Chen,SMB,Software,SecureGuard License,1,430.6,0.016,423.71,No
ORD-000370,2025-02-16,North,A. Chen,Mid-Market,Hardware,Falcon Laptop,1,2317.55,0.12,2039.44,No
ORD-000371,2025-02-16,North,R. Diaz,Mid-Market,Accessories,USB-C Hub,2,21.68,0.052,41.11,No
ORD-000372,2025-02-16,North,R. Diaz,Enterprise,Accessories,Laptop Sleeve,1,99.86,0.072,92.67,No
ORD-000373,2025-02-16,South,S. Patel,Enterprise,Accessories,Wireless Mouse,2,41.81,0.03,81.11,No
ORD-000374,2025-02-16,North,R. Diaz,SMB,Software,DataLens License,1,548.34,0.012,541.76,No
ORD-000375,2025-02-16,North,A. Chen,Enterprise,Hardware,Titan Desktop,2,2263.75,0.205,3599.36,No
ORD-000376,2025-02-16,North,A. Chen,SMB,Software,DataLens License,2,350.43,0.019,687.54,No
ORD-000377,2025-02-17,East,J. Kim,Mid-Market,Accessories,USB-C Hub,2,100.78,0.004,200.75,No
ORD-000378,2025-02-17,South,M. Okafor,Enterprise,Services,Priority Support,2,1407.55,0.245,2125.4,No
ORD-000379,2025-02-17,West,T. Brooks,Mid-Market,Accessories,Wireless Mouse,5,65.81,0.145,281.34,No
ORD-000380,2025-02-17,South,M. Okafor,Enterprise,Accessories,Wireless Mouse,6,114.47,0.1,618.14,No
ORD-000381,2025-02-17,East,J. Kim,Mid-Market,Accessories,USB-C Hub,5,16.62,0.095,75.21,No
ORD-000382,2025-02-17,West,T. Brooks,SMB,Hardware,Titan Desktop,3,1534.61,0.076,4253.94,No
ORD-000383,2025-02-17,West,D. Rossi,Enterprise,Software,DataLens License,2,317.23,0.169,527.24,No
ORD-000384,2025-02-17,West,T. Brooks,Mid-Market,Accessories,Laptop Sleeve,3,42.6,0.11,113.74,No
ORD-000385,2025-02-17,East,J. Kim,SMB,Services,Custom Training,1,678.21,0.028,659.22,No
ORD-000386,2025-02-17,North,A. Chen,Enterprise,Accessories,USB-C Hub,5,66.53,0.211,262.46,No
ORD-000387,2025-02-18,East,J. Kim,SMB,Accessories,Laptop Sleeve,3,20.98,0.002,62.81,No
ORD-000388,2025-02-18,South,M. Okafor,SMB,Hardware,Nimbus Monitor,1,1230.52,0.035,1187.45,No
ORD-000389,2025-02-18,West,T. Brooks,Mid-Market,Hardware,Titan Desktop,1,2078.91,0.099,1873.1,No
ORD-000390,2025-02-18,North,R. Diaz,Mid-Market,Hardware,Nimbus Monitor,1,1642.16,0.025,1601.11,No
ORD-000391,2025-02-18,South,M. Okafor,SMB,Software,FlowSuite License,1,489.91,0.034,473.25,No
ORD-000392,2025-02-18,West,T. Brooks,Mid-Market,Software,FlowSuite License,1,325.09,0.043,311.11,No
ORD-000393,2025-02-18,North,R. Diaz,Enterprise,Hardware,Falcon Laptop,1,1745.08,0.098,1574.06,No
ORD-000394,2025-02-19,West,T. Brooks,SMB,Accessories,Laptop Sleeve,3,89.1,0.028,259.82,No
ORD-000395,2025-02-19,North,R. Diaz,Mid-Market,Accessories,Webcam HD,2,61.22,0.14,105.3,No
ORD-000396,2025-02-19,West,T. Brooks,Mid-Market,Accessories,USB-C Hub,4,91.07,0.021,356.63,No
ORD-000397,2025-02-19,West,T. Brooks,Mid-Market,Accessories,Webcam HD,4,98.03,0.134,339.58,No
ORD-000398,2025-02-19,South,S. Patel,SMB,Accessories,USB-C Hub,2,24.43,0.004,48.66,No
ORD-000399,2025-02-19,North,R. Diaz,Mid-Market,Software,FlowSuite License,1,148.53,0.146,126.84,No
ORD-000400,2025-02-19,West,T. Brooks,SMB,Accessories,Wireless Mouse,2,100.81,0.019,197.79,No
ORD-000401,2025-02-20,West,T. Brooks,Mid-Market,Accessories,Wireless Mouse,5,116.51,0.029,565.66,No
ORD-000402,2025-02-20,West,D. Rossi,Enterprise,Accessories,USB-C Hub,6,22.57,0.027,131.76,No
ORD-000403,2025-02-20,North,A. Chen,SMB,Accessories,Laptop Sleeve,3,105.15,0.038,303.46,No
ORD-000404,2025-02-20,South,S. Patel,Mid-Market,Accessories,Wireless Mouse,2,90.97,0.09,165.57,No
ORD-000405,2025-02-21,North,R. Diaz,Mid-Market,Accessories,Laptop Sleeve,1,96.76,0.081,88.92,No
ORD-000406,2025-02-21,North,R. Diaz,SMB,Hardware,Falcon Laptop,1,2128.85,0.08,1958.54,No
ORD-000407,2025-02-21,South,M. Okafor,Mid-Market,Software,FlowSuite License,2,179.81,0.101,323.3,No
ORD-000408,2025-02-21,West,T. Brooks,Enterprise,Software,SecureGuard License,3,470.89,0.018,1387.24,No
ORD-000409,2025-02-21,West,T. Brooks,SMB,Accessories,Wireless Mouse,4,43.12,0.027,167.82,No
ORD-000410,2025-02-21,South,M. Okafor,Mid-Market,Hardware,Falcon Laptop,2,1445.14,0.024,2820.91,No
ORD-000411,2025-02-22,East,L. Nguyen,Mid-Market,Accessories,USB-C Hub,3,111.82,0.124,293.86,No
ORD-000412,2025-02-22,North,A. Chen,Enterprise,Software,SecureGuard License,1,323.78,0.121,284.6,No
ORD-000413,2025-02-22,West,T. Brooks,Mid-Market,Services,Custom Training,1,1345.55,0.089,1225.8,No
ORD-000414,2025-02-22,West,D. Rossi,Mid-Market,Software,DataLens License,1,420.84,0.019,412.84,No
ORD-000415,2025-02-22,West,D. Rossi,SMB,Services,Priority Support,1,788.86,0.043,754.94,No
ORD-000416,2025-02-22,West,D. Rossi,SMB,Software,SecureGuard License,1,390.71,0.038,375.86,No
ORD-000417,2025-02-22,West,T. Brooks,Enterprise,Accessories,Laptop Sleeve,2,105.33,0.07,195.91,No
ORD-000418,2025-02-22,North,A. Chen,Mid-Market,Accessories,USB-C Hub,3,80.26,0.081,221.28,No
ORD-000419,2025-02-22,North,A. Chen,Enterprise,Services,Custom Training,1,669.25,0.244,505.95,No
ORD-000420,2025-02-22,North,A. Chen,SMB,Hardware,Falcon Laptop,3,1323.86,0.061,3729.31,No
ORD-000421,2025-02-22,West,T. Brooks,Enterprise,Software,FlowSuite License,2,307.32,0.146,524.9,No
ORD-000422,2025-02-22,South,S. Patel,Mid-Market,Hardware,Nimbus Monitor,2,1435.16,0.029,2787.08,No
ORD-000423,2025-02-22,North,R. Diaz,SMB,Hardware,Titan Desktop,2,1506.2,0.034,2909.98,No
ORD-000424,2025-02-23,East,J. Kim,SMB,Hardware,Titan Desktop,2,1659.22,0.014,3271.98,No
ORD-000425,2025-02-23,South,S. Patel,Enterprise,Services,Custom Training,1,1299.8,0.084,1190.62,No
ORD-000426,2025-02-23,North,A. Chen,SMB,Software,DataLens License,1,527.17,0.003,525.59,No
ORD-000427,2025-02-23,West,T. Brooks,Mid-Market,Accessories,Wireless Mouse,3,102.53,0.005,306.05,No
ORD-000428,2025-02-23,East,L. Nguyen,SMB,Hardware,Titan Desktop,1,1855.62,0.07,1725.73,No
ORD-000429,2025-02-23,West,T. Brooks,SMB,Services,Onboarding Package,1,702.59,0.041,673.78,No
ORD-000430,2025-02-23,South,S. Patel,Mid-Market,Hardware,Falcon Laptop,1,2160.84,0.062,2026.87,Yes
ORD-000431,2025-02-23,West,T. Brooks,SMB,Services,Custom Training,1,1225.34,0.045,1170.2,No
ORD-000432,2025-02-23,South,S. Patel,Enterprise,Services,Priority Support,1,1115.62,0.094,1010.75,No
ORD-000433,2025-02-23,West,T. Brooks,SMB,Hardware,Nimbus Monitor,1,1429.46,0.013,1410.88,No
ORD-000434,2025-02-24,North,R. Diaz,Mid-Market,Hardware,Titan Desktop,3,1257.82,0.147,3218.76,No
ORD-000435,2025-02-24,West,T. Brooks,Enterprise,Accessories,Laptop Sleeve,1,87.23,0.211,68.82,No
ORD-000436,2025-02-24,West,D. Rossi,Enterprise,Hardware,Titan Desktop,2,1410.67,0.017,2773.38,No
ORD-000437,2025-02-24,South,S. Patel,SMB,Services,Onboarding Package,2,566.01,0.049,1076.55,No
ORD-000438,2025-02-24,West,T. Brooks,Mid-Market,Accessories,Webcam HD,3,59.05,0.041,169.89,No
ORD-000439,2025-02-24,West,T. Brooks,SMB,Accessories,USB-C Hub,1,98.83,0.01,97.84,Yes
ORD-000440,2025-02-25,North,R. Diaz,Enterprise,Software,FlowSuite License,2,565.47,0.165,944.33,No
ORD-000441,2025-02-25,West,D. Rossi,Mid-Market,Accessories,Wireless Mouse,3,32.84,0.138,84.92,No
ORD-000442,2025-02-25,East,J. Kim,SMB,Accessories,USB-C Hub,3,69.76,0.057,197.35,No
ORD-000443,2025-02-25,North,R. Diaz,SMB,Services,Onboarding Package,2,622.32,0.014,1227.22,No
ORD-000444,2025-02-25,South,S. Patel,Mid-Market,Services,Onboarding Package,5,1229.9,0.114,5448.46,No
ORD-000445,2025-02-25,South,S. Patel,Enterprise,Software,FlowSuite License,1,183.61,0.244,138.81,No
ORD-000446,2025-02-25,West,D. Rossi,Enterprise,Accessories,Laptop Sleeve,6,102.41,0.017,604.01,Yes
ORD-000447,2025-02-25,North,R. Diaz,Enterprise,Software,DataLens License,1,520.48,0.127,454.38,No
ORD-000448,2025-02-26,East,J. Kim,Enterprise,Software,DataLens License,3,592.23,0.011,1757.15,No
ORD-000449,2025-02-26,North,R. Diaz,SMB,Hardware,Titan Desktop,2,2017.43,0.028,3921.88,No
ORD-000450,2025-02-26,West,D. Rossi,Mid-Market,Accessories,Laptop Sleeve,1,24.23,0.05,23.02,No
ORD-000451,2025-02-26,South,S. Patel,SMB,Software,FlowSuite License,1,189.34,0.05,179.87,No
ORD-000452,2025-02-26,South,M. Okafor,Mid-Market,Accessories,Laptop Sleeve,1,43.96,0.146,37.54,No
ORD-000453,2025-02-26,North,R. Diaz,Mid-Market,Accessories,Wireless Mouse,1,60.33,0.037,58.1,No
ORD-000454,2025-02-26,North,A. Chen,SMB,Accessories,USB-C Hub,3,29.64,0.011,87.94,No
ORD-000455,2025-02-26,South,S. Patel,Mid-Market,Software,DataLens License,3,397.85,0.066,1114.78,No
ORD-000456,2025-02-26,North,R. Diaz,SMB,Services,Custom Training,1,706.72,0.08,650.18,No
ORD-000457,2025-02-27,North,A. Chen,Enterprise,Software,FlowSuite License,1,498.52,0.214,391.84,No
ORD-000458,2025-02-27,East,J. Kim,Mid-Market,Software,SecureGuard License,1,420.19,0.062,394.14,No
ORD-000459,2025-02-27,South,S. Patel,SMB,Hardware,Falcon Laptop,1,1088.58,0.018,1068.99,No
ORD-000460,2025-02-27,West,T. Brooks,Enterprise,Accessories,Wireless Mouse,3,62.78,0.072,174.78,No
ORD-000461,2025-02-27,North,R. Diaz,Mid-Market,Services,Onboarding Package,3,1262.75,0.097,3420.79,No
ORD-000462,2025-02-27,South,S. Patel,Mid-Market,Accessories,Wireless Mouse,1,44.58,0.025,43.47,No
ORD-000463,2025-02-27,North,R. Diaz,SMB,Accessories,Wireless Mouse,1,49.1,0.027,47.77,Yes
ORD-000464,2025-02-27,West,D. Rossi,Enterprise,Services,Priority Support,2,883.93,0.02,1732.5,No
ORD-000465,2025-02-27,South,S. Patel,SMB,Hardware,Titan Desktop,1,1940.04,0.046,1850.8,No
ORD-000466,2025-02-27,West,D. Rossi,SMB,Hardware,Titan Desktop,4,1700.91,0.023,6647.16,No
ORD-000467,2025-02-27,North,R. Diaz,SMB,Hardware,Titan Desktop,1,1545.39,0.069,1438.76,No
ORD-000468,2025-02-27,North,A. Chen,SMB,Hardware,Nimbus Monitor,2,1867.12,0.037,3596.07,No
ORD-000469,2025-02-28,South,S. Patel,SMB,Software,DataLens License,1,172.96,0.06,162.58,No
ORD-000470,2025-02-28,South,S. Patel,Enterprise,Software,FlowSuite License,1,127.59,0.18,104.62,No
ORD-000471,2025-02-28,North,R. Diaz,SMB,Hardware,Falcon Laptop,1,2351.84,0.03,2281.28,No
ORD-000472,2025-02-28,East,L. Nguyen,Enterprise,Software,SecureGuard License,2,300.02,0.162,502.83,No
ORD-000473,2025-02-28,North,R. Diaz,SMB,Services,Priority Support,1,1199.49,0.05,1139.52,Yes
ORD-000474,2025-02-28,West,T. Brooks,SMB,Software,DataLens License,2,361.23,0.045,689.95,No
ORD-000475,2025-03-01,West,D. Rossi,SMB,Hardware,Nimbus Monitor,3,2497.31,0.04,7192.25,No
ORD-000476,2025-03-01,East,L. Nguyen,SMB,Software,SecureGuard License,3,391.73,0.064,1099.98,No
ORD-000477,2025-03-01,East,J. Kim,SMB,Software,DataLens License,4,313.17,0.037,1206.33,No
ORD-000478,2025-03-02,East,L. Nguyen,Mid-Market,Services,Priority Support,1,625.27,0.03,606.51,No
ORD-000479,2025-03-02,East,J. Kim,SMB,Accessories,Wireless Mouse,2,23.36,0.028,45.41,Yes
ORD-000480,2025-03-02,North,R. Diaz,Mid-Market,Services,Onboarding Package,1,1396.75,0.04,1340.88,No
ORD-000481,2025-03-02,West,T. Brooks,SMB,Software,FlowSuite License,2,547.8,0.023,1070.4,Yes
ORD-000482,2025-03-02,North,R. Diaz,Enterprise,Software,DataLens License,1,556.29,0.229,428.9,No
ORD-000483,2025-03-02,North,R. Diaz,Enterprise,Services,Custom Training,3,404.89,0.039,1167.3,Yes
ORD-000484,2025-03-02,East,J. Kim,Mid-Market,Accessories,USB-C Hub,1,92.39,0.071,85.83,No
ORD-000485,2025-03-02,West,D. Rossi,Mid-Market,Services,Onboarding Package,1,450.33,0.124,394.49,No
ORD-000486,2025-03-02,North,R. Diaz,SMB,Accessories,Wireless Mouse,2,51.35,0.058,96.74,No
ORD-000487,2025-03-03,South,S. Patel,Enterprise,Accessories,Wireless Mouse,2,41.05,0.125,71.84,Yes
ORD-000488,2025-03-03,East,J. Kim,Mid-Market,Hardware,Titan Desktop,2,2241.3,0.088,4088.13,No
ORD-000489,2025-03-03,East,J. Kim,Mid-Market,Accessories,Webcam HD,1,117.78,0.06,110.71,No
ORD-000490,2025-03-03,North,R. Diaz,Enterprise,Accessories,USB-C Hub,2,50.1,0.111,89.08,No
ORD-000491,2025-03-03,West,D. Rossi,SMB,Software,FlowSuite License,1,481.23,0.054,455.24,No
ORD-000492,2025-03-04,North,A. Chen,SMB,Accessories,Wireless Mouse,4,56.9,0.063,213.26,No
ORD-000493,2025-03-04,West,T. Brooks,SMB,Software,FlowSuite License,1,215.46,0.013,212.66,No
ORD-000494,2025-03-04,West,T. Brooks,SMB,Accessories,Webcam HD,4,82.21,0.007,326.54,No
ORD-000495,2025-03-04,West,T. Brooks,SMB,Hardware,Titan Desktop,3,1856.72,0.017,5475.47,No
ORD-000496,2025-03-04,West,D. Rossi,SMB,Accessories,Webcam HD,1,15.22,0.057,14.35,Yes
ORD-000497,2025-03-05,East,L. Nguyen,Mid-Market,Hardware,Falcon Laptop,2,1433.96,0.022,2804.83,No
ORD-000498,2025-03-05,South,S. Patel,Mid-Market,Accessories,Webcam HD,4,93.92,0.076,347.13,No
ORD-000499,2025-03-05,West,D. Rossi,SMB,Services,Custom Training,1,832.63,0.035,803.49,No
ORD-000500,2025-03-05,North,A. Chen,SMB,Hardware,Nimbus Monitor,3,1466.26,0.063,4121.66,No
ORD-000501,2025-03-05,South,S. Patel,Mid-Market,Software,FlowSuite License,2,463.63,0.137,800.23,No
ORD-000502,2025-03-05,East,L. Nguyen,SMB,Hardware,Falcon Laptop,1,1443.61,0.001,1442.17,No
ORD-000503,2025-03-05,North,A. Chen,Mid-Market,Software,SecureGuard License,2,306.09,0.018,601.16,No
ORD-000504,2025-03-05,West,T. Brooks,Enterprise,Software,DataLens License,4,171.92,0.126,601.03,No
ORD-000505,2025-03-05,West,T. Brooks,Mid-Market,Hardware,Nimbus Monitor,1,1198.05,0.08,1102.21,No
ORD-000506,2025-03-06,West,T. Brooks,Mid-Market,Services,Onboarding Package,1,1410.35,0.12,1241.11,No
ORD-000507,2025-03-06,North,R. Diaz,SMB,Accessories,Webcam HD,3,74.44,0.024,217.96,No
ORD-000508,2025-03-06,East,L. Nguyen,Mid-Market,Accessories,USB-C Hub,3,83.72,0.017,246.89,No
ORD-000509,2025-03-06,West,D. Rossi,SMB,Services,Custom Training,1,975.08,0.028,947.78,No
ORD-000510,2025-03-06,West,D. Rossi,Enterprise,Accessories,Laptop Sleeve,7,46.34,0.122,284.81,No
ORD-000511,2025-03-06,North,A. Chen,Mid-Market,Accessories,Laptop Sleeve,6,42.59,0.036,246.34,No
ORD-000512,2025-03-06,West,D. Rossi,SMB,Services,Priority Support,1,1213.38,0.061,1139.36,No
ORD-000513,2025-03-07,North,R. Diaz,Mid-Market,Hardware,Titan Desktop,2,1728.1,0.059,3252.28,No
ORD-000514,2025-03-07,South,S. Patel,Mid-Market,Software,DataLens License,1,321.19,0.07,298.71,Yes
ORD-000515,2025-03-07,North,A. Chen,SMB,Software,FlowSuite License,1,450.34,0.029,437.28,No
ORD-000516,2025-03-07,West,T. Brooks,Mid-Market,Software,FlowSuite License,2,142.15,0.132,246.77,No
ORD-000517,2025-03-07,North,R. Diaz,Mid-Market,Hardware,Falcon Laptop,1,2353.74,0.141,2021.86,No
ORD-000518,2025-03-07,West,D. Rossi,Mid-Market,Services,Custom Training,1,1323.76,0.097,1195.36,No
ORD-000519,2025-03-07,East,J. Kim,Enterprise,Services,Custom Training,1,555.88,0.208,440.26,No
ORD-000520,2025-03-08,South,M. Okafor,Mid-Market,Services,Onboarding Package,2,865.28,0.038,1664.8,No
ORD-000521,2025-03-08,North,A. Chen,Mid-Market,Software,SecureGuard License,1,252.16,0.057,237.79,No
ORD-000522,2025-03-08,East,L. Nguyen,Enterprise,Accessories,Webcam HD,1,31.95,0.044,30.54,No
ORD-000523,2025-03-08,East,L. Nguyen,SMB,Accessories,USB-C Hub,4,105.07,0.02,411.87,No
ORD-000524,2025-03-08,South,M. Okafor,SMB,Accessories,Wireless Mouse,3,74.12,0.006,221.03,No
ORD-000525,2025-03-08,South,S. Patel,Mid-Market,Services,Onboarding Package,1,1037.79,0.088,946.46,No
ORD-000526,2025-03-09,South,M. Okafor,Enterprise,Services,Onboarding Package,1,1494.02,0.098,1347.61,No
ORD-000527,2025-03-09,North,R. Diaz,SMB,Accessories,Laptop Sleeve,4,74.85,0.048,285.03,No
ORD-000528,2025-03-09,West,T. Brooks,Mid-Market,Accessories,Webcam HD,4,111.17,0.124,389.54,No
ORD-000529,2025-03-09,West,D. Rossi,Mid-Market,Hardware,Falcon Laptop,2,1182.12,0.134,2047.43,No
ORD-000530,2025-03-09,North,A. Chen,Mid-Market,Accessories,USB-C Hub,4,40.07,0.143,137.36,No
ORD-000531,2025-03-09,West,D. Rossi,Enterprise,Accessories,Laptop Sleeve,1,109.41,0.127,95.51,No
ORD-000532,2025-03-09,North,A. Chen,Enterprise,Accessories,Webcam HD,3,68.28,0.109,182.51,No
ORD-000533,2025-03-09,North,A. Chen,SMB,Software,FlowSuite License,1,252.61,0.069,235.18,No
ORD-000534,2025-03-09,West,D. Rossi,SMB,Hardware,Falcon Laptop,1,2139.08,0.051,2029.99,Yes
ORD-000535,2025-03-10,South,S. Patel,Mid-Market,Services,Custom Training,1,645.06,0.013,636.67,No
ORD-000536,2025-03-10,West,T. Brooks,SMB,Accessories,Laptop Sleeve,2,40.08,0.014,79.04,No
ORD-000537,2025-03-10,West,D. Rossi,Mid-Market,Services,Custom Training,2,449.89,0.047,857.49,No
ORD-000538,2025-03-10,North,R. Diaz,SMB,Accessories,Wireless Mouse,3,40.96,0.076,113.54,Yes
ORD-000539,2025-03-10,North,R. Diaz,Mid-Market,Accessories,USB-C Hub,3,74.16,0.02,218.03,Yes
ORD-000540,2025-03-10,West,D. Rossi,Enterprise,Software,FlowSuite License,2,190.68,0.113,338.27,Yes
ORD-000541,2025-03-10,South,M. Okafor,Mid-Market,Accessories,Wireless Mouse,5,110.75,0.017,544.34,No
ORD-000542,2025-03-10,West,T. Brooks,Mid-Market,Accessories,USB-C Hub,4,22.43,0.1,80.75,No
ORD-000543,2025-03-11,West,T. Brooks,SMB,Services,Custom Training,1,1103.86,0.073,1023.28,No
ORD-000544,2025-03-11,East,J. Kim,SMB,Services,Custom Training,2,538.8,0.047,1026.95,No
ORD-000545,2025-03-11,West,T. Brooks,Enterprise,Accessories,Wireless Mouse,4,102.47,0.009,406.19,No
ORD-000546,2025-03-11,North,R. Diaz,SMB,Software,FlowSuite License,1,170.58,0.078,157.27,No
ORD-000547,2025-03-11,West,D. Rossi,Enterprise,Accessories,USB-C Hub,4,55.69,0.139,191.8,Yes
ORD-000548,2025-03-11,West,D. Rossi,Mid-Market,Accessories,Wireless Mouse,1,52.21,0.107,46.62,No
ORD-000549,2025-03-11,West,T. Brooks,SMB,Accessories,Laptop Sleeve,4,86.62,0.021,339.2,No
ORD-000550,2025-03-12,South,S. Patel,Mid-Market,Software,SecureGuard License,3,441.26,0.04,1270.83,No
ORD-000551,2025-03-12,West,D. Rossi,Mid-Market,Accessories,USB-C Hub,2,24.89,0.04,47.79,No
ORD-000552,2025-03-12,East,J. Kim,Enterprise,Accessories,Webcam HD,3,88.63,0.162,222.82,No
ORD-000553,2025-03-12,East,J. Kim,Enterprise,Accessories,Webcam HD,4,80.12,0.215,251.58,No
ORD-000554,2025-03-12,North,A. Chen,Mid-Market,Services,Custom Training,4,1428.69,0.102,5131.85,No
ORD-000555,2025-03-12,West,T. Brooks,Mid-Market,Services,Onboarding Package,1,948.11,0.056,895.02,No
ORD-000556,2025-03-12,South,M. Okafor,Mid-Market,Services,Custom Training,1,1234.58,0.129,1075.32,No
ORD-000557,2025-03-12,West,D. Rossi,SMB,Software,DataLens License,1,278.27,0.072,258.23,No
ORD-000558,2025-03-12,South,S. Patel,SMB,Accessories,Laptop Sleeve,6,105.23,0.038,607.39,No
ORD-000559,2025-03-12,East,J. Kim,SMB,Accessories,USB-C Hub,3,70.17,0.037,202.72,No
ORD-000560,2025-03-12,West,D. Rossi,Mid-Market,Accessories,USB-C Hub,4,97.04,0.065,362.93,No
ORD-000561,2025-03-12,West,T. Brooks,Enterprise,Hardware,Titan Desktop,1,1108.02,0.124,970.63,No
ORD-000562,2025-03-12,West,D. Rossi,Mid-Market,Services,Onboarding Package,2,885.73,0.01,1753.75,No
ORD-000563,2025-03-13,East,J. Kim,SMB,Accessories,USB-C Hub,2,36.81,0.001,73.55,No
ORD-000564,2025-03-13,North,R. Diaz,Enterprise,Software,SecureGuard License,3,202.53,0.029,589.97,No
ORD-000565,2025-03-13,South,M. Okafor,SMB,Hardware,Falcon Laptop,2,1156.08,0.055,2184.99,No
ORD-000566,2025-03-13,West,D. Rossi,Mid-Market,Accessories,USB-C Hub,3,87.86,0.091,239.59,No
ORD-000567,2025-03-13,South,S. Patel,Enterprise,Accessories,USB-C Hub,6,117.15,0.162,589.03,No
ORD-000568,2025-03-13,South,S. Patel,Mid-Market,Accessories,USB-C Hub,5,31.97,0.121,140.51,No
ORD-000569,2025-03-13,West,D. Rossi,SMB,Software,FlowSuite License,2,218.04,0.054,412.53,No
ORD-000570,2025-03-13,South,M. Okafor,Mid-Market,Accessories,Laptop Sleeve,3,107.06,0.132,278.78,No
ORD-000571,2025-03-13,North,R. Diaz,Mid-Market,Software,SecureGuard License,1,482.56,0.087,440.58,No
ORD-000572,2025-03-14,West,D. Rossi,SMB,Services,Custom Training,1,1071.69,0.043,1025.61,No
ORD-000573,2025-03-14,North,A. Chen,SMB,Software,SecureGuard License,3,259.42,0.074,720.67,No
ORD-000574,2025-03-14,West,D. Rossi,SMB,Services,Custom Training,1,339.46,0.016,334.03,No
ORD-000575,2025-03-14,East,L. Nguyen,SMB,Hardware,Titan Desktop,1,1375.93,0.051,1305.76,No
ORD-000576,2025-03-14,East,J. Kim,Enterprise,Hardware,Nimbus Monitor,3,1711.56,0.12,4518.52,No
ORD-000577,2025-03-14,East,L. Nguyen,SMB,Services,Priority Support,1,567.72,0.025,553.53,No
ORD-000578,2025-03-15,East,L. Nguyen,Mid-Market,Accessories,USB-C Hub,6,50.34,0.082,277.27,No
ORD-000579,2025-03-15,South,M. Okafor,SMB,Services,Custom Training,1,1280.32,0.041,1227.83,No
ORD-000580,2025-03-15,North,R. Diaz,SMB,Accessories,USB-C Hub,1,47.11,0.026,45.89,No
ORD-000581,2025-03-15,East,J. Kim,SMB,Hardware,Falcon Laptop,2,1855.56,0.078,3421.65,No
ORD-000582,2025-03-15,West,D. Rossi,SMB,Hardware,Nimbus Monitor,3,1056.17,0.022,3098.8,No
ORD-000583,2025-03-15,East,L. Nguyen,SMB,Hardware,Nimbus Monitor,2,1718.26,0.038,3305.93,No
ORD-000584,2025-03-15,West,D. Rossi,Mid-Market,Accessories,USB-C Hub,4,36.64,0.139,126.19,No
ORD-000585,2025-03-15,North,A. Chen,SMB,Services,Onboarding Package,3,550.23,0.0,1650.69,No
ORD-000586,2025-03-15,South,S. Patel,SMB,Services,Priority Support,1,527.45,0.037,507.93,No
ORD-000587,2025-03-15,South,S. Patel,Mid-Market,Accessories,Webcam HD,7,73.38,0.134,444.83,No
ORD-000588,2025-03-15,South,S. Patel,SMB,Accessories,Wireless Mouse,2,109.84,0.01,217.48,No
ORD-000589,2025-03-15,North,A. Chen,SMB,Services,Onboarding Package,2,564.12,0.055,1066.19,No
ORD-000590,2025-03-15,South,M. Okafor,Mid-Market,Software,DataLens License,1,371.33,0.002,370.59,No
ORD-000591,2025-03-15,East,L. Nguyen,SMB,Accessories,USB-C Hub,3,24.25,0.025,70.93,No
ORD-000592,2025-03-16,North,R. Diaz,Mid-Market,Software,SecureGuard License,1,160.97,0.054,152.28,No
ORD-000593,2025-03-16,North,A. Chen,SMB,Accessories,USB-C Hub,5,103.01,0.035,497.02,No
ORD-000594,2025-03-16,North,A. Chen,SMB,Software,DataLens License,1,520.57,0.043,498.19,No
ORD-000595,2025-03-16,North,R. Diaz,SMB,Hardware,Titan Desktop,1,1953.57,0.06,1836.36,No
ORD-000596,2025-03-16,North,R. Diaz,Mid-Market,Hardware,Falcon Laptop,1,1556.28,0.143,1333.73,No
ORD-000597,2025-03-16,West,D. Rossi,SMB,Software,FlowSuite License,3,209.37,0.045,599.85,No
ORD-000598,2025-03-16,West,D. Rossi,SMB,Software,SecureGuard License,1,447.24,0.076,413.25,No
ORD-000599,2025-03-16,West,D. Rossi,Enterprise,Software,SecureGuard License,2,281.26,0.196,452.27,No
ORD-000600,2025-03-16,West,T. Brooks,Mid-Market,Hardware,Falcon Laptop,1,1826.05,0.147,1557.62,No
ORD-000601,2025-03-16,East,J. Kim,SMB,Services,Onboarding Package,1,1230.38,0.046,1173.78,No
ORD-000602,2025-03-16,North,A. Chen,SMB,Accessories,Wireless Mouse,4,42.63,0.04,163.7,No
ORD-000603,2025-03-16,East,J. Kim,SMB,Services,Custom Training,2,502.21,0.031,973.28,No
ORD-000604,2025-03-16,East,L. Nguyen,Mid-Market,Services,Onboarding Package,1,952.44,0.144,815.29,No
ORD-000605,2025-03-16,East,L. Nguyen,Mid-Market,Accessories,USB-C Hub,1,57.58,0.04,55.28,No
ORD-000606,2025-03-17,North,R. Diaz,Mid-Market,Services,Custom Training,3,825.33,0.102,2223.44,No
ORD-000607,2025-03-17,West,T. Brooks,Mid-Market,Software,SecureGuard License,1,501.37,0.117,442.71,No
ORD-000608,2025-03-17,North,R. Diaz,Mid-Market,Hardware,Titan Desktop,1,988.98,0.012,977.11,No
ORD-000609,2025-03-17,South,M. Okafor,SMB,Software,DataLens License,1,394.47,0.011,390.13,No
ORD-000610,2025-03-17,East,J. Kim,SMB,Services,Onboarding Package,1,315.56,0.062,296.0,No
ORD-000611,2025-03-17,West,D. Rossi,SMB,Services,Onboarding Package,2,1229.71,0.024,2400.39,No
ORD-000612,2025-03-17,South,M. Okafor,Mid-Market,Services,Custom Training,1,1271.44,0.008,1261.27,No
ORD-000613,2025-03-17,West,D. Rossi,SMB,Accessories,Laptop Sleeve,3,78.2,0.074,217.24,No
ORD-000614,2025-03-17,West,T. Brooks,SMB,Accessories,USB-C Hub,1,20.62,0.051,19.57,No
ORD-000615,2025-03-17,North,R. Diaz,SMB,Services,Custom Training,4,1138.79,0.03,4418.51,No
ORD-000616,2025-03-18,South,S. Patel,SMB,Accessories,Wireless Mouse,3,79.09,0.015,233.71,No
ORD-000617,2025-03-18,South,M. Okafor,Mid-Market,Services,Onboarding Package,1,774.31,0.13,673.65,No
ORD-000618,2025-03-18,East,J. Kim,SMB,Accessories,Laptop Sleeve,3,118.44,0.075,328.67,No
ORD-000619,2025-03-18,South,S. Patel,SMB,Hardware,Falcon Laptop,1,1434.7,0.036,1383.05,Yes
ORD-000620,2025-03-18,West,T. Brooks,Enterprise,Services,Custom Training,1,1114.96,0.122,978.93,No
ORD-000621,2025-03-18,West,T. Brooks,Mid-Market,Accessories,Webcam HD,1,67.9,0.026,66.13,No
ORD-000622,2025-03-19,South,S. Patel,Mid-Market,Software,SecureGuard License,2,154.65,0.022,302.5,No
ORD-000623,2025-03-19,West,D. Rossi,SMB,Accessories,Laptop Sleeve,2,71.36,0.001,142.58,No
ORD-000624,2025-03-19,East,J. Kim,Mid-Market,Accessories,Laptop Sleeve,1,104.89,0.133,90.94,No
ORD-000625,2025-03-19,North,R. Diaz,Mid-Market,Services,Onboarding Package,1,1381.99,0.066,1290.78,No
ORD-000626,2025-03-19,West,D. Rossi,Mid-Market,Software,SecureGuard License,1,583.93,0.068,544.22,No
ORD-000627,2025-03-19,East,J. Kim,Mid-Market,Hardware,Nimbus Monitor,3,2360.76,0.026,6898.14,No
ORD-000628,2025-03-20,West,T. Brooks,Mid-Market,Hardware,Falcon Laptop,1,1962.59,0.048,1868.39,No
ORD-000629,2025-03-20,South,S. Patel,SMB,Software,FlowSuite License,1,398.44,0.078,367.36,No
ORD-000630,2025-03-20,North,A. Chen,SMB,Software,SecureGuard License,1,178.54,0.053,169.08,No
ORD-000631,2025-03-20,North,A. Chen,SMB,Accessories,USB-C Hub,3,58.53,0.021,171.9,No
ORD-000632,2025-03-20,North,R. Diaz,SMB,Accessories,Wireless Mouse,4,87.63,0.043,335.45,No
ORD-000633,2025-03-20,South,M. Okafor,Mid-Market,Accessories,USB-C Hub,2,98.75,0.138,170.25,No
ORD-000634,2025-03-20,East,J. Kim,Mid-Market,Software,FlowSuite License,2,367.29,0.078,677.28,Yes
ORD-000635,2025-03-20,West,T. Brooks,Mid-Market,Software,FlowSuite License,1,593.26,0.017,583.17,No
ORD-000636,2025-03-20,East,L. Nguyen,SMB,Services,Custom Training,2,705.08,0.041,1352.34,No
ORD-000637,2025-03-20,South,M. Okafor,Mid-Market,Hardware,Falcon Laptop,2,2120.1,0.04,4070.59,No
ORD-000638,2025-03-20,South,M. Okafor,Mid-Market,Accessories,USB-C Hub,3,48.36,0.146,123.9,No
ORD-000639,2025-03-21,East,L. Nguyen,SMB,Accessories,Laptop Sleeve,5,34.7,0.072,161.01,Yes
ORD-000640,2025-03-21,West,T. Brooks,SMB,Software,SecureGuard License,1,486.32,0.057,458.6,No
ORD-000641,2025-03-21,South,S. Patel,SMB,Hardware,Nimbus Monitor,2,996.92,0.068,1858.26,No
ORD-000642,2025-03-21,South,M. Okafor,Enterprise,Accessories,Webcam HD,1,66.44,0.055,62.79,Yes
ORD-000643,2025-03-21,East,L. Nguyen,Mid-Market,Software,SecureGuard License,6,379.27,0.013,2246.04,No
ORD-000644,2025-03-21,East,J. Kim,Mid-Market,Software,SecureGuard License,1,401.02,0.09,364.93,No
ORD-000645,2025-03-21,East,J. Kim,Mid-Market,Hardware,Falcon Laptop,4,2499.77,0.088,9119.16,No
ORD-000646,2025-03-21,South,M. Okafor,SMB,Software,DataLens License,1,557.54,0.056,526.32,No
ORD-000647,2025-03-21,South,S. Patel,Mid-Market,Services,Onboarding Package,1,1003.97,0.089,914.62,No
ORD-000648,2025-03-22,West,T. Brooks,SMB,Software,FlowSuite License,1,124.69,0.022,121.95,No
ORD-000649,2025-03-22,West,D. Rossi,SMB,Services,Onboarding Package,1,1172.22,0.045,1119.47,No
ORD-000650,2025-03-22,East,L. Nguyen,SMB,Accessories,Laptop Sleeve,2,97.26,0.002,194.13,No
ORD-000651,2025-03-22,South,M. Okafor,Mid-Market,Hardware,Titan Desktop,1,2188.81,0.131,1902.08,No
ORD-000652,2025-03-23,South,M. Okafor,Mid-Market,Hardware,Falcon Laptop,2,2442.09,0.057,4605.78,No
ORD-000653,2025-03-23,West,D. Rossi,Enterprise,Services,Priority Support,1,325.94,0.096,294.65,No
ORD-000654,2025-03-23,North,R. Diaz,SMB,Hardware,Titan Desktop,1,1210.16,0.034,1169.01,No
ORD-000655,2025-03-23,East,J. Kim,SMB,Software,FlowSuite License,1,345.2,0.066,322.42,No
ORD-000656,2025-03-23,West,T. Brooks,Mid-Market,Services,Priority Support,1,1382.52,0.014,1363.16,No
ORD-000657,2025-03-23,North,R. Diaz,Mid-Market,Hardware,Titan Desktop,1,1169.13,0.138,1007.79,No
ORD-000658,2025-03-23,West,T. Brooks,SMB,Hardware,Titan Desktop,4,1820.35,0.065,6808.11,Yes
ORD-000659,2025-03-24,North,R. Diaz,SMB,Accessories,Wireless Mouse,3,34.4,0.073,95.67,No
ORD-000660,2025-03-24,North,A. Chen,Enterprise,Accessories,Webcam HD,2,83.22,0.129,144.97,No
ORD-000661,2025-03-24,West,T. Brooks,SMB,Software,SecureGuard License,2,519.98,0.009,1030.6,No
ORD-000662,2025-03-24,East,J. Kim,Enterprise,Hardware,Falcon Laptop,2,1633.42,0.147,2786.61,No
ORD-000663,2025-03-24,North,R. Diaz,SMB,Services,Onboarding Package,2,1265.51,0.031,2452.56,No
ORD-000664,2025-03-24,West,D. Rossi,Mid-Market,Accessories,USB-C Hub,3,42.8,0.066,119.93,No
ORD-000665,2025-03-24,East,J. Kim,Mid-Market,Accessories,Wireless Mouse,5,46.25,0.108,206.28,Yes
ORD-000666,2025-03-24,West,T. Brooks,Enterprise,Accessories,Wireless Mouse,1,25.84,0.081,23.75,Yes
ORD-000667,2025-03-24,West,D. Rossi,Mid-Market,Accessories,Wireless Mouse,1,27.68,0.07,25.74,Yes
ORD-000668,2025-03-24,West,D. Rossi,SMB,Accessories,Laptop Sleeve,3,70.1,0.053,199.15,No
ORD-000669,2025-03-25,South,M. Okafor,Mid-Market,Hardware,Falcon Laptop,1,1171.17,0.026,1140.72,No
ORD-000670,2025-03-25,South,S. Patel,Mid-Market,Software,SecureGuard License,1,578.66,0.029,561.88,No
ORD-000671,2025-03-25,East,L. Nguyen,SMB,Hardware,Falcon Laptop,1,1941.72,0.027,1889.29,No
ORD-000672,2025-03-25,West,T. Brooks,Mid-Market,Software,DataLens License,3,389.1,0.06,1097.26,No
ORD-000673,2025-03-25,South,S. Patel,SMB,Software,FlowSuite License,1,464.12,0.053,439.52,No
ORD-000674,2025-03-25,East,L. Nguyen,Enterprise,Hardware,Titan Desktop,3,1690.14,0.12,4461.97,No
ORD-000675,2025-03-25,South,M. Okafor,SMB,Accessories,USB-C Hub,2,25.47,0.066,47.58,No
ORD-000676,2025-03-25,West,T. Brooks,Mid-Market,Accessories,Wireless Mouse,2,59.43,0.043,113.75,No
ORD-000677,2025-03-25,West,T. Brooks,SMB,Services,Priority Support,2,1033.85,0.06,1943.64,No
ORD-000678,2025-03-25,West,D. Rossi,SMB,Software,SecureGuard License,1,558.32,0.053,528.73,No
ORD-000679,2025-03-26,West,T. Brooks,SMB,Accessories,USB-C Hub,4,80.93,0.05,307.53,No
ORD-000680,2025-03-26,North,A. Chen,SMB,Accessories,Laptop Sleeve,3,103.14,0.062,290.24,No
ORD-000681,2025-03-26,West,D. Rossi,Mid-Market,Services,Priority Support,2,1467.3,0.073,2720.37,No
ORD-000682,2025-03-26,West,T. Brooks,Mid-Market,Services,Priority Support,2,1300.16,0.106,2324.69,No
ORD-000683,2025-03-26,North,R. Diaz,SMB,Accessories,Webcam HD,2,32.0,0.012,63.23,No
ORD-000684,2025-03-26,East,L. Nguyen,SMB,Software,FlowSuite License,5,343.55,0.061,1612.97,No
ORD-000685,2025-03-26,North,A. Chen,Mid-Market,Software,FlowSuite License,1,575.99,0.109,513.21,No
ORD-000686,2025-03-26,North,A. Chen,SMB,Software,FlowSuite License,3,279.32,0.075,775.11,No
ORD-000687,2025-03-26,South,S. Patel,SMB,Hardware,Falcon Laptop,1,2202.88,0.038,2119.17,No
ORD-000688,2025-03-26,North,R. Diaz,Mid-Market,Services,Priority Support,2,1251.53,0.108,2232.73,No
ORD-000689,2025-03-26,West,D. Rossi,Enterprise,Hardware,Falcon Laptop,1,1706.2,0.057,1608.95,No
ORD-000690,2025-03-27,South,S. Patel,SMB,Software,DataLens License,1,455.3,0.007,452.11,No
ORD-000691,2025-03-27,South,M. Okafor,Mid-Market,Software,FlowSuite License,1,490.16,0.099,441.63,No
ORD-000692,2025-03-27,West,T. Brooks,Mid-Market,Software,FlowSuite License,1,252.67,0.026,246.1,No
ORD-000693,2025-03-27,North,R. Diaz,Enterprise,Accessories,Webcam HD,4,84.91,0.167,282.92,No
ORD-000694,2025-03-27,West,T. Brooks,Mid-Market,Accessories,USB-C Hub,1,104.12,0.105,93.19,No
ORD-000695,2025-03-27,North,R. Diaz,Mid-Market,Software,DataLens License,4,382.79,0.102,1374.98,No
ORD-000696,2025-03-27,West,T. Brooks,Enterprise,Hardware,Nimbus Monitor,1,2459.66,0.196,1977.57,No
ORD-000697,2025-03-27,West,D. Rossi,SMB,Accessories,USB-C Hub,5,78.58,0.034,379.54,No
ORD-000698,2025-03-27,West,D. Rossi,SMB,Software,FlowSuite License,3,274.37,0.038,791.83,No
ORD-000699,2025-03-27,East,L. Nguyen,Mid-Market,Accessories,Webcam HD,1,113.5,0.047,108.17,No
ORD-000700,2025-03-27,West,T. Brooks,Enterprise,Accessories,Webcam HD,4,94.75,0.014,373.69,No
ORD-000701,2025-03-27,South,S. Patel,SMB,Accessories,Wireless Mouse,5,45.73,0.045,218.36,No
ORD-000702,2025-03-28,South,M. Okafor,SMB,Services,Onboarding Package,1,672.28,0.07,625.22,No
ORD-000703,2025-03-28,West,T. Brooks,Enterprise,Hardware,Falcon Laptop,2,1313.5,0.048,2500.9,No
ORD-000704,2025-03-28,South,S. Patel,SMB,Software,FlowSuite License,1,599.03,0.008,594.24,No
ORD-000705,2025-03-28,East,L. Nguyen,SMB,Software,FlowSuite License,1,271.67,0.062,254.83,No
ORD-000706,2025-03-28,East,L. Nguyen,SMB,Accessories,USB-C Hub,7,85.19,0.056,562.94,No
ORD-000707,2025-03-28,South,S. Patel,Enterprise,Accessories,Laptop Sleeve,3,62.41,0.221,145.85,No
ORD-000708,2025-03-28,West,T. Brooks,Mid-Market,Accessories,USB-C Hub,3,29.54,0.049,84.28,No
ORD-000709,2025-03-28,West,D. Rossi,Enterprise,Services,Custom Training,1,332.03,0.1,298.83,No
ORD-000710,2025-03-28,West,D. Rossi,SMB,Accessories,Wireless Mouse,2,110.35,0.043,211.21,No
ORD-000711,2025-03-28,North,R. Diaz,SMB,Software,DataLens License,4,213.4,0.019,837.38,Yes
ORD-000712,2025-03-29,North,R. Diaz,Enterprise,Software,SecureGuard License,1,389.74,0.008,386.62,No
ORD-000713,2025-03-29,East,J. Kim,SMB,Services,Custom Training,3,914.73,0.046,2617.96,No
ORD-000714,2025-03-29,South,S. Patel,SMB,Software,DataLens License,2,530.64,0.043,1015.64,No
ORD-000715,2025-03-29,South,M. Okafor,SMB,Software,SecureGuard License,6,550.76,0.013,3261.6,No
ORD-000716,2025-03-29,West,D. Rossi,SMB,Services,Onboarding Package,3,1004.15,0.044,2879.9,No
ORD-000717,2025-03-29,North,A. Chen,SMB,Hardware,Nimbus Monitor,2,1400.61,0.079,2579.92,No
ORD-000718,2025-03-29,South,M. Okafor,SMB,Hardware,Falcon Laptop,1,937.56,0.071,870.99,No
ORD-000719,2025-03-29,North,R. Diaz,SMB,Software,FlowSuite License,1,427.0,0.032,413.34,No
ORD-000720,2025-03-30,West,D. Rossi,SMB,Services,Onboarding Package,2,428.54,0.076,791.94,No
ORD-000721,2025-03-30,North,R. Diaz,SMB,Software,SecureGuard License,1,571.35,0.027,555.92,No
ORD-000722,2025-03-30,West,T. Brooks,SMB,Services,Custom Training,1,369.89,0.068,344.74,No
ORD-000723,2025-03-30,North,A. Chen,Mid-Market,Services,Onboarding Package,1,861.57,0.047,821.08,No
ORD-000724,2025-03-30,North,A. Chen,Mid-Market,Services,Custom Training,1,1414.84,0.051,1342.68,No
ORD-000725,2025-03-31,East,J. Kim,Enterprise,Services,Onboarding Package,2,1230.92,0.09,2240.27,No
ORD-000726,2025-03-31,North,A. Chen,Mid-Market,Hardware,Nimbus Monitor,1,2010.8,0.077,1855.97,No
ORD-000727,2025-03-31,North,A. Chen,SMB,Accessories,Laptop Sleeve,5,108.52,0.054,513.3,No
ORD-000728,2025-03-31,South,S. Patel,SMB,Accessories,Webcam HD,2,34.41,0.074,63.73,No
ORD-000729,2025-03-31,West,T. Brooks,Mid-Market,Accessories,Wireless Mouse,1,69.16,0.036,66.67,No
ORD-000730,2025-03-31,East,J. Kim,Mid-Market,Hardware,Nimbus Monitor,3,1872.42,0.008,5572.32,No
ORD-000731,2025-03-31,North,R. Diaz,Mid-Market,Accessories,USB-C Hub,2,53.89,0.017,105.95,No
ORD-000732,2025-03-31,West,T. Brooks,Mid-Market,Hardware,Titan Desktop,1,1688.91,0.132,1465.97,No
ORD-000733,2025-03-31,West,T. Brooks,Enterprise,Accessories,Laptop Sleeve,1,69.93,0.084,64.06,No
ORD-000734,2025-03-31,West,T. Brooks,SMB,Software,SecureGuard License,1,255.99,0.033,247.54,No
ORD-000735,2025-03-31,South,S. Patel,SMB,Software,FlowSuite License,1,431.83,0.072,400.74,No
ORD-000736,2025-03-31,North,A. Chen,Enterprise,Accessories,Laptop Sleeve,4,30.74,0.033,118.9,No
ORD-000737,2025-03-31,East,L. Nguyen,SMB,Accessories,Webcam HD,1,75.73,0.035,73.08,No
ORD-000738,2025-03-31,South,S. Patel,Mid-Market,Accessories,USB-C Hub,3,111.34,0.052,316.65,No
ORD-000739,2025-04-01,East,J. Kim,Enterprise,Services,Priority Support,1,1154.42,0.201,922.38,No
ORD-000740,2025-04-01,North,R. Diaz,SMB,Hardware,Nimbus Monitor,1,2394.31,0.015,2358.4,No
ORD-000741,2025-04-01,South,S. Patel,SMB,Hardware,Nimbus Monitor,3,2486.1,0.038,7174.88,No
ORD-000742,2025-04-01,North,A. Chen,SMB,Accessories,Webcam HD,4,87.24,0.028,339.19,No
ORD-000743,2025-04-01,South,S. Patel,SMB,Software,FlowSuite License,1,145.51,0.062,136.49,No
ORD-000744,2025-04-01,North,R. Diaz,SMB,Services,Onboarding Package,4,893.99,0.035,3450.8,No
ORD-000745,2025-04-01,West,T. Brooks,Enterprise,Accessories,Webcam HD,5,23.14,0.134,100.2,Yes
ORD-000746,2025-04-01,West,D. Rossi,Mid-Market,Software,DataLens License,4,399.28,0.139,1375.12,No
ORD-000747,2025-04-01,West,D. Rossi,SMB,Accessories,Webcam HD,5,76.62,0.025,373.52,Yes
ORD-000748,2025-04-01,North,A. Chen,SMB,Hardware,Titan Desktop,4,1177.09,0.004,4689.53,No
ORD-000749,2025-04-01,North,A. Chen,SMB,Software,FlowSuite License,1,332.66,0.003,331.66,No
ORD-000750,2025-04-02,South,S. Patel,SMB,Software,DataLens License,1,198.47,0.062,186.16,No
ORD-000751,2025-04-02,South,S. Patel,Mid-Market,Hardware,Titan Desktop,4,1038.77,0.092,3772.81,No
ORD-000752,2025-04-02,South,M. Okafor,SMB,Hardware,Titan Desktop,1,1946.97,0.06,1830.15,No
ORD-000753,2025-04-02,West,T. Brooks,SMB,Accessories,USB-C Hub,1,104.99,0.012,103.73,No
ORD-000754,2025-04-02,South,S. Patel,Enterprise,Accessories,Wireless Mouse,4,84.29,0.222,262.31,No
ORD-000755,2025-04-02,West,D. Rossi,Enterprise,Software,FlowSuite License,1,308.14,0.162,258.22,No
ORD-000756,2025-04-02,West,D. Rossi,Enterprise,Accessories,USB-C Hub,3,27.74,0.248,62.58,No
ORD-000757,2025-04-02,North,A. Chen,SMB,Software,SecureGuard License,1,301.04,0.008,298.63,No
ORD-000758,2025-04-03,South,M. Okafor,SMB,Accessories,Laptop Sleeve,1,77.3,0.007,76.76,No
ORD-000759,2025-04-03,North,R. Diaz,SMB,Hardware,Titan Desktop,3,2157.92,0.038,6227.76,No
ORD-000760,2025-04-03,East,L. Nguyen,Mid-Market,Software,SecureGuard License,5,549.42,0.02,2692.16,No
ORD-000761,2025-04-03,North,R. Diaz,Enterprise,Hardware,Falcon Laptop,1,917.34,0.099,826.52,No
ORD-000762,2025-04-03,South,S. Patel,Mid-Market,Services,Onboarding Package,3,361.85,0.094,983.51,No
ORD-000763,2025-04-03,West,D. Rossi,Mid-Market,Hardware,Falcon Laptop,2,1651.95,0.018,3244.43,No
ORD-000764,2025-04-03,West,D. Rossi,SMB,Hardware,Titan Desktop,5,2369.3,0.025,11550.34,No
ORD-000765,2025-04-04,South,S. Patel,Mid-Market,Hardware,Nimbus Monitor,2,2126.7,0.047,4053.49,No
ORD-000766,2025-04-04,West,T. Brooks,SMB,Hardware,Nimbus Monitor,1,2138.46,0.047,2037.95,No
ORD-000767,2025-04-04,West,D. Rossi,Enterprise,Hardware,Nimbus Monitor,3,939.55,0.128,2457.86,No
ORD-000768,2025-04-04,West,D. Rossi,Mid-Market,Hardware,Falcon Laptop,1,2125.23,0.129,1851.08,No
ORD-000769,2025-04-04,West,D. Rossi,SMB,Software,SecureGuard License,4,463.08,0.04,1778.23,No
ORD-000770,2025-04-04,North,R. Diaz,SMB,Services,Priority Support,2,442.45,0.046,844.19,No
ORD-000771,2025-04-04,North,A. Chen,Enterprise,Hardware,Titan Desktop,4,1089.67,0.193,3517.45,No
ORD-000772,2025-04-05,East,L. Nguyen,Mid-Market,Software,DataLens License,1,369.07,0.068,343.97,No
ORD-000773,2025-04-05,East,L. Nguyen,SMB,Accessories,Webcam HD,3,51.59,0.021,151.52,No
ORD-000774,2025-04-05,North,R. Diaz,SMB,Accessories,Laptop Sleeve,4,56.17,0.04,215.69,Yes
ORD-000775,2025-04-05,West,D. Rossi,SMB,Services,Custom Training,1,350.75,0.057,330.76,No
ORD-000776,2025-04-05,West,T. Brooks,Mid-Market,Services,Onboarding Package,3,1187.16,0.004,3547.23,No
ORD-000777,2025-04-05,East,J. Kim,Enterprise,Software,FlowSuite License,1,190.73,0.097,172.23,No
ORD-000778,2025-04-05,West,D. Rossi,Enterprise,Software,SecureGuard License,1,433.0,0.034,418.28,No
ORD-000779,2025-04-05,South,S. Patel,Mid-Market,Services,Priority Support,1,1417.78,0.068,1321.37,No
ORD-000780,2025-04-05,South,S. Patel,Mid-Market,Accessories,Laptop Sleeve,3,110.5,0.06,311.61,No
ORD-000781,2025-04-05,South,S. Patel,Mid-Market,Software,SecureGuard License,3,417.82,0.063,1174.49,No
ORD-000782,2025-04-05,West,T. Brooks,Mid-Market,Accessories,Laptop Sleeve,4,66.77,0.016,262.81,No
ORD-000783,2025-04-05,South,S. Patel,Enterprise,Hardware,Falcon Laptop,1,1925.99,0.075,1781.54,No
ORD-000784,2025-04-05,West,D. Rossi,Mid-Market,Software,DataLens License,4,553.27,0.028,2151.11,No
ORD-000785,2025-04-05,South,M. Okafor,Enterprise,Software,FlowSuite License,1,575.14,0.126,502.67,No
ORD-000786,2025-04-05,South,S. Patel,SMB,Accessories,Laptop Sleeve,3,22.55,0.003,67.45,No
ORD-000787,2025-04-05,North,R. Diaz,Mid-Market,Accessories,USB-C Hub,4,83.4,0.051,316.59,No
ORD-000788,2025-04-05,South,S. Patel,SMB,Hardware,Falcon Laptop,1,1251.36,0.053,1185.04,No
ORD-000789,2025-04-05,North,R. Diaz,SMB,Services,Custom Training,1,1388.58,0.075,1284.44,No
ORD-000790,2025-04-05,East,J. Kim,Mid-Market,Software,DataLens License,1,534.4,0.099,481.49,No
ORD-000791,2025-04-05,West,D. Rossi,Mid-Market,Software,SecureGuard License,1,359.45,0.002,358.73,No
ORD-000792,2025-04-06,West,T. Brooks,SMB,Accessories,Laptop Sleeve,1,24.76,0.063,23.2,Yes
ORD-000793,2025-04-06,West,T. Brooks,Enterprise,Accessories,Laptop Sleeve,1,55.87,0.076,51.62,No
ORD-000794,2025-04-06,North,R. Diaz,Mid-Market,Software,DataLens License,1,256.52,0.11,228.3,No
ORD-000795,2025-04-06,East,L. Nguyen,Mid-Market,Software,FlowSuite License,1,573.25,0.029,556.63,No
ORD-000796,2025-04-06,South,M. Okafor,SMB,Software,SecureGuard License,1,463.92,0.008,460.21,No
ORD-000797,2025-04-06,West,T. Brooks,Mid-Market,Software,DataLens License,1,290.16,0.009,287.55,No
ORD-000798,2025-04-06,South,M. Okafor,Mid-Market,Accessories,Webcam HD,3,94.65,0.049,270.04,No
ORD-000799,2025-04-07,North,R. Diaz,SMB,Hardware,Nimbus Monitor,3,1510.36,0.053,4290.93,No
ORD-000800,2025-04-07,West,T. Brooks,Enterprise,Services,Onboarding Package,1,1136.52,0.025,1108.11,No
ORD-000801,2025-04-07,North,A. Chen,SMB,Software,FlowSuite License,1,328.66,0.044,314.2,No
ORD-000802,2025-04-07,West,T. Brooks,Mid-Market,Services,Priority Support,1,1122.67,0.003,1119.3,No
ORD-000803,2025-04-07,West,D. Rossi,SMB,Software,SecureGuard License,4,127.53,0.028,495.84,No
ORD-000804,2025-04-07,North,A. Chen,SMB,Software,DataLens License,1,556.16,0.059,523.35,No
ORD-000805,2025-04-07,West,T. Brooks,Enterprise,Software,DataLens License,1,361.31,0.121,317.59,No
ORD-000806,2025-04-08,East,L. Nguyen,Mid-Market,Accessories,Wireless Mouse,2,31.55,0.142,54.14,No
ORD-000807,2025-04-08,West,D. Rossi,SMB,Accessories,Laptop Sleeve,3,108.13,0.002,323.74,No
ORD-000808,2025-04-08,East,L. Nguyen,Mid-Market,Software,SecureGuard License,1,126.49,0.079,116.5,No
ORD-000809,2025-04-08,North,R. Diaz,SMB,Hardware,Falcon Laptop,1,1957.94,0.076,1809.14,No
ORD-000810,2025-04-08,West,D. Rossi,SMB,Software,SecureGuard License,2,346.55,0.003,691.02,No
ORD-000811,2025-04-08,North,R. Diaz,SMB,Software,FlowSuite License,4,275.42,0.029,1069.73,No
ORD-000812,2025-04-08,East,J. Kim,Mid-Market,Accessories,Laptop Sleeve,3,78.6,0.131,204.91,Yes
ORD-000813,2025-04-09,North,R. Diaz,Enterprise,Hardware,Titan Desktop,2,1492.63,0.222,2322.53,No
ORD-000814,2025-04-09,West,T. Brooks,Enterprise,Software,SecureGuard License,2,340.01,0.038,654.18,No
ORD-000815,2025-04-09,South,M. Okafor,SMB,Accessories,Webcam HD,3,74.03,0.023,216.98,No
ORD-000816,2025-04-09,South,S. Patel,SMB,Hardware,Titan Desktop,3,1255.8,0.049,3582.8,No
ORD-000817,2025-04-09,West,T. Brooks,SMB,Accessories,Wireless Mouse,2,33.12,0.008,65.71,No
ORD-000818,2025-04-09,South,M. Okafor,SMB,Accessories,USB-C Hub,4,30.17,0.077,111.39,No
ORD-000819,2025-04-09,West,D. Rossi,Mid-Market,Accessories,Webcam HD,3,35.57,0.128,93.05,No
ORD-000820,2025-04-09,North,R. Diaz,Mid-Market,Software,SecureGuard License,1,344.42,0.001,344.08,No
ORD-000821,2025-04-09,North,R. Diaz,Enterprise,Services,Priority Support,1,918.8,0.177,756.17,No
ORD-000822,2025-04-10,North,A. Chen,SMB,Accessories,USB-C Hub,3,119.43,0.028,348.26,No
ORD-000823,2025-04-10,West,T. Brooks,Mid-Market,Software,DataLens License,2,343.36,0.117,606.37,No
ORD-000824,2025-04-10,West,T. Brooks,SMB,Services,Onboarding Package,3,428.64,0.062,1206.19,No
ORD-000825,2025-04-10,North,R. Diaz,SMB,Software,SecureGuard License,1,398.11,0.016,391.74,No
ORD-000826,2025-04-10,North,R. Diaz,SMB,Software,SecureGuard License,1,318.02,0.044,304.03,No
ORD-000827,2025-04-11,North,R. Diaz,SMB,Accessories,Webcam HD,2,113.06,0.009,224.08,No
ORD-000828,2025-04-11,North,A. Chen,SMB,Hardware,Nimbus Monitor,2,1586.17,0.036,3058.14,No
ORD-000829,2025-04-11,South,S. Patel,Mid-Market,Software,SecureGuard License,2,321.76,0.128,561.15,No
ORD-000830,2025-04-11,West,T. Brooks,Mid-Market,Services,Priority Support,1,1008.45,0.009,999.37,No
ORD-000831,2025-04-11,West,T. Brooks,SMB,Software,SecureGuard License,1,341.11,0.002,340.43,No
ORD-000832,2025-04-12,West,T. Brooks,SMB,Services,Onboarding Package,1,1351.26,0.038,1299.91,No
ORD-000833,2025-04-12,East,L. Nguyen,Mid-Market,Software,SecureGuard License,2,266.83,0.118,470.69,No
ORD-000834,2025-04-12,North,A. Chen,Enterprise,Accessories,Wireless Mouse,7,82.39,0.165,481.57,No
ORD-000835,2025-04-12,North,R. Diaz,Enterprise,Accessories,Laptop Sleeve,3,57.17,0.135,148.36,No
ORD-000836,2025-04-12,North,A. Chen,Mid-Market,Hardware,Nimbus Monitor,1,2274.36,0.123,1994.61,No
ORD-000837,2025-04-12,West,T. Brooks,Enterprise,Software,DataLens License,3,378.73,0.028,1104.38,No
ORD-000838,2025-04-12,West,D. Rossi,SMB,Accessories,Wireless Mouse,1,27.5,0.006,27.34,No
ORD-000839,2025-04-13,West,T. Brooks,SMB,Accessories,Laptop Sleeve,3,45.77,0.06,129.07,No
ORD-000840,2025-04-13,North,R. Diaz,Enterprise,Accessories,Wireless Mouse,6,59.12,0.02,347.63,No
ORD-000841,2025-04-13,North,A. Chen,Enterprise,Services,Custom Training,1,316.04,0.206,250.94,No
ORD-000842,2025-04-13,West,T. Brooks,Enterprise,Hardware,Falcon Laptop,1,2119.56,0.077,1956.35,No
ORD-000843,2025-04-13,North,R. Diaz,SMB,Accessories,Laptop Sleeve,1,102.19,0.035,98.61,No
ORD-000844,2025-04-13,South,M. Okafor,Mid-Market,Accessories,Webcam HD,1,61.85,0.131,53.75,Yes
ORD-000845,2025-04-13,West,D. Rossi,SMB,Software,FlowSuite License,4,590.37,0.036,2276.47,No
ORD-000846,2025-04-13,North,R. Diaz,SMB,Hardware,Nimbus Monitor,1,1028.03,0.034,993.08,No
ORD-000847,2025-04-13,West,D. Rossi,SMB,Software,SecureGuard License,3,450.3,0.048,1286.06,No
ORD-000848,2025-04-13,West,T. Brooks,SMB,Accessories,Wireless Mouse,5,93.22,0.04,447.46,No
ORD-000849,2025-04-13,South,M. Okafor,SMB,Software,SecureGuard License,2,537.25,0.046,1025.07,No
ORD-000850,2025-04-13,North,A. Chen,Mid-Market,Software,SecureGuard License,2,200.88,0.101,361.18,No
ORD-000851,2025-04-13,West,T. Brooks,SMB,Accessories,Webcam HD,7,30.31,0.079,195.41,No
ORD-000852,2025-04-14,North,A. Chen,SMB,Accessories,Webcam HD,1,56.81,0.08,52.27,No
ORD-000853,2025-04-14,North,A. Chen,SMB,Hardware,Falcon Laptop,1,2251.28,0.015,2217.51,No
ORD-000854,2025-04-14,West,D. Rossi,SMB,Hardware,Falcon Laptop,1,1960.62,0.057,1848.86,No
ORD-000855,2025-04-14,North,R. Diaz,SMB,Accessories,USB-C Hub,4,52.62,0.009,208.59,No
ORD-000856,2025-04-14,South,S. Patel,Enterprise,Hardware,Falcon Laptop,3,2175.19,0.033,6310.23,No
ORD-000857,2025-04-14,West,D. Rossi,SMB,Accessories,USB-C Hub,3,73.01,0.053,207.42,No
ORD-000858,2025-04-14,South,M. Okafor,Mid-Market,Accessories,USB-C Hub,3,61.59,0.113,163.89,No
ORD-000859,2025-04-15,East,L. Nguyen,Enterprise,Hardware,Titan Desktop,1,972.92,0.059,915.52,No
ORD-000860,2025-04-15,East,L. Nguyen,SMB,Hardware,Titan Desktop,4,2281.9,0.005,9081.96,No
ORD-000861,2025-04-15,West,T. Brooks,Mid-Market,Services,Onboarding Package,3,865.75,0.045,2480.37,No
ORD-000862,2025-04-15,West,D. Rossi,Enterprise,Accessories,Wireless Mouse,4,98.32,0.161,329.96,No
ORD-000863,2025-04-15,South,S. Patel,Mid-Market,Accessories,Wireless Mouse,6,42.72,0.146,218.9,No
ORD-000864,2025-04-15,West,D. Rossi,SMB,Hardware,Titan Desktop,2,1964.79,0.08,3615.21,No
ORD-000865,2025-04-15,West,D. Rossi,Mid-Market,Software,SecureGuard License,1,284.53,0.043,272.3,No
ORD-000866,2025-04-15,West,T. Brooks,Enterprise,Services,Priority Support,2,897.46,0.032,1737.48,No
ORD-000867,2025-04-16,North,R. Diaz,Enterprise,Hardware,Nimbus Monitor,3,1835.64,0.157,4642.33,No
ORD-000868,2025-04-16,North,A. Chen,SMB,Services,Onboarding Package,1,587.04,0.06,551.82,No
ORD-000869,2025-04-16,West,D. Rossi,SMB,Software,FlowSuite License,1,410.19,0.013,404.86,No
ORD-000870,2025-04-16,West,T. Brooks,Mid-Market,Accessories,Laptop Sleeve,2,42.06,0.117,74.28,No
ORD-000871,2025-04-16,West,T. Brooks,Mid-Market,Accessories,Wireless Mouse,4,18.88,0.124,66.16,No
ORD-000872,2025-04-16,West,D. Rossi,SMB,Hardware,Titan Desktop,1,2077.06,0.073,1925.43,No
ORD-000873,2025-04-16,West,D. Rossi,Mid-Market,Hardware,Falcon Laptop,2,1064.38,0.129,1854.15,No
ORD-000874,2025-04-16,North,A. Chen,SMB,Software,SecureGuard License,1,336.59,0.001,336.25,No
ORD-000875,2025-04-17,North,R. Diaz,Mid-Market,Accessories,Laptop Sleeve,2,55.71,0.142,95.6,Yes
ORD-000876,2025-04-17,North,R. Diaz,SMB,Hardware,Falcon Laptop,1,1956.89,0.057,1845.35,No
ORD-000877,2025-04-17,West,D. Rossi,Mid-Market,Accessories,Wireless Mouse,2,24.08,0.017,47.34,No
ORD-000878,2025-04-17,North,R. Diaz,SMB,Services,Onboarding Package,1,790.96,0.001,790.17,No
ORD-000879,2025-04-17,East,L. Nguyen,Enterprise,Hardware,Falcon Laptop,2,2335.54,0.039,4488.91,No
ORD-000880,2025-04-17,East,L. Nguyen,Mid-Market,Services,Priority Support,1,586.12,0.076,541.57,No
ORD-000881,2025-04-17,East,L. Nguyen,Enterprise,Software,DataLens License,1,290.79,0.147,248.04,No
ORD-000882,2025-04-18,West,T. Brooks,SMB,Software,SecureGuard License,4,255.42,0.069,951.18,No
ORD-000883,2025-04-18,West,T. Brooks,SMB,Hardware,Nimbus Monitor,1,1610.26,0.078,1484.66,No
ORD-000884,2025-04-18,West,T. Brooks,SMB,Accessories,Webcam HD,5,83.68,0.064,391.62,No
ORD-000885,2025-04-18,East,J. Kim,SMB,Software,DataLens License,3,444.29,0.012,1316.88,No
ORD-000886,2025-04-18,West,D. Rossi,SMB,Accessories,USB-C Hub,7,105.43,0.076,681.92,No
ORD-000887,2025-04-19,West,D. Rossi,Enterprise,Accessories,Wireless Mouse,2,57.64,0.218,90.15,No
ORD-000888,2025-04-19,North,A. Chen,Mid-Market,Accessories,Laptop Sleeve,1,42.54,0.024,41.52,No
ORD-000889,2025-04-19,South,M. Okafor,SMB,Services,Onboarding Package,4,694.26,0.077,2563.21,No
ORD-000890,2025-04-19,West,D. Rossi,Mid-Market,Accessories,Webcam HD,3,86.67,0.012,256.89,No
ORD-000891,2025-04-19,East,L. Nguyen,Mid-Market,Hardware,Nimbus Monitor,2,1056.63,0.094,1914.61,No
ORD-000892,2025-04-19,West,D. Rossi,Enterprise,Software,FlowSuite License,1,460.98,0.193,372.01,No
ORD-000893,2025-04-19,South,M. Okafor,Mid-Market,Hardware,Falcon Laptop,2,2174.09,0.054,4113.38,No
ORD-000894,2025-04-19,South,M. Okafor,SMB,Hardware,Falcon Laptop,3,2312.0,0.064,6492.1,No
ORD-000895,2025-04-20,East,L. Nguyen,SMB,Hardware,Titan Desktop,1,1717.54,0.029,1667.73,No
ORD-000896,2025-04-20,East,L. Nguyen,Mid-Market,Software,DataLens License,1,159.64,0.015,157.25,No
ORD-000897,2025-04-20,East,L. Nguyen,SMB,Accessories,Wireless Mouse,1,92.06,0.037,88.65,No
ORD-000898,2025-04-20,West,T. Brooks,SMB,Hardware,Titan Desktop,2,1406.31,0.068,2621.36,No
ORD-000899,2025-04-20,East,L. Nguyen,Enterprise,Software,DataLens License,1,240.46,0.079,221.46,No
ORD-000900,2025-04-20,West,D. Rossi,SMB,Software,SecureGuard License,1,272.23,0.08,250.45,No
ORD-000901,2025-04-20,East,J. Kim,Mid-Market,Hardware,Titan Desktop,1,1288.73,0.088,1175.32,No
ORD-000902,2025-04-20,North,A. Chen,SMB,Accessories,Webcam HD,1,96.25,0.063,90.19,No
ORD-000903,2025-04-20,South,M. Okafor,Enterprise,Hardware,Nimbus Monitor,1,1071.76,0.214,842.4,No
ORD-000904,2025-04-20,West,D. Rossi,Mid-Market,Software,DataLens License,4,233.98,0.009,927.5,No
ORD-000905,2025-04-21,West,T. Brooks,Mid-Market,Services,Priority Support,2,847.09,0.11,1507.82,No
ORD-000906,2025-04-21,West,D. Rossi,Mid-Market,Services,Custom Training,1,832.73,0.033,805.25,No
ORD-000907,2025-04-21,South,M. Okafor,Enterprise,Services,Priority Support,2,919.02,0.236,1404.26,No
ORD-000908,2025-04-21,West,T. Brooks,SMB,Hardware,Titan Desktop,3,1080.2,0.03,3143.38,No
ORD-000909,2025-04-21,South,M. Okafor,Enterprise,Services,Priority Support,1,715.23,0.18,586.49,No
ORD-000910,2025-04-21,North,R. Diaz,SMB,Accessories,Wireless Mouse,2,51.7,0.031,100.19,No
ORD-000911,2025-04-22,North,R. Diaz,Mid-Market,Hardware,Nimbus Monitor,3,1513.35,0.11,4040.64,No
ORD-000912,2025-04-22,East,J. Kim,Mid-Market,Hardware,Titan Desktop,2,1023.5,0.146,1748.14,No
ORD-000913,2025-04-22,North,R. Diaz,Enterprise,Accessories,Wireless Mouse,2,69.49,0.076,128.42,No
ORD-000914,2025-04-22,South,S. Patel,Mid-Market,Software,SecureGuard License,3,213.24,0.053,605.81,No
ORD-000915,2025-04-22,East,L. Nguyen,Enterprise,Accessories,Laptop Sleeve,4,83.62,0.116,295.68,No
ORD-000916,2025-04-22,South,M. Okafor,SMB,Accessories,USB-C Hub,3,67.89,0.045,194.5,No
ORD-000917,2025-04-22,North,A. Chen,SMB,Hardware,Falcon Laptop,2,2124.93,0.02,4164.86,No
ORD-000918,2025-04-22,North,R. Diaz,Enterprise,Accessories,USB-C Hub,3,76.28,0.196,183.99,No
ORD-000919,2025-04-23,North,A. Chen,SMB,Accessories,Laptop Sleeve,2,34.42,0.069,64.09,No
ORD-000920,2025-04-23,South,S. Patel,Mid-Market,Services,Custom Training,2,1085.31,0.125,1899.29,No
ORD-000921,2025-04-23,West,T. Brooks,Mid-Market,Software,FlowSuite License,1,238.56,0.075,220.67,No
ORD-000922,2025-04-23,East,L. Nguyen,Enterprise,Hardware,Titan Desktop,1,1480.58,0.21,1169.66,Yes
ORD-000923,2025-04-23,North,R. Diaz,SMB,Services,Custom Training,1,398.88,0.005,396.89,No
ORD-000924,2025-04-23,East,L. Nguyen,Mid-Market,Services,Priority Support,1,625.25,0.08,575.23,No
ORD-000925,2025-04-23,East,L. Nguyen,SMB,Services,Custom Training,3,1116.39,0.029,3252.04,No
ORD-000926,2025-04-23,West,D. Rossi,Mid-Market,Software,DataLens License,1,542.73,0.099,489.0,No
ORD-000927,2025-04-23,West,T. Brooks,Enterprise,Hardware,Titan Desktop,2,1040.48,0.12,1831.24,No
ORD-000928,2025-04-23,South,M. Okafor,Mid-Market,Accessories,Webcam HD,1,83.27,0.14,71.61,No
ORD-000929,2025-04-23,South,M. Okafor,Mid-Market,Hardware,Titan Desktop,1,1421.58,0.027,1383.2,No
ORD-000930,2025-04-24,West,T. Brooks,Mid-Market,Accessories,Laptop Sleeve,2,57.73,0.001,115.34,No
ORD-000931,2025-04-24,South,M. Okafor,SMB,Hardware,Titan Desktop,1,1927.64,0.067,1798.49,No
ORD-000932,2025-04-24,East,J. Kim,Mid-Market,Services,Custom Training,1,1163.44,0.114,1030.81,No
ORD-000933,2025-04-24,North,R. Diaz,SMB,Accessories,Laptop Sleeve,4,81.39,0.058,306.68,No
ORD-000934,2025-04-25,West,D. Rossi,Mid-Market,Accessories,Laptop Sleeve,2,74.99,0.072,139.18,No
ORD-000935,2025-04-25,North,A. Chen,SMB,Software,DataLens License,1,244.27,0.02,239.38,No
ORD-000936,2025-04-25,South,M. Okafor,SMB,Accessories,Laptop Sleeve,2,49.48,0.07,92.03,Yes
ORD-000937,2025-04-25,West,T. Brooks,Mid-Market,Services,Priority Support,1,1441.48,0.144,1233.91,No
ORD-000938,2025-04-25,West,T. Brooks,Mid-Market,Accessories,Webcam HD,2,37.39,0.039,71.86,No
ORD-000939,2025-04-25,South,M. Okafor,SMB,Software,FlowSuite License,1,430.66,0.008,427.21,No
ORD-000940,2025-04-26,North,R. Diaz,SMB,Software,SecureGuard License,2,485.6,0.029,943.04,No
ORD-000941,2025-04-26,North,A. Chen,Enterprise,Accessories,Wireless Mouse,3,97.42,0.14,251.34,Yes
ORD-000942,2025-04-26,South,S. Patel,Enterprise,Software,SecureGuard License,1,324.54,0.215,254.76,No
ORD-000943,2025-04-26,North,A. Chen,SMB,Accessories,Laptop Sleeve,4,77.86,0.042,298.36,No
ORD-000944,2025-04-26,West,D. Rossi,SMB,Hardware,Nimbus Monitor,2,2012.37,0.019,3948.27,Yes
ORD-000945,2025-04-26,South,M. Okafor,SMB,Hardware,Falcon Laptop,2,1802.96,0.016,3548.23,No
ORD-000946,2025-04-26,West,T. Brooks,Mid-Market,Hardware,Nimbus Monitor,1,2233.28,0.134,1934.02,No
ORD-000947,2025-04-26,South,S. Patel,Mid-Market,Hardware,Falcon Laptop,1,1190.56,0.139,1025.07,No
ORD-000948,2025-04-26,East,J. Kim,SMB,Accessories,USB-C Hub,5,50.02,0.057,235.84,No
ORD-000949,2025-04-27,East,L. Nguyen,Mid-Market,Hardware,Nimbus Monitor,2,1538.11,0.031,2980.86,No
ORD-000950,2025-04-27,North,R. Diaz,Enterprise,Software,SecureGuard License,1,419.28,0.018,411.73,No
ORD-000951,2025-04-27,West,T. Brooks,Mid-Market,Accessories,Laptop Sleeve,2,78.33,0.084,143.5,No
ORD-000952,2025-04-27,West,D. Rossi,Enterprise,Accessories,Laptop Sleeve,6,77.59,0.198,373.36,No
ORD-000953,2025-04-27,South,S. Patel,Mid-Market,Hardware,Nimbus Monitor,2,1838.2,0.055,3474.2,No
ORD-000954,2025-04-27,South,S. Patel,Enterprise,Hardware,Titan Desktop,1,1536.02,0.045,1466.9,No
ORD-000955,2025-04-27,West,T. Brooks,Mid-Market,Hardware,Falcon Laptop,3,1705.63,0.066,4779.18,No
ORD-000956,2025-04-27,West,D. Rossi,SMB,Hardware,Nimbus Monitor,3,1072.24,0.042,3081.62,No
ORD-000957,2025-04-28,South,S. Patel,SMB,Accessories,Wireless Mouse,1,24.28,0.04,23.31,Yes
ORD-000958,2025-04-28,South,M. Okafor,Mid-Market,Accessories,USB-C Hub,4,88.09,0.007,349.89,No
ORD-000959,2025-04-28,North,A. Chen,Mid-Market,Software,FlowSuite License,1,440.89,0.002,440.01,No
ORD-000960,2025-04-28,West,T. Brooks,SMB,Software,FlowSuite License,1,476.37,0.005,473.99,No
ORD-000961,2025-04-28,North,A. Chen,Mid-Market,Accessories,Wireless Mouse,3,72.24,0.102,194.61,No
ORD-000962,2025-04-28,North,R. Diaz,SMB,Hardware,Nimbus Monitor,2,919.32,0.026,1790.84,No
ORD-000963,2025-04-29,East,L. Nguyen,SMB,Software,SecureGuard License,3,229.95,0.059,649.15,No
ORD-000964,2025-04-29,South,M. Okafor,Enterprise,Hardware,Titan Desktop,3,1936.77,0.228,4485.56,No
ORD-000965,2025-04-29,North,A. Chen,SMB,Accessories,USB-C Hub,3,81.74,0.026,238.84,No
ORD-000966,2025-04-29,South,M. Okafor,Mid-Market,Accessories,USB-C Hub,1,79.73,0.106,71.28,No
ORD-000967,2025-04-29,South,M. Okafor,Mid-Market,Accessories,Laptop Sleeve,2,108.85,0.024,212.48,No
ORD-000968,2025-04-30,East,J. Kim,SMB,Hardware,Falcon Laptop,1,1294.43,0.046,1234.89,No
ORD-000969,2025-04-30,West,D. Rossi,SMB,Hardware,Falcon Laptop,1,1243.26,0.024,1213.42,No
ORD-000970,2025-04-30,East,J. Kim,Mid-Market,Software,DataLens License,1,230.05,0.016,226.37,No
ORD-000971,2025-04-30,West,T. Brooks,SMB,Hardware,Nimbus Monitor,1,1737.58,0.028,1688.93,No
ORD-000972,2025-04-30,North,R. Diaz,Mid-Market,Hardware,Nimbus Monitor,2,1203.41,0.003,2399.6,No
ORD-000973,2025-04-30,South,M. Okafor,SMB,Hardware,Nimbus Monitor,1,986.18,0.002,984.21,No
ORD-000974,2025-04-30,East,J. Kim,SMB,Software,DataLens License,1,130.75,0.058,123.17,No
ORD-000975,2025-04-30,West,T. Brooks,Mid-Market,Accessories,USB-C Hub,4,26.32,0.056,99.38,No
ORD-000976,2025-04-30,North,A. Chen,Mid-Market,Accessories,Wireless Mouse,5,74.89,0.062,351.23,No
ORD-000977,2025-04-30,West,D. Rossi,SMB,Software,SecureGuard License,2,344.87,0.052,653.87,No
ORD-000978,2025-05-01,West,T. Brooks,Enterprise,Software,FlowSuite License,1,529.0,0.13,460.23,No
ORD-000979,2025-05-01,West,D. Rossi,SMB,Accessories,Wireless Mouse,1,58.5,0.062,54.87,No
ORD-000980,2025-05-01,West,D. Rossi,Enterprise,Accessories,Wireless Mouse,1,103.07,0.111,91.63,No
ORD-000981,2025-05-01,West,T. Brooks,Mid-Market,Software,FlowSuite License,2,215.51,0.051,409.04,No
ORD-000982,2025-05-01,West,T. Brooks,Enterprise,Software,SecureGuard License,2,372.04,0.222,578.89,No
ORD-000983,2025-05-01,West,D. Rossi,Mid-Market,Software,DataLens License,1,584.59,0.141,502.16,No
ORD-000984,2025-05-02,East,J. Kim,Mid-Market,Software,DataLens License,2,194.72,0.079,358.67,No
ORD-000985,2025-05-02,North,R. Diaz,SMB,Software,DataLens License,1,165.24,0.073,153.18,No
ORD-000986,2025-05-02,South,S. Patel,Enterprise,Software,FlowSuite License,1,563.73,0.05,535.54,No
ORD-000987,2025-05-02,North,R. Diaz,Mid-Market,Software,DataLens License,1,479.27,0.02,469.68,No
ORD-000988,2025-05-02,West,D. Rossi,SMB,Accessories,Webcam HD,7,17.19,0.031,116.6,No
ORD-000989,2025-05-02,East,J. Kim,SMB,Accessories,Wireless Mouse,3,119.87,0.042,344.51,No
ORD-000990,2025-05-02,West,T. Brooks,Mid-Market,Accessories,Webcam HD,2,30.97,0.022,60.58,No
ORD-000991,2025-05-02,North,A. Chen,Enterprise,Hardware,Nimbus Monitor,1,1468.86,0.031,1423.33,No
ORD-000992,2025-05-02,South,S. Patel,SMB,Services,Custom Training,2,1445.91,0.018,2839.77,No
ORD-000993,2025-05-03,West,T. Brooks,Enterprise,Software,DataLens License,3,241.38,0.139,623.48,No
ORD-000994,2025-05-03,West,D. Rossi,SMB,Software,SecureGuard License,1,316.68,0.018,310.98,No
ORD-000995,2025-05-03,North,A. Chen,Mid-Market,Hardware,Titan Desktop,1,1589.35,0.114,1408.16,No
ORD-000996,2025-05-03,West,T. Brooks,SMB,Accessories,Laptop Sleeve,6,38.7,0.037,223.61,No
ORD-000997,2025-05-03,West,D. Rossi,Mid-Market,Software,DataLens License,1,242.57,0.027,236.02,No
ORD-000998,2025-05-03,North,R. Diaz,Mid-Market,Software,FlowSuite License,1,574.38,0.038,552.55,No
ORD-000999,2025-05-03,North,R. Diaz,Enterprise,Accessories,USB-C Hub,5,113.45,0.156,478.76,No
ORD-001000,2025-05-04,West,D. Rossi,Mid-Market,Services,Onboarding Package,2,777.7,0.015,1532.07,No
ORD-001001,2025-05-04,West,T. Brooks,Mid-Market,Hardware,Nimbus Monitor,1,979.19,0.13,851.9,Yes
ORD-001002,2025-05-04,West,T. Brooks,SMB,Software,DataLens License,2,389.9,0.025,760.3,No
ORD-001003,2025-05-04,North,A. Chen,Mid-Market,Hardware,Nimbus Monitor,2,1643.84,0.015,3238.36,No
ORD-001004,2025-05-04,South,M. Okafor,Enterprise,Software,FlowSuite License,2,301.75,0.02,591.43,No
ORD-001005,2025-05-05,West,D. Rossi,Mid-Market,Software,FlowSuite License,1,216.45,0.027,210.61,No
ORD-001006,2025-05-05,North,A. Chen,Enterprise,Services,Priority Support,3,1224.49,0.171,3045.31,No
ORD-001007,2025-05-05,North,A. Chen,Mid-Market,Services,Custom Training,2,1377.75,0.044,2634.26,No
ORD-001008,2025-05-05,North,R. Diaz,Mid-Market,Software,DataLens License,4,368.07,0.149,1252.91,No
ORD-001009,2025-05-05,North,A. Chen,Enterprise,Software,DataLens License,2,356.89,0.059,671.67,No
ORD-001010,2025-05-05,North,R. Diaz,SMB,Software,SecureGuard License,1,599.8,0.06,563.81,No
ORD-001011,2025-05-05,North,A. Chen,SMB,Services,Onboarding Package,3,1064.08,0.067,2978.36,No
ORD-001012,2025-05-05,South,M. Okafor,SMB,Services,Onboarding Package,4,336.89,0.059,1268.05,No
ORD-001013,2025-05-06,West,T. Brooks,Mid-Market,Accessories,Laptop Sleeve,3,116.35,0.003,348.0,No
ORD-001014,2025-05-06,West,T. Brooks,Enterprise,Software,FlowSuite License,2,498.43,0.058,939.04,No
ORD-001015,2025-05-06,West,D. Rossi,Mid-Market,Accessories,Wireless Mouse,3,41.65,0.098,112.7,No
ORD-001016,2025-05-06,North,A. Chen,Mid-Market,Services,Priority Support,1,1000.66,0.052,948.63,No
ORD-001017,2025-05-06,North,R. Diaz,Enterprise,Software,FlowSuite License,3,186.51,0.15,475.6,No
ORD-001018,2025-05-06,South,S. Patel,SMB,Hardware,Titan Desktop,3,2415.27,0.041,6948.73,No
ORD-001019,2025-05-06,North,A. Chen,SMB,Accessories,Laptop Sleeve,5,107.08,0.042,512.91,No
ORD-001020,2025-05-06,West,D. Rossi,Mid-Market,Software,SecureGuard License,1,409.14,0.074,378.86,No
ORD-001021,2025-05-06,West,D. Rossi,SMB,Accessories,Webcam HD,2,102.53,0.057,193.37,No
ORD-001022,2025-05-07,North,R. Diaz,Enterprise,Services,Priority Support,2,1193.17,0.119,2102.37,No
ORD-001023,2025-05-07,North,R. Diaz,SMB,Hardware,Falcon Laptop,2,1684.34,0.015,3318.15,No
ORD-001024,2025-05-07,South,S. Patel,Enterprise,Hardware,Titan Desktop,1,1917.21,0.093,1738.91,No
ORD-001025,2025-05-07,West,D. Rossi,Mid-Market,Accessories,Laptop Sleeve,3,18.85,0.07,52.59,No
ORD-001026,2025-05-07,East,L. Nguyen,Mid-Market,Accessories,USB-C Hub,1,114.76,0.094,103.97,No
ORD-001027,2025-05-07,North,A. Chen,Enterprise,Accessories,USB-C Hub,5,86.46,0.015,425.82,No
ORD-001028,2025-05-07,South,M. Okafor,SMB,Hardware,Titan Desktop,1,1016.74,0.069,946.58,Yes
ORD-001029,2025-05-07,East,J. Kim,Mid-Market,Hardware,Nimbus Monitor,4,1491.67,0.094,5405.81,No
ORD-001030,2025-05-07,West,D. Rossi,Enterprise,Hardware,Nimbus Monitor,1,924.75,0.238,704.66,No
ORD-001031,2025-05-07,West,D. Rossi,Mid-Market,Accessories,Wireless Mouse,7,90.73,0.108,566.52,No
ORD-001032,2025-05-07,East,J. Kim,SMB,Services,Onboarding Package,1,713.24,0.016,701.83,No
ORD-001033,2025-05-07,South,M. Okafor,Mid-Market,Accessories,Wireless Mouse,3,47.85,0.072,133.21,No
ORD-001034,2025-05-07,South,M. Okafor,SMB,Software,SecureGuard License,2,433.77,0.054,820.69,No
ORD-001035,2025-05-08,South,M. Okafor,Mid-Market,Accessories,Laptop Sleeve,4,78.94,0.044,301.87,No
ORD-001036,2025-05-08,South,S. Patel,SMB,Software,DataLens License,1,599.4,0.044,573.03,No
ORD-001037,2025-05-08,South,S. Patel,SMB,Hardware,Titan Desktop,2,1762.27,0.01,3489.29,No
ORD-001038,2025-05-08,West,T. Brooks,Mid-Market,Software,FlowSuite License,1,523.96,0.029,508.77,No
ORD-001039,2025-05-08,North,A. Chen,Mid-Market,Services,Priority Support,1,744.52,0.055,703.57,No
ORD-001040,2025-05-08,South,S. Patel,SMB,Software,SecureGuard License,1,500.13,0.023,488.63,No
ORD-001041,2025-05-08,West,T. Brooks,SMB,Accessories,USB-C Hub,2,52.95,0.04,101.66,No
ORD-001042,2025-05-08,West,T. Brooks,Enterprise,Software,DataLens License,1,233.73,0.141,200.77,No
ORD-001043,2025-05-09,East,L. Nguyen,SMB,Services,Onboarding Package,2,1259.88,0.007,2502.12,No
ORD-001044,2025-05-09,East,J. Kim,SMB,Software,SecureGuard License,3,160.97,0.063,452.49,No
ORD-001045,2025-05-09,North,R. Diaz,SMB,Accessories,Webcam HD,8,26.6,0.077,196.41,No
ORD-001046,2025-05-09,South,M. Okafor,Enterprise,Services,Custom Training,3,612.45,0.028,1785.9,No
ORD-001047,2025-05-09,West,T. Brooks,Mid-Market,Hardware,Nimbus Monitor,4,1729.93,0.083,6345.38,No
ORD-001048,2025-05-09,South,M. Okafor,Enterprise,Software,DataLens License,1,423.87,0.247,319.17,No
ORD-001049,2025-05-10,North,A. Chen,Mid-Market,Accessories,Webcam HD,1,101.35,0.111,90.1,No
ORD-001050,2025-05-10,North,R. Diaz,Mid-Market,Accessories,USB-C Hub,1,31.08,0.121,27.32,No
ORD-001051,2025-05-10,East,J. Kim,Mid-Market,Accessories,Laptop Sleeve,3,116.41,0.093,316.75,No
ORD-001052,2025-05-10,North,A. Chen,SMB,Software,SecureGuard License,1,332.52,0.016,327.2,No
ORD-001053,2025-05-10,East,J. Kim,Mid-Market,Accessories,Webcam HD,4,70.42,0.146,240.55,No
ORD-001054,2025-05-10,North,A. Chen,SMB,Software,DataLens License,1,506.71,0.054,479.35,No
ORD-001055,2025-05-10,East,J. Kim,Enterprise,Software,SecureGuard License,1,132.56,0.025,129.25,No
ORD-001056,2025-05-10,East,L. Nguyen,SMB,Accessories,Wireless Mouse,3,19.34,0.074,53.73,No
ORD-001057,2025-05-10,East,J. Kim,SMB,Services,Onboarding Package,1,1011.18,0.067,943.43,No
ORD-001058,2025-05-11,West,T. Brooks,Enterprise,Accessories,Wireless Mouse,2,49.8,0.034,96.21,No
ORD-001059,2025-05-11,West,D. Rossi,Mid-Market,Software,DataLens License,1,447.24,0.037,430.69,No
ORD-001060,2025-05-11,North,A. Chen,Mid-Market,Hardware,Titan Desktop,2,1535.86,0.075,2841.34,No
ORD-001061,2025-05-11,North,R. Diaz,SMB,Software,SecureGuard License,3,166.08,0.064,466.35,No
ORD-001062,2025-05-11,East,J. Kim,Mid-Market,Services,Custom Training,2,1236.5,0.126,2161.4,No
ORD-001063,2025-05-11,East,L. Nguyen,Mid-Market,Hardware,Titan Desktop,1,1789.28,0.076,1653.29,Yes
ORD-001064,2025-05-11,South,S. Patel,Mid-Market,Software,FlowSuite License,2,209.87,0.141,360.56,No
ORD-001065,2025-05-11,South,S. Patel,SMB,Accessories,Wireless Mouse,3,114.48,0.029,333.48,No
ORD-001066,2025-05-11,North,R. Diaz,SMB,Software,DataLens License,3,325.4,0.02,956.68,No
ORD-001067,2025-05-11,East,L. Nguyen,SMB,Software,SecureGuard License,1,311.92,0.076,288.21,No
ORD-001068,2025-05-12,North,A. Chen,SMB,Accessories,Laptop Sleeve,3,94.24,0.029,274.52,No
ORD-001069,2025-05-12,South,M. Okafor,Enterprise,Software,DataLens License,1,506.1,0.155,427.65,No
ORD-001070,2025-05-12,West,T. Brooks,Mid-Market,Hardware,Nimbus Monitor,3,1675.4,0.061,4719.6,No
ORD-001071,2025-05-12,South,M. Okafor,Mid-Market,Software,DataLens License,2,370.33,0.017,728.07,No
ORD-001072,2025-05-12,West,T. Brooks,SMB,Accessories,USB-C Hub,6,91.19,0.054,517.59,No
ORD-001073,2025-05-12,West,T. Brooks,Enterprise,Services,Custom Training,3,430.2,0.05,1226.07,No
ORD-001074,2025-05-12,East,J. Kim,Enterprise,Accessories,USB-C Hub,1,54.6,0.123,47.88,No
ORD-001075,2025-05-12,West,D. Rossi,SMB,Accessories,Wireless Mouse,2,79.91,0.054,151.19,No
ORD-001076,2025-05-12,East,L. Nguyen,Mid-Market,Software,SecureGuard License,1,331.1,0.015,326.13,No
ORD-001077,2025-05-12,West,T. Brooks,Enterprise,Services,Priority Support,2,938.23,0.088,1711.33,No
ORD-001078,2025-05-13,North,A. Chen,SMB,Accessories,Webcam HD,5,91.95,0.013,453.77,Yes
ORD-001079,2025-05-13,West,D. Rossi,SMB,Hardware,Nimbus Monitor,1,1486.37,0.055,1404.62,No
ORD-001080,2025-05-13,North,R. Diaz,Enterprise,Accessories,USB-C Hub,4,66.98,0.147,228.54,No
ORD-001081,2025-05-13,South,M. Okafor,Mid-Market,Accessories,Wireless Mouse,3,21.69,0.04,62.47,No
ORD-001082,2025-05-13,West,T. Brooks,Mid-Market,Software,DataLens License,2,482.19,0.126,842.87,No
ORD-001083,2025-05-13,West,T. Brooks,Mid-Market,Hardware,Falcon Laptop,1,2206.18,0.038,2122.35,No
ORD-001084,2025-05-13,East,J. Kim,Mid-Market,Hardware,Falcon Laptop,1,987.46,0.133,856.13,No
ORD-001085,2025-05-13,South,M. Okafor,SMB,Accessories,Webcam HD,2,36.04,0.066,67.32,No
ORD-001086,2025-05-13,North,A. Chen,Mid-Market,Software,FlowSuite License,1,533.28,0.119,469.82,No
ORD-001087,2025-05-13,South,M. Okafor,Enterprise,Software,FlowSuite License,2,551.67,0.207,874.95,No
ORD-001088,2025-05-13,West,T. Brooks,SMB,Hardware,Nimbus Monitor,1,1890.54,0.074,1750.64,No
ORD-001089,2025-05-13,South,S. Patel,SMB,Hardware,Titan Desktop,1,1676.73,0.074,1552.65,No
ORD-001090,2025-05-13,West,D. Rossi,Enterprise,Accessories,USB-C Hub,3,97.39,0.159,245.71,No
ORD-001091,2025-05-14,North,R. Diaz,Mid-Market,Hardware,Titan Desktop,1,1211.13,0.042,1160.26,No
ORD-001092,2025-05-14,South,S. Patel,SMB,Software,FlowSuite License,1,419.36,0.003,418.1,No
ORD-001093,2025-05-14,West,D. Rossi,SMB,Hardware,Titan Desktop,1,1557.03,0.071,1446.48,No
ORD-001094,2025-05-14,North,R. Diaz,Mid-Market,Software,DataLens License,2,547.05,0.073,1014.23,No
ORD-001095,2025-05-14,South,S. Patel,Enterprise,Services,Priority Support,1,486.57,0.205,386.82,No
ORD-001096,2025-05-14,West,T. Brooks,SMB,Accessories,Webcam HD,2,28.28,0.077,52.2,No
ORD-001097,2025-05-15,North,A. Chen,SMB,Services,Onboarding Package,1,1376.48,0.003,1372.35,No
ORD-001098,2025-05-15,South,M. Okafor,Enterprise,Software,SecureGuard License,1,223.14,0.076,206.18,No
ORD-001099,2025-05-15,West,T. Brooks,Mid-Market,Software,FlowSuite License,1,598.28,0.038,575.55,No
ORD-001100,2025-05-15,East,J. Kim,SMB,Software,SecureGuard License,2,254.71,0.025,496.68,No
ORD-001101,2025-05-16,East,L. Nguyen,Mid-Market,Software,FlowSuite License,1,328.07,0.055,310.03,No
ORD-001102,2025-05-16,South,M. Okafor,SMB,Software,SecureGuard License,1,444.72,0.025,433.6,No
ORD-001103,2025-05-16,East,J. Kim,Enterprise,Services,Priority Support,1,327.81,0.088,298.96,No
ORD-001104,2025-05-16,West,D. Rossi,Mid-Market,Accessories,Wireless Mouse,2,58.3,0.008,115.67,No
ORD-001105,2025-05-16,South,M. Okafor,Mid-Market,Hardware,Falcon Laptop,1,1737.93,0.011,1718.81,No
ORD-001106,2025-05-16,North,A. Chen,SMB,Software,DataLens License,1,476.02,0.07,442.7,No
ORD-001107,2025-05-16,South,M. Okafor,Mid-Market,Services,Onboarding Package,2,1185.24,0.045,2263.81,No
ORD-001108,2025-05-17,North,R. Diaz,Mid-Market,Accessories,Wireless Mouse,4,68.8,0.125,240.8,No
ORD-001109,2025-05-17,North,A. Chen,SMB,Software,DataLens License,1,574.75,0.019,563.83,No
ORD-001110,2025-05-17,South,S. Patel,Mid-Market,Accessories,Webcam HD,1,27.57,0.145,23.57,No
ORD-001111,2025-05-17,West,D. Rossi,SMB,Accessories,Laptop Sleeve,3,38.1,0.055,108.01,No
ORD-001112,2025-05-17,West,T. Brooks,Mid-Market,Accessories,Wireless Mouse,1,51.74,0.149,44.03,No
ORD-001113,2025-05-17,North,A. Chen,Mid-Market,Accessories,Wireless Mouse,5,83.63,0.064,391.39,No
ORD-001114,2025-05-17,West,T. Brooks,SMB,Hardware,Titan Desktop,1,2140.37,0.014,2110.4,No
ORD-001115,2025-05-17,South,S. Patel,SMB,Accessories,Laptop Sleeve,4,106.49,0.007,422.98,No
ORD-001116,2025-05-17,North,R. Diaz,Mid-Market,Hardware,Nimbus Monitor,3,1201.89,0.096,3259.53,Yes
ORD-001117,2025-05-17,North,R. Diaz,SMB,Accessories,Webcam HD,4,82.34,0.069,306.63,Yes
ORD-001118,2025-05-18,West,D. Rossi,Mid-Market,Hardware,Falcon Laptop,1,2220.55,0.092,2016.26,No
ORD-001119,2025-05-18,West,T. Brooks,SMB,Software,DataLens License,1,243.36,0.042,233.14,No
ORD-001120,2025-05-18,West,T. Brooks,SMB,Software,SecureGuard License,1,275.08,0.041,263.8,No
ORD-001121,2025-05-18,South,S. Patel,SMB,Software,DataLens License,1,338.31,0.009,335.27,No
ORD-001122,2025-05-18,North,R. Diaz,Enterprise,Accessories,Webcam HD,5,18.18,0.212,71.63,No
ORD-001123,2025-05-18,West,D. Rossi,Mid-Market,Software,FlowSuite License,3,335.38,0.132,873.33,No
ORD-001124,2025-05-18,East,J. Kim,Mid-Market,Services,Onboarding Package,1,773.74,0.112,687.08,No
ORD-001125,2025-05-18,West,T. Brooks,Enterprise,Software,FlowSuite License,3,132.18,0.2,317.23,No
ORD-001126,2025-05-18,East,J. Kim,SMB,Hardware,Falcon Laptop,2,1006.92,0.003,2007.8,No
ORD-001127,2025-05-19,North,R. Diaz,Mid-Market,Accessories,Wireless Mouse,6,99.73,0.108,533.75,No
ORD-001128,2025-05-19,North,R. Diaz,Enterprise,Software,DataLens License,3,207.22,0.232,477.43,No
ORD-001129,2025-05-19,East,L. Nguyen,SMB,Accessories,Wireless Mouse,2,66.58,0.054,125.97,No
ORD-001130,2025-05-19,West,T. Brooks,SMB,Accessories,Webcam HD,6,21.31,0.069,119.04,No
ORD-001131,2025-05-19,South,M. Okafor,SMB,Software,DataLens License,1,421.57,0.012,416.51,No
ORD-001132,2025-05-19,North,A. Chen,SMB,Hardware,Falcon Laptop,1,1464.07,0.022,1431.86,No
ORD-001133,2025-05-19,North,R. Diaz,Mid-Market,Services,Onboarding Package,1,480.1,0.146,410.01,No
ORD-001134,2025-05-20,South,S. Patel,Mid-Market,Accessories,Webcam HD,4,52.81,0.046,201.52,No
ORD-001135,2025-05-20,South,M. Okafor,SMB,Accessories,Wireless Mouse,1,16.12,0.044,15.41,No
ORD-001136,2025-05-20,North,R. Diaz,Mid-Market,Hardware,Falcon Laptop,3,978.29,0.086,2682.47,No
ORD-001137,2025-05-20,South,S. Patel,Mid-Market,Accessories,Laptop Sleeve,1,35.6,0.149,30.3,No
ORD-001138,2025-05-20,North,A. Chen,Mid-Market,Software,SecureGuard License,1,387.1,0.118,341.42,No
ORD-001139,2025-05-20,South,M. Okafor,Enterprise,Software,DataLens License,1,311.58,0.073,288.83,No
ORD-001140,2025-05-21,South,S. Patel,Mid-Market,Accessories,USB-C Hub,3,69.26,0.108,185.34,No
ORD-001141,2025-05-21,West,T. Brooks,Enterprise,Accessories,Wireless Mouse,4,117.3,0.171,388.97,No
ORD-001142,2025-05-21,North,R. Diaz,Mid-Market,Hardware,Falcon Laptop,1,2240.58,0.088,2043.41,Yes
ORD-001143,2025-05-21,West,D. Rossi,Mid-Market,Accessories,Wireless Mouse,1,74.65,0.027,72.63,No
ORD-001144,2025-05-21,East,J. Kim,Mid-Market,Hardware,Falcon Laptop,2,1110.9,0.087,2028.5,No
ORD-001145,2025-05-21,North,A. Chen,Mid-Market,Services,Custom Training,3,1145.24,0.055,3246.76,No
ORD-001146,2025-05-21,East,J. Kim,SMB,Software,DataLens License,1,182.44,0.023,178.24,No
ORD-001147,2025-05-21,East,L. Nguyen,Enterprise,Services,Onboarding Package,2,562.59,0.003,1121.8,No
ORD-001148,2025-05-22,East,J. Kim,Mid-Market,Software,FlowSuite License,2,339.98,0.136,587.49,No
ORD-001149,2025-05-22,West,D. Rossi,SMB,Hardware,Falcon Laptop,3,1624.92,0.052,4621.27,No
ORD-001150,2025-05-22,North,A. Chen,SMB,Hardware,Falcon Laptop,1,1198.19,0.015,1180.22,No
ORD-001151,2025-05-22,South,S. Patel,Mid-Market,Services,Custom Training,2,1175.64,0.055,2221.96,No
ORD-001152,2025-05-22,South,M. Okafor,Mid-Market,Accessories,Wireless Mouse,3,115.38,0.054,327.45,No
ORD-001153,2025-05-23,North,R. Diaz,Mid-Market,Software,DataLens License,2,336.17,0.132,583.59,No
ORD-001154,2025-05-23,North,R. Diaz,SMB,Hardware,Falcon Laptop,1,2204.14,0.032,2133.61,No
ORD-001155,2025-05-23,East,J. Kim,SMB,Hardware,Nimbus Monitor,1,1871.07,0.01,1852.36,No
ORD-001156,2025-05-23,West,T. Brooks,Mid-Market,Software,SecureGuard License,1,555.36,0.022,543.14,No
ORD-001157,2025-05-24,North,R. Diaz,Mid-Market,Accessories,Wireless Mouse,5,15.36,0.117,67.81,No
ORD-001158,2025-05-24,South,M. Okafor,SMB,Software,DataLens License,2,219.52,0.05,417.09,No
ORD-001159,2025-05-24,South,M. Okafor,Mid-Market,Services,Custom Training,1,512.43,0.08,471.44,No
ORD-001160,2025-05-24,South,M. Okafor,Enterprise,Services,Priority Support,1,700.79,0.068,653.14,No
ORD-001161,2025-05-24,North,R. Diaz,Mid-Market,Accessories,Webcam HD,1,77.42,0.091,70.37,No
ORD-001162,2025-05-24,North,A. Chen,Mid-Market,Accessories,Wireless Mouse,4,110.01,0.132,381.95,No
ORD-001163,2025-05-24,South,M. Okafor,SMB,Software,SecureGuard License,1,227.94,0.067,212.67,No
ORD-001164,2025-05-24,East,L. Nguyen,SMB,Hardware,Titan Desktop,3,947.92,0.017,2795.42,No
ORD-001165,2025-05-24,North,R. Diaz,SMB,Accessories,Wireless Mouse,4,91.58,0.059,344.71,No
ORD-001166,2025-05-24,West,T. Brooks,SMB,Hardware,Titan Desktop,1,1910.86,0.042,1830.6,No
ORD-001167,2025-05-24,South,S. Patel,Mid-Market,Hardware,Nimbus Monitor,1,1923.37,0.087,1756.04,No
ORD-001168,2025-05-24,East,J. Kim,Enterprise,Services,Onboarding Package,1,301.91,0.02,295.87,No
ORD-001169,2025-05-24,East,J. Kim,Mid-Market,Hardware,Falcon Laptop,1,2198.93,0.012,2172.54,No
ORD-001170,2025-05-24,North,R. Diaz,Enterprise,Services,Priority Support,3,974.41,0.096,2642.6,No
ORD-001171,2025-05-24,West,D. Rossi,SMB,Accessories,Laptop Sleeve,1,107.65,0.058,101.41,No
ORD-001172,2025-05-24,East,L. Nguyen,Mid-Market,Accessories,USB-C Hub,1,67.7,0.023,66.14,No
ORD-001173,2025-05-24,South,M. Okafor,SMB,Services,Custom Training,1,900.55,0.011,890.64,No
ORD-001174,2025-05-24,North,A. Chen,Mid-Market,Accessories,Webcam HD,4,91.23,0.032,353.24,No
ORD-001175,2025-05-25,West,D. Rossi,Mid-Market,Accessories,Laptop Sleeve,5,50.59,0.015,249.16,No
ORD-001176,2025-05-25,West,T. Brooks,Mid-Market,Accessories,USB-C Hub,5,102.7,0.108,458.04,No
ORD-001177,2025-05-25,West,D. Rossi,SMB,Accessories,Webcam HD,1,78.64,0.027,76.52,No
ORD-001178,2025-05-26,South,S. Patel,Enterprise,Accessories,USB-C Hub,5,46.37,0.038,223.04,Yes
ORD-001179,2025-05-26,North,A. Chen,Enterprise,Services,Priority Support,1,1398.72,0.08,1286.82,No
ORD-001180,2025-05-26,West,D. Rossi,Mid-Market,Services,Onboarding Package,1,439.66,0.012,434.38,No
ORD-001181,2025-05-26,East,L. Nguyen,SMB,Accessories,Webcam HD,6,44.91,0.066,251.68,No
ORD-001182,2025-05-26,West,D. Rossi,SMB,Software,SecureGuard License,3,513.92,0.036,1486.26,No
ORD-001183,2025-05-26,North,R. Diaz,SMB,Software,DataLens License,1,183.65,0.003,183.1,No
ORD-001184,2025-05-26,North,R. Diaz,Enterprise,Accessories,Laptop Sleeve,7,95.99,0.229,518.06,No
ORD-001185,2025-05-26,North,A. Chen,Mid-Market,Accessories,USB-C Hub,2,45.32,0.059,85.29,No
ORD-001186,2025-05-26,West,D. Rossi,SMB,Hardware,Nimbus Monitor,3,1655.46,0.043,4752.83,No
ORD-001187,2025-05-27,East,L. Nguyen,Mid-Market,Software,DataLens License,1,189.69,0.103,170.15,No
ORD-001188,2025-05-27,East,L. Nguyen,SMB,Accessories,USB-C Hub,6,65.47,0.074,363.75,No
ORD-001189,2025-05-27,West,T. Brooks,Mid-Market,Software,SecureGuard License,1,308.48,0.118,272.08,No
ORD-001190,2025-05-27,North,A. Chen,SMB,Services,Priority Support,1,487.15,0.059,458.41,No
ORD-001191,2025-05-27,West,T. Brooks,SMB,Accessories,USB-C Hub,3,66.62,0.014,197.06,No
ORD-001192,2025-05-27,West,D. Rossi,Enterprise,Software,SecureGuard License,1,436.76,0.102,392.21,No
ORD-001193,2025-05-27,South,M. Okafor,SMB,Accessories,Laptop Sleeve,2,58.83,0.023,114.95,No
ORD-001194,2025-05-27,North,R. Diaz,SMB,Software,SecureGuard License,1,584.93,0.068,545.15,No
ORD-001195,2025-05-27,South,M. Okafor,SMB,Software,FlowSuite License,3,586.24,0.07,1635.61,No
ORD-001196,2025-05-27,South,S. Patel,Enterprise,Services,Custom Training,2,1288.0,0.142,2210.21,No
ORD-001197,2025-05-27,East,J. Kim,Enterprise,Hardware,Falcon Laptop,1,1813.01,0.122,1591.82,No
ORD-001198,2025-05-28,North,R. Diaz,Mid-Market,Accessories,Webcam HD,8,68.96,0.105,493.75,No
ORD-001199,2025-05-28,East,J. Kim,Enterprise,Accessories,Webcam HD,3,48.15,0.102,129.72,No
ORD-001200,2025-05-28,West,T. Brooks,Mid-Market,Accessories,USB-C Hub,3,115.17,0.095,312.69,No
ORD-001201,2025-05-28,West,D. Rossi,SMB,Hardware,Titan Desktop,2,2470.53,0.021,4837.3,No
ORD-001202,2025-05-28,East,J. Kim,SMB,Hardware,Falcon Laptop,1,1473.35,0.08,1355.48,Yes
ORD-001203,2025-05-28,South,M. Okafor,SMB,Services,Priority Support,1,1238.25,0.013,1222.15,No
ORD-001204,2025-05-28,West,D. Rossi,SMB,Hardware,Nimbus Monitor,1,2338.44,0.022,2286.99,No
ORD-001205,2025-05-28,North,A. Chen,SMB,Services,Custom Training,2,506.73,0.01,1003.33,No
ORD-001206,2025-05-28,East,L. Nguyen,Enterprise,Accessories,USB-C Hub,2,76.79,0.154,129.93,No
ORD-001207,2025-05-28,North,R. Diaz,SMB,Hardware,Titan Desktop,2,1001.76,0.014,1975.47,No
ORD-001208,2025-05-28,North,A. Chen,SMB,Hardware,Falcon Laptop,1,2280.65,0.063,2136.97,No
ORD-001209,2025-05-28,North,A. Chen,SMB,Accessories,Wireless Mouse,3,21.66,0.019,63.75,No
ORD-001210,2025-05-28,North,R. Diaz,Mid-Market,Hardware,Titan Desktop,2,931.0,0.14,1601.32,No
ORD-001211,2025-05-28,North,A. Chen,Mid-Market,Hardware,Titan Desktop,2,1164.81,0.062,2185.18,No
ORD-001212,2025-05-29,South,S. Patel,Mid-Market,Accessories,USB-C Hub,3,93.95,0.092,255.92,No
ORD-001213,2025-05-29,South,S. Patel,Mid-Market,Services,Priority Support,1,1210.14,0.118,1067.34,No
ORD-001214,2025-05-29,South,S. Patel,SMB,Software,DataLens License,1,357.53,0.055,337.87,No
ORD-001215,2025-05-29,South,S. Patel,Mid-Market,Software,SecureGuard License,5,341.64,0.119,1504.92,No
ORD-001216,2025-05-29,South,S. Patel,SMB,Hardware,Titan Desktop,1,1170.72,0.013,1155.5,No
ORD-001217,2025-05-29,East,J. Kim,SMB,Accessories,Wireless Mouse,1,47.75,0.058,44.98,No
ORD-001218,2025-05-29,West,D. Rossi,Mid-Market,Accessories,Wireless Mouse,4,20.88,0.135,72.24,No
ORD-001219,2025-05-29,East,J. Kim,Mid-Market,Software,SecureGuard License,1,474.26,0.1,426.83,No
ORD-001220,2025-05-29,North,R. Diaz,Mid-Market,Services,Priority Support,4,475.15,0.075,1758.06,No
ORD-001221,2025-05-29,North,A. Chen,Mid-Market,Accessories,USB-C Hub,5,70.74,0.092,321.16,Yes
ORD-001222,2025-05-30,South,S. Patel,Mid-Market,Services,Custom Training,2,1361.29,0.147,2322.36,No
ORD-001223,2025-05-30,West,T. Brooks,Mid-Market,Hardware,Titan Desktop,1,2000.63,0.09,1820.57,No
ORD-001224,2025-05-30,South,S. Patel,SMB,Software,FlowSuite License,1,221.19,0.027,215.22,No
ORD-001225,2025-05-30,East,J. Kim,SMB,Accessories,Webcam HD,4,40.93,0.071,152.1,Yes
ORD-001226,2025-05-30,South,M. Okafor,SMB,Software,FlowSuite License,3,219.28,0.0,657.84,No
ORD-001227,2025-05-30,South,S. Patel,Mid-Market,Software,SecureGuard License,1,356.8,0.138,307.56,No
ORD-001228,2025-05-30,South,M. Okafor,SMB,Hardware,Titan Desktop,2,1199.93,0.023,2344.66,No
ORD-001229,2025-05-30,South,S. Patel,Mid-Market,Software,DataLens License,4,345.3,0.053,1308.0,No
ORD-001230,2025-05-30,East,J. Kim,SMB,Software,FlowSuite License,1,170.52,0.012,168.47,No
ORD-001231,2025-05-30,North,R. Diaz,Mid-Market,Accessories,Wireless Mouse,1,116.2,0.129,101.21,No
ORD-001232,2025-05-30,West,T. Brooks,SMB,Accessories,Webcam HD,5,30.06,0.07,139.78,No
ORD-001233,2025-05-31,West,T. Brooks,Enterprise,Accessories,Webcam HD,4,16.28,0.016,64.08,No
ORD-001234,2025-05-31,North,A. Chen,Mid-Market,Hardware,Falcon Laptop,3,2307.83,0.007,6875.03,No
ORD-001235,2025-05-31,North,R. Diaz,SMB,Accessories,Webcam HD,3,60.37,0.04,173.87,No
ORD-001236,2025-05-31,North,A. Chen,Mid-Market,Services,Priority Support,1,712.25,0.064,666.67,No
ORD-001237,2025-05-31,South,S. Patel,SMB,Accessories,USB-C Hub,1,106.34,0.036,102.51,No
ORD-001238,2025-05-31,North,R. Diaz,Enterprise,Services,Priority Support,2,1054.91,0.163,1765.92,No
ORD-001239,2025-06-01,North,R. Diaz,SMB,Accessories,Laptop Sleeve,3,58.26,0.006,173.73,Yes
ORD-001240,2025-06-01,North,R. Diaz,SMB,Software,FlowSuite License,1,351.75,0.079,323.96,No
ORD-001241,2025-06-01,West,T. Brooks,Enterprise,Accessories,Laptop Sleeve,6,98.88,0.194,478.18,No
ORD-001242,2025-06-01,South,S. Patel,Enterprise,Accessories,Webcam HD,2,16.21,0.16,27.23,No
ORD-001243,2025-06-01,West,D. Rossi,SMB,Software,DataLens License,3,227.38,0.072,633.03,No
ORD-001244,2025-06-01,West,T. Brooks,Mid-Market,Accessories,Webcam HD,1,19.61,0.044,18.75,No
ORD-001245,2025-06-01,West,D. Rossi,Mid-Market,Software,SecureGuard License,1,572.42,0.032,554.1,No
ORD-001246,2025-06-01,North,R. Diaz,SMB,Accessories,USB-C Hub,1,70.59,0.009,69.95,No
ORD-001247,2025-06-01,North,A. Chen,SMB,Software,DataLens License,2,213.1,0.063,399.35,No
ORD-001248,2025-06-02,North,A. Chen,SMB,Hardware,Falcon Laptop,2,2000.05,0.06,3760.09,No
ORD-001249,2025-06-02,West,T. Brooks,Mid-Market,Accessories,Laptop Sleeve,4,17.96,0.023,70.19,No
ORD-001250,2025-06-02,West,T. Brooks,SMB,Software,DataLens License,1,449.59,0.025,438.35,No
ORD-001251,2025-06-02,South,S. Patel,SMB,Software,SecureGuard License,2,536.94,0.005,1068.51,No
ORD-001252,2025-06-02,South,M. Okafor,Mid-Market,Accessories,Wireless Mouse,4,61.69,0.032,238.86,No
ORD-001253,2025-06-02,North,R. Diaz,SMB,Software,FlowSuite License,2,131.29,0.028,255.23,No
ORD-001254,2025-06-02,East,L. Nguyen,SMB,Software,FlowSuite License,1,152.55,0.03,147.97,No
ORD-001255,2025-06-02,East,L. Nguyen,Enterprise,Accessories,Wireless Mouse,2,55.45,0.045,105.91,No
ORD-001256,2025-06-02,West,T. Brooks,SMB,Software,DataLens License,4,216.18,0.004,861.26,No
ORD-001257,2025-06-02,East,L. Nguyen,Mid-Market,Software,SecureGuard License,1,303.1,0.106,270.97,No
ORD-001258,2025-06-03,South,S. Patel,Enterprise,Accessories,Webcam HD,7,74.79,0.066,488.98,No
ORD-001259,2025-06-03,North,A. Chen,SMB,Software,DataLens License,1,488.82,0.028,475.13,No
ORD-001260,2025-06-03,West,D. Rossi,Mid-Market,Hardware,Falcon Laptop,3,2131.71,0.015,6299.2,No
ORD-001261,2025-06-04,West,T. Brooks,Enterprise,Services,Priority Support,1,1134.87,0.042,1087.21,No
ORD-001262,2025-06-04,West,D. Rossi,Enterprise,Accessories,Laptop Sleeve,1,57.98,0.209,45.86,No
ORD-001263,2025-06-04,West,D. Rossi,SMB,Hardware,Falcon Laptop,2,1140.52,0.01,2258.23,No
ORD-001264,2025-06-04,West,T. Brooks,Mid-Market,Software,SecureGuard License,1,390.64,0.112,346.89,No
ORD-001265,2025-06-04,East,J. Kim,Mid-Market,Software,FlowSuite License,2,413.11,0.137,713.03,No
ORD-001266,2025-06-04,West,D. Rossi,SMB,Accessories,Webcam HD,1,106.08,0.067,98.97,No
ORD-001267,2025-06-05,West,D. Rossi,Mid-Market,Services,Onboarding Package,2,421.37,0.11,750.04,No
ORD-001268,2025-06-05,West,D. Rossi,SMB,Software,DataLens License,2,122.74,0.076,226.82,No
ORD-001269,2025-06-05,South,M. Okafor,SMB,Accessories,USB-C Hub,1,74.58,0.062,69.96,No
ORD-001270,2025-06-05,West,D. Rossi,Mid-Market,Accessories,Webcam HD,2,40.5,0.144,69.34,No
ORD-001271,2025-06-05,West,D. Rossi,SMB,Hardware,Falcon Laptop,2,1157.81,0.072,2148.9,No
ORD-001272,2025-06-06,North,A. Chen,Enterprise,Accessories,Laptop Sleeve,3,80.28,0.15,204.71,No
ORD-001273,2025-06-06,East,L. Nguyen,Enterprise,Hardware,Nimbus Monitor,1,2387.3,0.204,1900.29,No
ORD-001274,2025-06-06,North,A. Chen,Enterprise,Accessories,Wireless Mouse,1,80.04,0.005,79.64,No
ORD-001275,2025-06-06,North,A. Chen,SMB,Hardware,Titan Desktop,2,1387.18,0.077,2560.73,Yes
ORD-001276,2025-06-07,North,A. Chen,Enterprise,Accessories,USB-C Hub,4,88.39,0.008,350.73,No
ORD-001277,2025-06-07,North,R. Diaz,Mid-Market,Accessories,USB-C Hub,7,95.64,0.082,614.58,No
ORD-001278,2025-06-07,North,R. Diaz,SMB,Services,Priority Support,2,508.14,0.002,1014.25,No
ORD-001279,2025-06-08,West,D. Rossi,Mid-Market,Accessories,USB-C Hub,5,32.0,0.007,158.88,No
ORD-001280,2025-06-08,West,T. Brooks,Mid-Market,Services,Onboarding Package,3,512.93,0.086,1406.45,No
ORD-001281,2025-06-08,East,J. Kim,Mid-Market,Hardware,Titan Desktop,1,1749.13,0.08,1609.2,No
ORD-001282,2025-06-08,North,R. Diaz,Mid-Market,Accessories,Webcam HD,5,59.94,0.04,287.71,No
ORD-001283,2025-06-08,East,L. Nguyen,SMB,Accessories,Webcam HD,5,20.91,0.052,99.11,No
ORD-001284,2025-06-08,West,D. Rossi,SMB,Software,DataLens License,1,324.95,0.069,302.53,No
ORD-001285,2025-06-08,North,A. Chen,Enterprise,Hardware,Falcon Laptop,2,1756.98,0.055,3320.69,No
ORD-001286,2025-06-08,South,M. Okafor,SMB,Accessories,Webcam HD,2,106.33,0.001,212.45,No
ORD-001287,2025-06-09,West,T. Brooks,SMB,Software,SecureGuard License,3,501.62,0.077,1388.99,No
ORD-001288,2025-06-09,North,R. Diaz,SMB,Hardware,Falcon Laptop,2,1863.95,0.072,3459.49,No
ORD-001289,2025-06-09,North,A. Chen,Mid-Market,Software,DataLens License,2,578.82,0.051,1098.6,No
ORD-001290,2025-06-09,North,A. Chen,SMB,Accessories,Laptop Sleeve,5,25.02,0.054,118.34,No
ORD-001291,2025-06-09,North,A. Chen,SMB,Hardware,Falcon Laptop,1,1225.59,0.066,1144.7,No
ORD-001292,2025-06-09,North,R. Diaz,Mid-Market,Hardware,Falcon Laptop,1,1409.22,0.049,1340.17,No
ORD-001293,2025-06-09,South,S. Patel,SMB,Accessories,Laptop Sleeve,7,89.24,0.027,607.81,No
ORD-001294,2025-06-09,West,T. Brooks,SMB,Accessories,USB-C Hub,2,36.8,0.038,70.8,No
ORD-001295,2025-06-09,East,J. Kim,SMB,Hardware,Nimbus Monitor,1,2118.34,0.073,1963.7,No
ORD-001296,2025-06-09,West,D. Rossi,Enterprise,Accessories,USB-C Hub,3,119.12,0.143,306.26,Yes
ORD-001297,2025-06-10,West,T. Brooks,SMB,Accessories,Wireless Mouse,1,66.07,0.033,63.89,No
ORD-001298,2025-06-10,South,M. Okafor,SMB,Accessories,Wireless Mouse,6,31.95,0.051,181.92,No
ORD-001299,2025-06-10,East,J. Kim,Enterprise,Accessories,Webcam HD,1,103.54,0.041,99.29,No
ORD-001300,2025-06-10,East,J. Kim,Mid-Market,Hardware,Titan Desktop,2,1754.44,0.099,3161.5,No
ORD-001301,2025-06-11,West,T. Brooks,SMB,Hardware,Titan Desktop,1,1791.83,0.025,1747.03,No
ORD-001302,2025-06-11,West,D. Rossi,SMB,Services,Custom Training,2,933.3,0.068,1739.67,No
ORD-001303,2025-06-11,North,A. Chen,Mid-Market,Services,Onboarding Package,1,1343.28,0.047,1280.15,No
ORD-001304,2025-06-11,East,L. Nguyen,SMB,Software,FlowSuite License,1,142.1,0.042,136.13,No
ORD-001305,2025-06-11,South,S. Patel,Enterprise,Software,FlowSuite License,1,211.19,0.071,196.2,No
ORD-001306,2025-06-11,West,T. Brooks,Enterprise,Accessories,Laptop Sleeve,1,77.38,0.169,64.3,No
ORD-001307,2025-06-11,North,A. Chen,SMB,Services,Priority Support,2,850.24,0.052,1612.06,No
ORD-001308,2025-06-11,South,M. Okafor,SMB,Software,SecureGuard License,2,455.91,0.018,895.41,No
ORD-001309,2025-06-11,West,D. Rossi,SMB,Software,FlowSuite License,1,326.38,0.003,325.4,No
ORD-001310,2025-06-12,North,R. Diaz,Enterprise,Hardware,Titan Desktop,2,1386.99,0.033,2682.44,No
ORD-001311,2025-06-12,South,M. Okafor,Enterprise,Services,Priority Support,2,920.84,0.035,1777.22,No
ORD-001312,2025-06-12,East,J. Kim,Enterprise,Hardware,Nimbus Monitor,1,1990.73,0.146,1700.08,No
ORD-001313,2025-06-12,West,T. Brooks,Mid-Market,Accessories,Webcam HD,2,107.74,0.103,193.29,No
ORD-001314,2025-06-12,South,M. Okafor,Mid-Market,Software,SecureGuard License,2,135.79,0.026,264.52,No
ORD-001315,2025-06-13,North,R. Diaz,Enterprise,Accessories,Laptop Sleeve,5,16.69,0.178,68.6,No
ORD-001316,2025-06-13,West,D. Rossi,SMB,Accessories,Wireless Mouse,4,68.1,0.063,255.24,No
ORD-001317,2025-06-14,East,J. Kim,SMB,Hardware,Nimbus Monitor,1,1271.08,0.05,1207.53,No
ORD-001318,2025-06-14,East,L. Nguyen,SMB,Hardware,Nimbus Monitor,2,941.04,0.077,1737.16,No
ORD-001319,2025-06-14,West,T. Brooks,Mid-Market,Hardware,Falcon Laptop,1,1161.12,0.143,995.08,No
ORD-001320,2025-06-14,North,R. Diaz,SMB,Hardware,Titan Desktop,1,1614.25,0.061,1515.78,No
ORD-001321,2025-06-14,North,R. Diaz,SMB,Hardware,Falcon Laptop,1,2493.73,0.007,2476.27,No
ORD-001322,2025-06-14,East,L. Nguyen,Mid-Market,Services,Priority Support,2,314.85,0.042,603.25,No
ORD-001323,2025-06-14,North,A. Chen,Mid-Market,Hardware,Nimbus Monitor,1,1893.47,0.064,1772.29,No
ORD-001324,2025-06-14,South,M. Okafor,SMB,Software,FlowSuite License,3,507.17,0.006,1512.38,No
ORD-001325,2025-06-14,West,D. Rossi,Enterprise,Accessories,Webcam HD,3,22.92,0.07,63.95,No
ORD-001326,2025-06-14,North,A. Chen,SMB,Services,Onboarding Package,2,799.51,0.058,1506.28,No
ORD-001327,2025-06-15,West,T. Brooks,Mid-Market,Accessories,Laptop Sleeve,2,38.03,0.011,75.22,No
ORD-001328,2025-06-15,South,S. Patel,SMB,Hardware,Nimbus Monitor,1,1993.88,0.032,1930.08,No
ORD-001329,2025-06-15,North,A. Chen,Enterprise,Services,Priority Support,1,642.24,0.087,586.37,No
ORD-001330,2025-06-15,South,M. Okafor,Mid-Market,Accessories,Webcam HD,2,91.71,0.139,157.92,No
ORD-001331,2025-06-15,West,T. Brooks,Mid-Market,Hardware,Nimbus Monitor,2,2116.19,0.034,4088.48,No
ORD-001332,2025-06-16,West,T. Brooks,SMB,Accessories,Wireless Mouse,5,63.6,0.015,313.23,No
ORD-001333,2025-06-16,North,R. Diaz,SMB,Accessories,USB-C Hub,4,25.37,0.073,94.07,No
ORD-001334,2025-06-16,North,R. Diaz,SMB,Hardware,Titan Desktop,1,1680.8,0.07,1563.14,No
ORD-001335,2025-06-16,East,L. Nguyen,SMB,Software,SecureGuard License,1,150.7,0.05,143.16,No
ORD-001336,2025-06-16,East,L. Nguyen,Enterprise,Accessories,USB-C Hub,4,71.61,0.029,278.13,No
ORD-001337,2025-06-16,West,D. Rossi,SMB,Accessories,Webcam HD,2,66.87,0.001,133.61,No
ORD-001338,2025-06-16,East,J. Kim,Mid-Market,Services,Onboarding Package,1,471.99,0.034,455.94,No
ORD-001339,2025-06-16,South,M. Okafor,SMB,Accessories,Laptop Sleeve,3,114.92,0.047,328.56,No
ORD-001340,2025-06-16,West,D. Rossi,SMB,Software,SecureGuard License,1,375.14,0.039,360.51,No
ORD-001341,2025-06-17,South,S. Patel,SMB,Software,FlowSuite License,1,523.86,0.058,493.48,No
ORD-001342,2025-06-17,East,J. Kim,SMB,Software,DataLens License,1,149.69,0.076,138.31,No
ORD-001343,2025-06-17,North,A. Chen,Mid-Market,Accessories,Wireless Mouse,2,17.72,0.009,35.12,No
ORD-001344,2025-06-17,South,S. Patel,SMB,Services,Custom Training,1,793.29,0.05,753.63,No
ORD-001345,2025-06-17,West,D. Rossi,SMB,Accessories,Laptop Sleeve,1,110.23,0.064,103.18,No
ORD-001346,2025-06-17,East,L. Nguyen,SMB,Software,FlowSuite License,1,504.59,0.057,475.83,No
ORD-001347,2025-06-17,West,D. Rossi,Enterprise,Hardware,Titan Desktop,1,1450.18,0.085,1326.91,No
ORD-001348,2025-06-17,South,M. Okafor,Enterprise,Software,SecureGuard License,1,477.41,0.177,392.91,No
ORD-001349,2025-06-18,West,D. Rossi,Mid-Market,Hardware,Nimbus Monitor,2,1276.46,0.122,2241.46,No
ORD-001350,2025-06-18,North,A. Chen,SMB,Software,FlowSuite License,2,271.74,0.072,504.35,No
ORD-001351,2025-06-18,North,A. Chen,Mid-Market,Hardware,Nimbus Monitor,1,1268.66,0.145,1084.7,No
ORD-001352,2025-06-18,East,J. Kim,SMB,Accessories,Laptop Sleeve,2,36.06,0.041,69.16,No
ORD-001353,2025-06-18,West,D. Rossi,SMB,Accessories,Wireless Mouse,2,57.55,0.03,111.65,No
ORD-001354,2025-06-18,East,L. Nguyen,SMB,Software,SecureGuard License,1,263.89,0.073,244.63,No
ORD-001355,2025-06-19,North,A. Chen,SMB,Accessories,USB-C Hub,5,64.04,0.065,299.39,No
ORD-001356,2025-06-19,South,S. Patel,Enterprise,Hardware,Falcon Laptop,1,2156.84,0.187,1753.51,No
ORD-001357,2025-06-19,East,L. Nguyen,SMB,Software,DataLens License,1,353.38,0.026,344.19,No
ORD-001358,2025-06-19,North,R. Diaz,SMB,Services,Custom Training,2,1492.73,0.063,2797.38,No
ORD-001359,2025-06-19,North,A. Chen,SMB,Accessories,Webcam HD,3,107.06,0.03,311.54,No
ORD-001360,2025-06-19,West,T. Brooks,Enterprise,Accessories,USB-C Hub,6,19.91,0.186,97.24,No
ORD-001361,2025-06-20,West,D. Rossi,Enterprise,Hardware,Nimbus Monitor,1,2286.99,0.155,1932.51,No
ORD-001362,2025-06-20,West,T. Brooks,SMB,Accessories,USB-C Hub,3,105.65,0.034,306.17,No
ORD-001363,2025-06-20,West,T. Brooks,SMB,Accessories,USB-C Hub,4,58.91,0.071,218.91,No
ORD-001364,2025-06-20,South,M. Okafor,Mid-Market,Accessories,Webcam HD,4,71.18,0.008,282.44,No
ORD-001365,2025-06-20,North,A. Chen,Mid-Market,Hardware,Titan Desktop,3,962.14,0.009,2860.44,No
ORD-001366,2025-06-20,West,D. Rossi,SMB,Software,DataLens License,1,576.36,0.0,576.36,No
ORD-001367,2025-06-21,South,M. Okafor,SMB,Software,DataLens License,1,382.18,0.07,355.43,No
ORD-001368,2025-06-21,East,L. Nguyen,SMB,Software,SecureGuard License,2,250.39,0.036,482.75,No
ORD-001369,2025-06-21,South,S. Patel,Mid-Market,Accessories,Wireless Mouse,2,75.84,0.125,132.72,No
ORD-001370,2025-06-21,West,D. Rossi,SMB,Accessories,Laptop Sleeve,3,97.48,0.06,274.89,No
ORD-001371,2025-06-21,North,A. Chen,SMB,Accessories,Webcam HD,3,49.21,0.015,145.42,No
ORD-001372,2025-06-21,East,L. Nguyen,SMB,Services,Onboarding Package,3,1175.58,0.078,3251.65,No
ORD-001373,2025-06-22,West,T. Brooks,Mid-Market,Accessories,USB-C Hub,2,32.03,0.097,57.85,No
ORD-001374,2025-06-22,East,J. Kim,SMB,Hardware,Nimbus Monitor,1,2221.56,0.059,2090.49,No
ORD-001375,2025-06-22,East,L. Nguyen,Mid-Market,Accessories,Webcam HD,2,79.42,0.013,156.78,No
ORD-001376,2025-06-22,South,M. Okafor,Enterprise,Accessories,Webcam HD,3,21.01,0.027,61.33,No
ORD-001377,2025-06-22,East,L. Nguyen,Mid-Market,Accessories,Laptop Sleeve,4,31.6,0.095,114.39,Yes
ORD-001378,2025-06-23,West,T. Brooks,SMB,Software,FlowSuite License,2,212.32,0.01,420.39,No
ORD-001379,2025-06-23,North,A. Chen,Mid-Market,Accessories,Webcam HD,5,45.66,0.004,227.39,No
ORD-001380,2025-06-24,East,L. Nguyen,SMB,Services,Custom Training,2,1434.97,0.013,2832.63,No
ORD-001381,2025-06-24,West,D. Rossi,SMB,Software,DataLens License,1,352.09,0.004,350.68,No
ORD-001382,2025-06-24,West,T. Brooks,Mid-Market,Accessories,Laptop Sleeve,4,68.66,0.044,262.56,No
ORD-001383,2025-06-24,East,J. Kim,Mid-Market,Software,FlowSuite License,1,362.26,0.036,349.22,No
ORD-001384,2025-06-24,South,M. Okafor,SMB,Hardware,Nimbus Monitor,1,1450.08,0.021,1419.63,No
ORD-001385,2025-06-24,North,A. Chen,Mid-Market,Services,Custom Training,1,469.53,0.09,427.27,No
ORD-001386,2025-06-25,West,D. Rossi,Mid-Market,Services,Onboarding Package,2,700.92,0.092,1272.87,No
ORD-001387,2025-06-25,South,M. Okafor,Mid-Market,Hardware,Nimbus Monitor,1,1781.59,0.008,1767.34,No
ORD-001388,2025-06-25,East,J. Kim,SMB,Software,FlowSuite License,1,145.92,0.002,145.63,No
ORD-001389,2025-06-25,West,D. Rossi,Mid-Market,Accessories,USB-C Hub,3,114.78,0.079,317.14,No
ORD-001390,2025-06-25,North,A. Chen,SMB,Accessories,Webcam HD,1,89.43,0.03,86.75,No
ORD-001391,2025-06-25,West,T. Brooks,Mid-Market,Software,SecureGuard License,2,418.51,0.075,774.24,No
ORD-001392,2025-06-25,West,T. Brooks,Mid-Market,Software,SecureGuard License,1,320.25,0.031,310.32,No
ORD-001393,2025-06-26,North,R. Diaz,Enterprise,Software,DataLens License,3,359.22,0.196,866.44,No
ORD-001394,2025-06-26,South,S. Patel,SMB,Accessories,Wireless Mouse,2,116.97,0.07,217.56,No
ORD-001395,2025-06-26,East,J. Kim,Mid-Market,Accessories,Wireless Mouse,1,116.26,0.091,105.68,No
ORD-001396,2025-06-26,East,L. Nguyen,Mid-Market,Software,SecureGuard License,2,563.14,0.132,977.61,No
ORD-001397,2025-06-26,North,A. Chen,Mid-Market,Accessories,Wireless Mouse,2,82.5,0.044,157.74,No
ORD-001398,2025-06-26,North,A. Chen,SMB,Software,SecureGuard License,1,163.14,0.039,156.78,No
ORD-001399,2025-06-26,North,R. Diaz,SMB,Accessories,Wireless Mouse,3,49.64,0.028,144.75,No
ORD-001400,2025-06-26,South,M. Okafor,SMB,Services,Onboarding Package,1,590.71,0.04,567.08,No
ORD-001401,2025-06-26,North,A. Chen,SMB,Software,DataLens License,1,402.07,0.013,396.84,No
ORD-001402,2025-06-26,North,R. Diaz,Enterprise,Hardware,Falcon Laptop,1,1015.22,0.108,905.58,No
ORD-001403,2025-06-26,West,T. Brooks,Mid-Market,Hardware,Falcon Laptop,1,1699.28,0.115,1503.86,No
ORD-001404,2025-06-27,South,M. Okafor,Enterprise,Accessories,Webcam HD,4,80.22,0.198,257.35,No
ORD-001405,2025-06-27,South,M. Okafor,Enterprise,Hardware,Nimbus Monitor,2,1338.34,0.104,2398.31,No
ORD-001406,2025-06-27,South,M. Okafor,Mid-Market,Accessories,Laptop Sleeve,4,44.4,0.041,170.32,No
ORD-001407,2025-06-27,West,D. Rossi,Mid-Market,Software,DataLens License,1,395.45,0.14,340.09,No
ORD-001408,2025-06-27,West,D. Rossi,Enterprise,Software,DataLens License,2,455.98,0.069,849.03,No
ORD-001409,2025-06-28,South,S. Patel,Mid-Market,Hardware,Falcon Laptop,3,2089.03,0.018,6154.28,No
ORD-001410,2025-06-28,West,T. Brooks,Mid-Market,Accessories,Webcam HD,2,49.52,0.12,87.16,Yes
ORD-001411,2025-06-28,North,R. Diaz,SMB,Services,Onboarding Package,1,427.45,0.067,398.81,No
ORD-001412,2025-06-28,East,J. Kim,Mid-Market,Accessories,Wireless Mouse,4,43.99,0.011,174.02,No
ORD-001413,2025-06-28,North,A. Chen,Enterprise,Services,Onboarding Package,2,689.39,0.202,1100.27,No
ORD-001414,2025-06-28,South,M. Okafor,Mid-Market,Hardware,Nimbus Monitor,2,2377.86,0.032,4603.54,No
ORD-001415,2025-06-28,North,A. Chen,SMB,Services,Priority Support,1,541.96,0.039,520.82,No
ORD-001416,2025-06-28,East,J. Kim,SMB,Hardware,Nimbus Monitor,2,1530.37,0.062,2870.97,No
ORD-001417,2025-06-29,West,T. Brooks,SMB,Accessories,Webcam HD,3,87.51,0.002,262.0,No
ORD-001418,2025-06-29,North,R. Diaz,Mid-Market,Software,FlowSuite License,1,360.6,0.131,313.36,No
ORD-001419,2025-06-29,East,J. Kim,Enterprise,Software,DataLens License,3,209.59,0.105,562.75,No
ORD-001420,2025-06-29,South,M. Okafor,SMB,Accessories,Webcam HD,4,66.25,0.029,257.31,No
ORD-001421,2025-06-29,East,L. Nguyen,SMB,Software,FlowSuite License,1,435.37,0.062,408.38,No
ORD-001422,2025-06-29,North,A. Chen,SMB,Services,Custom Training,3,999.87,0.061,2816.63,No
ORD-001423,2025-06-29,South,M. Okafor,SMB,Hardware,Titan Desktop,1,1039.72,0.047,990.85,No
ORD-001424,2025-06-29,North,R. Diaz,Mid-Market,Software,SecureGuard License,1,127.18,0.067,118.66,No
ORD-001425,2025-06-29,South,M. Okafor,Mid-Market,Accessories,Webcam HD,3,106.37,0.074,295.5,No
ORD-001426,2025-06-29,South,M. Okafor,SMB,Hardware,Titan Desktop,4,1458.1,0.048,5552.44,No
ORD-001427,2025-06-29,West,D. Rossi,SMB,Software,FlowSuite License,3,278.37,0.069,777.49,No
ORD-001428,2025-06-30,South,S. Patel,SMB,Software,SecureGuard License,1,354.35,0.013,349.74,No
ORD-001429,2025-06-30,West,D. Rossi,Enterprise,Services,Onboarding Package,2,1307.78,0.031,2534.48,No
ORD-001430,2025-06-30,East,L. Nguyen,SMB,Software,DataLens License,1,577.66,0.075,534.34,No
ORD-001431,2025-06-30,South,M. Okafor,SMB,Hardware,Nimbus Monitor,1,1340.36,0.029,1301.49,Yes
ORD-001432,2025-07-01,South,M. Okafor,Enterprise,Accessories,Wireless Mouse,1,94.91,0.213,74.69,No
ORD-001433,2025-07-01,North,R. Diaz,Mid-Market,Accessories,Laptop Sleeve,6,119.86,0.074,665.94,No
ORD-001434,2025-07-01,West,D. Rossi,SMB,Software,DataLens License,3,209.88,0.016,619.57,No
ORD-001435,2025-07-01,South,M. Okafor,SMB,Accessories,Laptop Sleeve,7,37.02,0.026,252.4,No
ORD-001436,2025-07-01,North,A. Chen,SMB,Hardware,Nimbus Monitor,3,2195.83,0.051,6251.53,No
ORD-001437,2025-07-01,East,L. Nguyen,SMB,Software,DataLens License,2,590.98,0.063,1107.5,No
ORD-001438,2025-07-02,North,R. Diaz,SMB,Hardware,Falcon Laptop,1,1011.22,0.071,939.42,No
ORD-001439,2025-07-02,East,L. Nguyen,SMB,Services,Onboarding Package,1,1404.51,0.013,1386.25,No
ORD-001440,2025-07-02,South,M. Okafor,Mid-Market,Accessories,Laptop Sleeve,2,24.45,0.054,46.26,No
ORD-001441,2025-07-02,West,T. Brooks,Mid-Market,Hardware,Nimbus Monitor,1,2362.13,0.032,2286.54,No
ORD-001442,2025-07-02,South,M. Okafor,Enterprise,Hardware,Titan Desktop,2,962.08,0.045,1837.57,No
ORD-001443,2025-07-02,West,T. Brooks,SMB,Accessories,USB-C Hub,5,111.97,0.069,521.22,No
ORD-001444,2025-07-03,North,A. Chen,Mid-Market,Hardware,Titan Desktop,2,2231.68,0.13,3883.12,No
ORD-001445,2025-07-03,South,M. Okafor,Enterprise,Services,Priority Support,1,303.1,0.065,283.4,No
ORD-001446,2025-07-03,West,D. Rossi,SMB,Accessories,Laptop Sleeve,2,115.5,0.008,229.15,No
ORD-001447,2025-07-03,North,R. Diaz,Mid-Market,Accessories,Webcam HD,3,89.04,0.087,243.88,No
ORD-001448,2025-07-03,North,R. Diaz,SMB,Accessories,USB-C Hub,1,77.02,0.032,74.56,No
ORD-001449,2025-07-03,East,J. Kim,Enterprise,Accessories,Webcam HD,1,82.9,0.003,82.65,No
ORD-001450,2025-07-03,West,T. Brooks,Enterprise,Accessories,USB-C Hub,5,48.39,0.147,206.38,No
ORD-001451,2025-07-03,East,J. Kim,SMB,Accessories,Laptop Sleeve,3,73.0,0.013,216.15,No
ORD-001452,2025-07-03,West,T. Brooks,Mid-Market,Software,DataLens License,1,556.19,0.132,482.77,No
ORD-001453,2025-07-03,North,A. Chen,SMB,Accessories,Laptop Sleeve,4,72.6,0.078,267.75,No
ORD-001454,2025-07-03,South,M. Okafor,Mid-Market,Hardware,Nimbus Monitor,3,1846.4,0.088,5051.75,No
ORD-001455,2025-07-03,North,R. Diaz,Enterprise,Software,FlowSuite License,1,295.93,0.05,281.13,No
ORD-001456,2025-07-04,South,S. Patel,SMB,Accessories,Laptop Sleeve,3,91.33,0.035,264.4,No
ORD-001457,2025-07-04,East,J. Kim,Enterprise,Hardware,Nimbus Monitor,1,1865.92,0.155,1576.7,No
ORD-001458,2025-07-04,West,D. Rossi,SMB,Accessories,Wireless Mouse,4,24.26,0.075,89.76,No
ORD-001459,2025-07-04,North,A. Chen,Enterprise,Hardware,Falcon Laptop,3,1797.24,0.222,4194.76,No
ORD-001460,2025-07-04,West,D. Rossi,Mid-Market,Hardware,Falcon Laptop,2,2062.88,0.082,3787.45,No
ORD-001461,2025-07-05,West,D. Rossi,Mid-Market,Accessories,Laptop Sleeve,1,84.76,0.1,76.28,No
ORD-001462,2025-07-05,West,T. Brooks,Enterprise,Hardware,Nimbus Monitor,2,1090.73,0.22,1701.54,No
ORD-001463,2025-07-05,North,R. Diaz,SMB,Services,Onboarding Package,3,1174.21,0.029,3420.47,No
ORD-001464,2025-07-05,North,R. Diaz,SMB,Hardware,Nimbus Monitor,2,1449.05,0.039,2785.07,No
ORD-001465,2025-07-05,West,T. Brooks,SMB,Accessories,Laptop Sleeve,2,47.09,0.077,86.93,No
ORD-001466,2025-07-05,West,T. Brooks,Mid-Market,Accessories,USB-C Hub,3,106.26,0.086,291.36,No
ORD-001467,2025-07-06,West,D. Rossi,SMB,Services,Priority Support,1,874.97,0.066,817.22,No
ORD-001468,2025-07-06,West,T. Brooks,Enterprise,Accessories,Laptop Sleeve,1,100.33,0.168,83.47,No
ORD-001469,2025-07-06,East,L. Nguyen,SMB,Software,SecureGuard License,1,283.28,0.06,266.28,No
ORD-001470,2025-07-06,North,A. Chen,Enterprise,Hardware,Titan Desktop,1,2478.73,0.069,2307.7,No
ORD-001471,2025-07-06,North,A. Chen,Enterprise,Software,FlowSuite License,2,236.05,0.071,438.58,No
ORD-001472,2025-07-07,North,A. Chen,SMB,Accessories,Laptop Sleeve,2,50.5,0.038,97.16,No
ORD-001473,2025-07-07,West,T. Brooks,SMB,Software,FlowSuite License,1,221.39,0.048,210.76,No
ORD-001474,2025-07-07,North,A. Chen,SMB,Software,DataLens License,1,126.2,0.01,124.94,No
ORD-001475,2025-07-07,South,S. Patel,Mid-Market,Accessories,Webcam HD,2,15.51,0.067,28.94,No
ORD-001476,2025-07-07,East,J. Kim,Enterprise,Hardware,Nimbus Monitor,1,2381.2,0.173,1969.25,No
ORD-001477,2025-07-08,South,S. Patel,SMB,Hardware,Nimbus Monitor,1,2365.9,0.01,2342.24,No
ORD-001478,2025-07-08,South,M. Okafor,SMB,Accessories,Laptop Sleeve,2,80.15,0.031,155.33,No
ORD-001479,2025-07-08,North,R. Diaz,SMB,Software,FlowSuite License,2,347.4,0.023,678.82,No
ORD-001480,2025-07-08,West,T. Brooks,SMB,Services,Custom Training,3,1483.11,0.034,4298.05,No
ORD-001481,2025-07-09,South,M. Okafor,Enterprise,Services,Priority Support,2,1097.26,0.078,2023.35,No
ORD-001482,2025-07-09,East,J. Kim,Mid-Market,Accessories,Webcam HD,2,43.35,0.031,84.01,No
ORD-001483,2025-07-09,South,S. Patel,SMB,Software,DataLens License,1,411.72,0.035,397.31,No
ORD-001484,2025-07-09,East,L. Nguyen,Mid-Market,Services,Custom Training,1,1123.18,0.01,1111.95,No
ORD-001485,2025-07-09,East,L. Nguyen,SMB,Accessories,Webcam HD,4,44.83,0.023,175.2,No
ORD-001486,2025-07-09,West,T. Brooks,Enterprise,Services,Priority Support,1,326.65,0.029,317.18,No
ORD-001487,2025-07-09,East,L. Nguyen,Enterprise,Services,Onboarding Package,1,543.18,0.204,432.37,No
ORD-001488,2025-07-09,North,R. Diaz,Enterprise,Hardware,Nimbus Monitor,1,2401.14,0.208,1901.7,Yes
ORD-001489,2025-07-09,West,T. Brooks,Mid-Market,Accessories,Wireless Mouse,1,71.74,0.066,67.01,No
ORD-001490,2025-07-10,North,R. Diaz,Mid-Market,Services,Custom Training,3,1160.6,0.122,3057.02,No
ORD-001491,2025-07-10,South,S. Patel,Mid-Market,Software,DataLens License,1,342.55,0.127,299.05,No
ORD-001492,2025-07-10,North,R. Diaz,Enterprise,Accessories,Wireless Mouse,1,72.32,0.238,55.11,No
ORD-001493,2025-07-10,East,L. Nguyen,SMB,Services,Custom Training,2,1332.17,0.014,2627.04,No
ORD-001494,2025-07-10,West,D. Rossi,Mid-Market,Hardware,Falcon Laptop,2,1046.3,0.147,1784.99,No
ORD-001495,2025-07-10,East,L. Nguyen,Mid-Market,Hardware,Nimbus Monitor,1,1341.45,0.077,1238.16,No
ORD-001496,2025-07-10,North,A. Chen,SMB,Hardware,Titan Desktop,2,2192.64,0.056,4139.7,No
ORD-001497,2025-07-10,North,R. Diaz,Enterprise,Services,Priority Support,1,896.13,0.109,798.45,No
ORD-001498,2025-07-11,South,S. Patel,SMB,Accessories,Wireless Mouse,5,75.23,0.041,360.73,No
ORD-001499,2025-07-11,West,T. Brooks,SMB,Software,FlowSuite License,3,444.83,0.07,1241.08,No
ORD-001500,2025-07-11,West,D. Rossi,SMB,Accessories,USB-C Hub,1,94.6,0.002,94.41,No
ORD-001501,2025-07-11,North,A. Chen,SMB,Accessories,Webcam HD,1,54.41,0.067,50.76,No
ORD-001502,2025-07-12,West,T. Brooks,Enterprise,Accessories,Wireless Mouse,4,17.04,0.231,52.42,No
ORD-001503,2025-07-12,West,D. Rossi,SMB,Accessories,USB-C Hub,2,106.12,0.01,210.12,No
ORD-001504,2025-07-12,North,A. Chen,SMB,Accessories,Wireless Mouse,9,15.93,0.059,134.91,No
ORD-001505,2025-07-12,East,L. Nguyen,Mid-Market,Accessories,Wireless Mouse,2,83.09,0.09,151.22,No
ORD-001506,2025-07-12,North,R. Diaz,SMB,Accessories,USB-C Hub,6,79.75,0.027,465.58,No
ORD-001507,2025-07-12,East,J. Kim,Mid-Market,Accessories,USB-C Hub,3,51.06,0.06,143.99,No
ORD-001508,2025-07-12,North,A. Chen,Mid-Market,Services,Onboarding Package,1,716.64,0.032,693.71,No
ORD-001509,2025-07-12,West,T. Brooks,Enterprise,Hardware,Nimbus Monitor,1,1663.83,0.027,1618.91,No
ORD-001510,2025-07-12,North,R. Diaz,SMB,Software,DataLens License,1,310.6,0.025,302.84,No
ORD-001511,2025-07-12,West,T. Brooks,Mid-Market,Services,Priority Support,2,865.42,0.102,1554.29,No
ORD-001512,2025-07-13,East,J. Kim,Enterprise,Accessories,Laptop Sleeve,3,88.72,0.003,265.36,No
ORD-001513,2025-07-13,West,D. Rossi,Mid-Market,Accessories,USB-C Hub,3,71.58,0.076,198.42,No
ORD-001514,2025-07-13,South,M. Okafor,Enterprise,Hardware,Titan Desktop,1,2401.95,0.243,1818.28,No
ORD-001515,2025-07-13,West,T. Brooks,Mid-Market,Software,DataLens License,1,256.9,0.013,253.56,No
ORD-001516,2025-07-13,South,M. Okafor,SMB,Software,FlowSuite License,3,260.7,0.055,739.08,No
ORD-001517,2025-07-13,North,R. Diaz,Enterprise,Accessories,Wireless Mouse,2,114.75,0.066,214.35,No
ORD-001518,2025-07-13,East,J. Kim,SMB,Accessories,Laptop Sleeve,1,33.8,0.066,31.57,No
ORD-001519,2025-07-13,East,J. Kim,SMB,Software,DataLens License,3,181.05,0.03,526.86,No
ORD-001520,2025-07-13,South,S. Patel,SMB,Services,Custom Training,3,727.51,0.066,2038.48,No
ORD-001521,2025-07-13,West,D. Rossi,Enterprise,Hardware,Titan Desktop,3,1269.31,0.075,3522.34,No
ORD-001522,2025-07-14,West,T. Brooks,Enterprise,Accessories,Wireless Mouse,1,82.9,0.053,78.51,No
ORD-001523,2025-07-14,North,A. Chen,Mid-Market,Services,Custom Training,3,1185.97,0.093,3227.02,No
ORD-001524,2025-07-14,South,S. Patel,SMB,Accessories,Webcam HD,9,55.61,0.074,463.45,No
ORD-001525,2025-07-14,South,S. Patel,Enterprise,Accessories,USB-C Hub,2,47.98,0.183,78.4,No
ORD-001526,2025-07-14,West,D. Rossi,SMB,Software,SecureGuard License,2,131.33,0.054,248.48,No
ORD-001527,2025-07-15,East,L. Nguyen,SMB,Hardware,Titan Desktop,1,1625.42,0.011,1607.54,No
ORD-001528,2025-07-15,West,D. Rossi,SMB,Accessories,USB-C Hub,7,119.82,0.005,834.55,Yes
ORD-001529,2025-07-15,North,R. Diaz,Mid-Market,Accessories,Laptop Sleeve,3,98.44,0.051,280.26,No
ORD-001530,2025-07-15,West,D. Rossi,SMB,Hardware,Titan Desktop,1,2064.36,0.06,1940.5,No
ORD-001531,2025-07-16,North,A. Chen,Mid-Market,Software,DataLens License,2,203.67,0.017,400.42,No
ORD-001532,2025-07-16,West,T. Brooks,SMB,Software,DataLens License,3,424.75,0.064,1192.7,Yes
ORD-001533,2025-07-16,West,T. Brooks,SMB,Accessories,Webcam HD,3,69.18,0.068,193.43,No
ORD-001534,2025-07-16,North,R. Diaz,Mid-Market,Accessories,Webcam HD,2,99.12,0.043,189.72,No
ORD-001535,2025-07-16,North,R. Diaz,SMB,Accessories,Wireless Mouse,4,57.63,0.009,228.45,No
ORD-001536,2025-07-17,West,T. Brooks,Mid-Market,Accessories,USB-C Hub,4,75.79,0.008,300.73,No
ORD-001537,2025-07-17,West,T. Brooks,Enterprise,Software,SecureGuard License,1,390.55,0.115,345.64,No
ORD-001538,2025-07-17,North,A. Chen,SMB,Accessories,Webcam HD,4,119.36,0.063,447.36,No
ORD-001539,2025-07-18,North,R. Diaz,Mid-Market,Accessories,Wireless Mouse,4,54.09,0.084,198.19,No
ORD-001540,2025-07-18,East,J. Kim,SMB,Software,SecureGuard License,3,358.7,0.04,1033.06,No
ORD-001541,2025-07-18,South,S. Patel,SMB,Accessories,Laptop Sleeve,2,93.18,0.043,178.35,No
ORD-001542,2025-07-18,West,T. Brooks,SMB,Accessories,Laptop Sleeve,1,87.93,0.043,84.15,No
ORD-001543,2025-07-18,East,L. Nguyen,Mid-Market,Accessories,Wireless Mouse,5,88.62,0.144,379.29,No
ORD-001544,2025-07-18,South,M. Okafor,Enterprise,Software,DataLens License,3,450.64,0.126,1181.58,No
ORD-001545,2025-07-18,East,J. Kim,SMB,Software,DataLens License,2,472.73,0.03,917.1,No
ORD-001546,2025-07-18,North,R. Diaz,SMB,Hardware,Titan Desktop,1,1786.84,0.021,1749.32,No
ORD-001547,2025-07-18,West,D. Rossi,Enterprise,Accessories,Laptop Sleeve,8,33.97,0.151,230.72,No
ORD-001548,2025-07-18,South,M. Okafor,Enterprise,Accessories,Wireless Mouse,1,29.4,0.14,25.28,Yes
ORD-001549,2025-07-19,West,T. Brooks,Mid-Market,Accessories,Wireless Mouse,1,46.45,0.026,45.24,No
ORD-001550,2025-07-19,South,M. Okafor,Mid-Market,Hardware,Falcon Laptop,1,1933.69,0.053,1831.2,No
ORD-001551,2025-07-19,East,J. Kim,Mid-Market,Services,Priority Support,2,1032.24,0.023,2017.0,No
ORD-001552,2025-07-20,West,D. Rossi,SMB,Software,SecureGuard License,1,378.56,0.024,369.47,No
ORD-001553,2025-07-20,West,D. Rossi,SMB,Accessories,Wireless Mouse,3,19.76,0.036,57.15,No
ORD-001554,2025-07-20,North,A. Chen,Enterprise,Accessories,USB-C Hub,3,21.19,0.149,54.1,No
ORD-001555,2025-07-20,West,T. Brooks,SMB,Hardware,Nimbus Monitor,1,1866.66,0.023,1823.73,No
ORD-001556,2025-07-20,South,M. Okafor,Mid-Market,Accessories,Laptop Sleeve,1,47.61,0.149,40.52,No
ORD-001557,2025-07-20,South,M. Okafor,SMB,Accessories,Wireless Mouse,3,99.96,0.067,279.79,No
ORD-001558,2025-07-21,North,A. Chen,SMB,Hardware,Nimbus Monitor,1,2290.57,0.076,2116.49,No
ORD-001559,2025-07-21,North,R. Diaz,SMB,Accessories,Webcam HD,5,88.86,0.025,433.19,No
ORD-001560,2025-07-21,South,S. Patel,SMB,Software,DataLens License,2,314.06,0.079,578.5,No
ORD-001561,2025-07-21,West,D. Rossi,Mid-Market,Software,SecureGuard License,1,456.64,0.08,420.11,No
ORD-001562,2025-07-21,West,T. Brooks,Enterprise,Hardware,Titan Desktop,3,1015.85,0.106,2724.51,No
ORD-001563,2025-07-21,South,M. Okafor,Mid-Market,Services,Priority Support,3,1374.5,0.129,3591.57,No
ORD-001564,2025-07-21,North,R. Diaz,SMB,Hardware,Nimbus Monitor,2,1605.01,0.048,3055.94,Yes
ORD-001565,2025-07-21,South,M. Okafor,SMB,Software,DataLens License,4,599.8,0.027,2334.42,No
ORD-001566,2025-07-22,South,S. Patel,Mid-Market,Software,FlowSuite License,1,167.77,0.062,157.37,No
ORD-001567,2025-07-22,East,L. Nguyen,SMB,Accessories,Laptop Sleeve,3,38.43,0.077,106.41,No
ORD-001568,2025-07-22,North,A. Chen,Enterprise,Software,DataLens License,2,297.19,0.198,476.69,No
ORD-001569,2025-07-22,South,S. Patel,SMB,Software,FlowSuite License,1,598.68,0.077,552.58,No
ORD-001570,2025-07-22,West,D. Rossi,SMB,Software,DataLens License,1,181.56,0.03,176.11,No
ORD-001571,2025-07-22,South,S. Patel,Enterprise,Accessories,USB-C Hub,1,29.36,0.219,22.93,No
ORD-001572,2025-07-22,East,L. Nguyen,SMB,Services,Onboarding Package,1,473.01,0.052,448.41,No
ORD-001573,2025-07-22,East,J. Kim,Mid-Market,Hardware,Falcon Laptop,1,1125.1,0.069,1047.47,No
ORD-001574,2025-07-23,North,R. Diaz,SMB,Software,DataLens License,2,556.2,0.046,1061.23,No
ORD-001575,2025-07-23,West,T. Brooks,SMB,Accessories,Laptop Sleeve,2,99.73,0.065,186.5,No
ORD-001576,2025-07-23,West,T. Brooks,Enterprise,Hardware,Nimbus Monitor,1,2339.71,0.161,1963.02,No
ORD-001577,2025-07-23,North,R. Diaz,Enterprise,Services,Priority Support,1,721.55,0.065,674.65,No
ORD-001578,2025-07-23,East,L. Nguyen,SMB,Services,Onboarding Package,1,598.45,0.057,564.34,No
ORD-001579,2025-07-23,East,J. Kim,Mid-Market,Accessories,Webcam HD,2,84.27,0.034,162.81,No
ORD-001580,2025-07-23,South,M. Okafor,Mid-Market,Services,Priority Support,1,1129.8,0.012,1116.24,No
ORD-001581,2025-07-23,West,D. Rossi,SMB,Software,SecureGuard License,5,144.88,0.06,680.94,No
ORD-001582,2025-07-23,East,L. Nguyen,SMB,Software,FlowSuite License,1,334.59,0.079,308.16,No
ORD-001583,2025-07-24,East,J. Kim,SMB,Software,FlowSuite License,1,589.87,0.044,563.92,No
ORD-001584,2025-07-24,East,J. Kim,Mid-Market,Accessories,Webcam HD,6,17.8,0.119,94.09,No
ORD-001585,2025-07-24,North,R. Diaz,Mid-Market,Accessories,Wireless Mouse,3,72.41,0.147,185.3,No
ORD-001586,2025-07-24,East,J. Kim,SMB,Software,FlowSuite License,1,426.85,0.041,409.35,No
ORD-001587,2025-07-24,South,S. Patel,SMB,Software,SecureGuard License,3,254.77,0.069,711.57,No
ORD-001588,2025-07-24,East,J. Kim,SMB,Services,Custom Training,1,1199.27,0.062,1124.92,No
ORD-001589,2025-07-24,South,M. Okafor,SMB,Hardware,Titan Desktop,1,2488.6,0.067,2321.86,No
ORD-001590,2025-07-24,North,R. Diaz,Mid-Market,Software,SecureGuard License,1,538.53,0.006,535.3,No
ORD-001591,2025-07-24,North,A. Chen,SMB,Accessories,Wireless Mouse,5,83.2,0.05,395.2,No
ORD-001592,2025-07-24,West,T. Brooks,Enterprise,Services,Custom Training,1,301.32,0.06,283.24,No
ORD-001593,2025-07-25,North,R. Diaz,SMB,Hardware,Nimbus Monitor,1,2287.68,0.041,2193.89,No
ORD-001594,2025-07-25,West,T. Brooks,SMB,Accessories,Webcam HD,8,25.69,0.036,198.12,No
ORD-001595,2025-07-25,East,L. Nguyen,Enterprise,Accessories,Wireless Mouse,2,16.44,0.249,24.69,No
ORD-001596,2025-07-25,West,T. Brooks,SMB,Software,SecureGuard License,4,463.48,0.006,1842.8,No
ORD-001597,2025-07-25,West,D. Rossi,Enterprise,Hardware,Falcon Laptop,2,2151.43,0.082,3950.03,No
ORD-001598,2025-07-25,South,S. Patel,Enterprise,Software,SecureGuard License,6,599.02,0.055,3396.44,No
ORD-001599,2025-07-25,West,T. Brooks,Mid-Market,Hardware,Falcon Laptop,1,1221.93,0.007,1213.38,No
ORD-001600,2025-07-25,South,S. Patel,SMB,Services,Priority Support,1,880.87,0.053,834.18,No
ORD-001601,2025-07-25,South,M. Okafor,Mid-Market,Hardware,Titan Desktop,1,1743.1,0.025,1699.52,No
ORD-001602,2025-07-25,East,J. Kim,SMB,Software,FlowSuite License,1,465.39,0.042,445.84,No
ORD-001603,2025-07-26,West,D. Rossi,Enterprise,Software,FlowSuite License,1,501.74,0.246,378.31,No
ORD-001604,2025-07-26,North,R. Diaz,Mid-Market,Software,DataLens License,1,583.01,0.03,565.52,No
ORD-001605,2025-07-26,West,D. Rossi,Enterprise,Accessories,Wireless Mouse,5,61.41,0.026,299.07,No
ORD-001606,2025-07-26,North,A. Chen,SMB,Software,DataLens License,1,501.22,0.048,477.16,No
ORD-001607,2025-07-26,North,R. Diaz,Mid-Market,Hardware,Falcon Laptop,1,2489.72,0.037,2397.6,Yes
ORD-001608,2025-07-26,South,S. Patel,SMB,Accessories,Laptop Sleeve,1,105.13,0.028,102.19,Yes
ORD-001609,2025-07-26,South,M. Okafor,Enterprise,Hardware,Titan Desktop,1,1203.76,0.226,931.71,No
ORD-001610,2025-07-26,West,T. Brooks,Mid-Market,Accessories,USB-C Hub,2,30.32,0.018,59.55,No
ORD-001611,2025-07-26,East,L. Nguyen,Mid-Market,Hardware,Titan Desktop,1,2262.76,0.121,1988.97,No
ORD-001612,2025-07-26,West,T. Brooks,SMB,Software,FlowSuite License,4,364.37,0.036,1405.01,No
ORD-001613,2025-07-26,North,A. Chen,SMB,Software,SecureGuard License,1,316.42,0.046,301.86,No
ORD-001614,2025-07-27,North,R. Diaz,Enterprise,Hardware,Nimbus Monitor,1,1099.37,0.205,874.0,No
ORD-001615,2025-07-27,South,S. Patel,Mid-Market,Services,Custom Training,1,912.28,0.124,799.16,No
ORD-001616,2025-07-27,North,R. Diaz,Mid-Market,Accessories,Wireless Mouse,3,51.49,0.1,139.02,No
ORD-001617,2025-07-27,South,M. Okafor,Enterprise,Software,DataLens License,2,497.38,0.07,925.13,No
ORD-001618,2025-07-27,North,R. Diaz,SMB,Software,SecureGuard License,2,410.58,0.047,782.57,No
ORD-001619,2025-07-27,West,T. Brooks,Mid-Market,Accessories,Webcam HD,1,115.32,0.101,103.67,No
ORD-001620,2025-07-28,East,J. Kim,SMB,Services,Onboarding Package,1,961.66,0.071,893.38,No
ORD-001621,2025-07-28,North,A. Chen,SMB,Services,Custom Training,1,1294.46,0.062,1214.2,No
ORD-001622,2025-07-28,East,J. Kim,Mid-Market,Software,SecureGuard License,1,179.78,0.029,174.57,No
ORD-001623,2025-07-28,West,D. Rossi,Enterprise,Accessories,Webcam HD,2,57.06,0.212,89.93,No
ORD-001624,2025-07-28,West,D. Rossi,Mid-Market,Accessories,Webcam HD,5,118.98,0.043,569.32,No
ORD-001625,2025-07-28,West,D. Rossi,Mid-Market,Accessories,Laptop Sleeve,5,91.37,0.04,438.58,No
ORD-001626,2025-07-28,West,D. Rossi,Mid-Market,Services,Priority Support,2,324.7,0.086,593.55,No
ORD-001627,2025-07-28,North,A. Chen,Mid-Market,Accessories,Wireless Mouse,3,70.1,0.05,199.78,No
ORD-001628,2025-07-28,North,R. Diaz,Enterprise,Accessories,Webcam HD,2,100.59,0.127,175.63,Yes
ORD-001629,2025-07-28,West,T. Brooks,SMB,Software,SecureGuard License,2,173.11,0.059,325.79,No
ORD-001630,2025-07-28,South,S. Patel,Enterprise,Software,DataLens License,2,288.23,0.242,436.96,No
ORD-001631,2025-07-29,North,R. Diaz,SMB,Software,DataLens License,1,285.4,0.056,269.42,No
ORD-001632,2025-07-29,South,S. Patel,Enterprise,Accessories,Laptop Sleeve,1,39.7,0.234,30.41,No
ORD-001633,2025-07-29,West,T. Brooks,SMB,Accessories,Laptop Sleeve,4,23.14,0.068,86.27,No
ORD-001634,2025-07-29,North,R. Diaz,Enterprise,Accessories,Webcam HD,3,95.93,0.215,225.92,Yes
ORD-001635,2025-07-30,West,T. Brooks,Mid-Market,Services,Onboarding Package,3,598.75,0.148,1530.4,No
ORD-001636,2025-07-30,South,M. Okafor,Mid-Market,Software,DataLens License,2,599.9,0.066,1120.61,No
ORD-001637,2025-07-30,East,J. Kim,Enterprise,Software,DataLens License,2,357.9,0.105,640.64,No
ORD-001638,2025-07-30,East,L. Nguyen,Mid-Market,Accessories,Laptop Sleeve,5,45.93,0.148,195.66,No
ORD-001639,2025-07-30,East,J. Kim,Mid-Market,Hardware,Nimbus Monitor,3,1176.18,0.067,3292.13,No
ORD-001640,2025-07-30,North,A. Chen,Enterprise,Software,SecureGuard License,1,542.99,0.234,415.93,No
ORD-001641,2025-07-30,East,J. Kim,SMB,Hardware,Titan Desktop,4,2283.09,0.029,8867.52,No
ORD-001642,2025-07-30,West,T. Brooks,SMB,Hardware,Falcon Laptop,1,1552.72,0.066,1450.24,No
ORD-001643,2025-07-30,West,T. Brooks,Enterprise,Software,SecureGuard License,2,206.31,0.07,383.74,No
ORD-001644,2025-07-30,South,M. Okafor,SMB,Hardware,Falcon Laptop,1,1382.98,0.051,1312.45,No
ORD-001645,2025-07-31,East,J. Kim,SMB,Accessories,Wireless Mouse,4,55.22,0.04,212.04,No
ORD-001646,2025-07-31,East,L. Nguyen,Mid-Market,Software,FlowSuite License,1,175.87,0.01,174.11,No
ORD-001647,2025-07-31,East,L. Nguyen,Enterprise,Services,Onboarding Package,5,506.12,0.238,1928.32,No
ORD-001648,2025-07-31,North,R. Diaz,Enterprise,Software,DataLens License,4,326.86,0.027,1272.14,No
ORD-001649,2025-07-31,West,T. Brooks,Mid-Market,Hardware,Nimbus Monitor,1,971.3,0.019,952.85,No
ORD-001650,2025-07-31,West,D. Rossi,Enterprise,Services,Onboarding Package,1,822.77,0.245,621.19,No
ORD-001651,2025-07-31,North,A. Chen,Mid-Market,Hardware,Titan Desktop,1,2045.25,0.132,1775.28,No
ORD-001652,2025-07-31,North,R. Diaz,SMB,Services,Priority Support,1,335.01,0.063,313.9,No
ORD-001653,2025-08-01,West,D. Rossi,Enterprise,Software,SecureGuard License,2,577.91,0.147,985.91,No
ORD-001654,2025-08-01,East,L. Nguyen,SMB,Software,SecureGuard License,2,250.82,0.044,479.57,No
ORD-001655,2025-08-01,South,S. Patel,Mid-Market,Software,FlowSuite License,1,272.86,0.138,235.21,No
ORD-001656,2025-08-01,South,M. Okafor,SMB,Hardware,Nimbus Monitor,2,1596.21,0.017,3138.15,No
ORD-001657,2025-08-01,North,A. Chen,SMB,Software,FlowSuite License,1,409.76,0.045,391.32,No
ORD-001658,2025-08-01,West,D. Rossi,Mid-Market,Accessories,Webcam HD,1,113.35,0.091,103.04,No
ORD-001659,2025-08-01,West,T. Brooks,Enterprise,Software,SecureGuard License,1,407.43,0.055,385.02,No
ORD-001660,2025-08-01,South,S. Patel,Enterprise,Services,Priority Support,1,1077.2,0.14,926.39,No
ORD-001661,2025-08-01,North,R. Diaz,SMB,Software,SecureGuard License,1,140.16,0.067,130.77,No
ORD-001662,2025-08-02,South,S. Patel,Enterprise,Hardware,Nimbus Monitor,2,2378.83,0.2,3806.13,No
ORD-001663,2025-08-02,West,T. Brooks,Enterprise,Software,FlowSuite License,1,485.65,0.01,480.79,No
ORD-001664,2025-08-02,South,M. Okafor,Mid-Market,Accessories,USB-C Hub,3,111.62,0.141,287.64,No
ORD-001665,2025-08-02,South,S. Patel,Enterprise,Software,DataLens License,1,348.98,0.047,332.58,No
ORD-001666,2025-08-03,South,S. Patel,Mid-Market,Hardware,Titan Desktop,1,1127.22,0.104,1009.99,No
ORD-001667,2025-08-03,West,D. Rossi,Mid-Market,Accessories,USB-C Hub,2,28.87,0.094,52.31,No
ORD-001668,2025-08-03,North,R. Diaz,SMB,Software,FlowSuite License,2,316.71,0.071,588.45,No
ORD-001669,2025-08-03,South,S. Patel,Mid-Market,Software,SecureGuard License,1,181.76,0.124,159.22,No
ORD-001670,2025-08-03,West,T. Brooks,Enterprise,Services,Custom Training,1,1214.23,0.22,947.1,No
ORD-001671,2025-08-03,North,R. Diaz,Mid-Market,Software,FlowSuite License,1,141.75,0.012,140.05,No
ORD-001672,2025-08-03,East,J. Kim,SMB,Hardware,Falcon Laptop,1,2342.57,0.027,2279.32,No
ORD-001673,2025-08-03,South,S. Patel,SMB,Hardware,Falcon Laptop,1,1606.46,0.044,1535.78,No
ORD-001674,2025-08-03,West,T. Brooks,Mid-Market,Software,DataLens License,1,216.88,0.015,213.63,No
ORD-001675,2025-08-03,East,L. Nguyen,Mid-Market,Services,Onboarding Package,4,847.97,0.043,3246.03,No
ORD-001676,2025-08-03,North,A. Chen,Enterprise,Hardware,Falcon Laptop,1,1984.96,0.214,1560.18,Yes
ORD-001677,2025-08-04,East,J. Kim,SMB,Services,Custom Training,3,787.28,0.06,2220.13,No
ORD-001678,2025-08-04,North,A. Chen,Mid-Market,Software,SecureGuard License,1,443.09,0.087,404.54,Yes
ORD-001679,2025-08-04,South,S. Patel,Mid-Market,Services,Onboarding Package,1,993.23,0.046,947.54,No
ORD-001680,2025-08-04,West,D. Rossi,SMB,Accessories,USB-C Hub,1,111.72,0.072,103.68,No
ORD-001681,2025-08-04,South,M. Okafor,SMB,Services,Onboarding Package,2,1247.76,0.028,2425.65,No
ORD-001682,2025-08-04,South,M. Okafor,Mid-Market,Software,DataLens License,3,150.36,0.012,445.67,No
ORD-001683,2025-08-04,North,R. Diaz,SMB,Software,DataLens License,4,290.14,0.046,1107.17,No
ORD-001684,2025-08-04,East,J. Kim,SMB,Accessories,Wireless Mouse,3,55.56,0.037,160.51,No
ORD-001685,2025-08-04,East,J. Kim,SMB,Hardware,Titan Desktop,2,1655.93,0.077,3056.85,No
ORD-001686,2025-08-04,West,D. Rossi,Mid-Market,Accessories,Laptop Sleeve,4,107.31,0.069,399.62,Yes
ORD-001687,2025-08-04,South,S. Patel,SMB,Accessories,USB-C Hub,1,24.17,0.006,24.02,No
ORD-001688,2025-08-05,East,L. Nguyen,SMB,Hardware,Titan Desktop,1,948.58,0.062,889.77,No
ORD-001689,2025-08-05,South,M. Okafor,SMB,Services,Onboarding Package,2,861.47,0.003,1717.77,Yes
ORD-001690,2025-08-05,West,T. Brooks,Mid-Market,Accessories,Webcam HD,4,18.88,0.043,72.27,No
ORD-001691,2025-08-05,West,T. Brooks,SMB,Hardware,Nimbus Monitor,1,2172.69,0.052,2059.71,No
ORD-001692,2025-08-05,East,J. Kim,Mid-Market,Software,FlowSuite License,1,231.2,0.015,227.73,No
ORD-001693,2025-08-05,South,M. Okafor,Enterprise,Accessories,Webcam HD,3,46.82,0.084,128.66,No
ORD-001694,2025-08-05,South,S. Patel,SMB,Accessories,USB-C Hub,1,62.19,0.003,62.0,No
ORD-001695,2025-08-06,East,L. Nguyen,SMB,Accessories,Laptop Sleeve,6,36.58,0.013,216.63,No
ORD-001696,2025-08-06,North,R. Diaz,SMB,Hardware,Nimbus Monitor,2,1423.42,0.032,2755.74,No
ORD-001697,2025-08-06,West,T. Brooks,SMB,Hardware,Titan Desktop,2,1558.8,0.024,3042.78,No
ORD-001698,2025-08-06,North,A. Chen,SMB,Services,Custom Training,2,438.2,0.025,854.49,No
ORD-001699,2025-08-06,South,S. Patel,Mid-Market,Software,DataLens License,1,342.29,0.026,333.39,No
ORD-001700,2025-08-06,East,L. Nguyen,SMB,Accessories,Wireless Mouse,3,114.4,0.056,323.98,No
ORD-001701,2025-08-06,West,T. Brooks,Enterprise,Hardware,Nimbus Monitor,1,2092.24,0.005,2081.78,No
ORD-001702,2025-08-06,North,A. Chen,Enterprise,Accessories,USB-C Hub,3,33.37,0.037,96.41,No
ORD-001703,2025-08-06,North,R. Diaz,SMB,Services,Priority Support,2,1310.3,0.078,2416.19,No
ORD-001704,2025-08-07,West,T. Brooks,SMB,Hardware,Titan Desktop,1,1852.59,0.045,1769.22,No
ORD-001705,2025-08-07,East,L. Nguyen,Enterprise,Services,Priority Support,2,634.11,0.1,1141.4,No
ORD-001706,2025-08-07,South,S. Patel,SMB,Hardware,Nimbus Monitor,1,1241.56,0.075,1148.44,No
ORD-001707,2025-08-07,East,L. Nguyen,Enterprise,Software,FlowSuite License,1,443.87,0.006,441.21,No
ORD-001708,2025-08-07,East,J. Kim,SMB,Services,Onboarding Package,1,1093.81,0.019,1073.03,No
ORD-001709,2025-08-07,South,S. Patel,SMB,Accessories,Webcam HD,1,28.85,0.051,27.38,No
ORD-001710,2025-08-07,East,L. Nguyen,Mid-Market,Hardware,Nimbus Monitor,1,1618.27,0.037,1558.39,No
ORD-001711,2025-08-07,West,D. Rossi,Mid-Market,Hardware,Nimbus Monitor,1,2481.62,0.071,2305.42,No
ORD-001712,2025-08-07,North,A. Chen,Enterprise,Software,SecureGuard License,1,176.5,0.017,173.5,No
ORD-001713,2025-08-08,North,R. Diaz,Enterprise,Hardware,Titan Desktop,1,1112.13,0.191,899.71,No
ORD-001714,2025-08-08,East,J. Kim,SMB,Hardware,Titan Desktop,1,2261.15,0.068,2107.39,No
ORD-001715,2025-08-08,West,T. Brooks,SMB,Accessories,USB-C Hub,1,18.03,0.036,17.38,No
ORD-001716,2025-08-08,South,M. Okafor,Enterprise,Accessories,Laptop Sleeve,4,60.19,0.131,209.22,No
ORD-001717,2025-08-08,West,T. Brooks,SMB,Services,Onboarding Package,1,755.38,0.047,719.88,No
ORD-001718,2025-08-08,South,M. Okafor,Enterprise,Accessories,Webcam HD,6,58.81,0.015,347.57,No
ORD-001719,2025-08-08,North,R. Diaz,Mid-Market,Services,Priority Support,3,1499.38,0.146,3841.41,No
ORD-001720,2025-08-08,West,T. Brooks,Enterprise,Software,SecureGuard License,1,493.72,0.154,417.69,No
ORD-001721,2025-08-09,East,J. Kim,Enterprise,Software,SecureGuard License,1,511.1,0.177,420.64,No
ORD-001722,2025-08-09,East,L. Nguyen,SMB,Software,FlowSuite License,1,494.67,0.021,484.28,No
ORD-001723,2025-08-09,East,J. Kim,Mid-Market,Accessories,Wireless Mouse,4,87.22,0.068,325.16,Yes
ORD-001724,2025-08-09,North,R. Diaz,SMB,Software,FlowSuite License,1,249.57,0.048,237.59,No
ORD-001725,2025-08-09,North,A. Chen,Mid-Market,Accessories,Wireless Mouse,2,18.98,0.099,34.2,No
ORD-001726,2025-08-09,North,R. Diaz,SMB,Hardware,Falcon Laptop,1,1298.32,0.062,1217.82,No
ORD-001727,2025-08-09,West,T. Brooks,Mid-Market,Hardware,Falcon Laptop,1,1602.13,0.048,1525.23,No
ORD-001728,2025-08-09,South,M. Okafor,SMB,Accessories,USB-C Hub,2,31.95,0.014,63.01,No
ORD-001729,2025-08-10,North,A. Chen,Enterprise,Accessories,USB-C Hub,3,86.63,0.002,259.37,No
ORD-001730,2025-08-10,East,J. Kim,SMB,Hardware,Titan Desktop,2,2284.67,0.019,4482.52,No
ORD-001731,2025-08-11,West,D. Rossi,SMB,Software,SecureGuard License,1,508.8,0.076,470.13,No
ORD-001732,2025-08-11,North,R. Diaz,SMB,Software,FlowSuite License,2,151.46,0.016,298.07,No
ORD-001733,2025-08-11,South,S. Patel,Mid-Market,Software,FlowSuite License,2,151.76,0.004,302.31,No
ORD-001734,2025-08-11,North,A. Chen,SMB,Software,FlowSuite License,1,360.39,0.024,351.74,No
ORD-001735,2025-08-11,South,S. Patel,Enterprise,Software,DataLens License,1,131.85,0.04,126.58,No
ORD-001736,2025-08-11,North,A. Chen,Mid-Market,Services,Custom Training,2,357.49,0.082,656.35,No
ORD-001737,2025-08-11,West,T. Brooks,SMB,Software,FlowSuite License,2,453.15,0.025,883.64,No
ORD-001738,2025-08-12,West,T. Brooks,Mid-Market,Accessories,Wireless Mouse,1,52.79,0.04,50.68,No
ORD-001739,2025-08-12,East,J. Kim,SMB,Accessories,Webcam HD,7,61.85,0.029,420.39,No
ORD-001740,2025-08-12,South,M. Okafor,Enterprise,Hardware,Nimbus Monitor,1,1104.38,0.135,955.29,No
ORD-001741,2025-08-12,West,T. Brooks,Mid-Market,Software,FlowSuite License,1,548.88,0.04,526.92,No
ORD-001742,2025-08-12,North,R. Diaz,Enterprise,Software,FlowSuite License,2,281.12,0.082,516.14,No
ORD-001743,2025-08-12,West,D. Rossi,SMB,Accessories,Wireless Mouse,3,46.86,0.031,136.22,Yes
ORD-001744,2025-08-12,North,R. Diaz,SMB,Hardware,Titan Desktop,1,2328.83,0.004,2319.51,No
ORD-001745,2025-08-13,East,L. Nguyen,Mid-Market,Accessories,Webcam HD,1,17.3,0.057,16.31,No
ORD-001746,2025-08-13,West,D. Rossi,Enterprise,Hardware,Titan Desktop,1,1178.93,0.209,932.53,No
ORD-001747,2025-08-13,West,T. Brooks,Enterprise,Software,DataLens License,2,448.33,0.069,834.79,No
ORD-001748,2025-08-13,West,T. Brooks,SMB,Accessories,Laptop Sleeve,5,94.34,0.07,438.68,No
ORD-001749,2025-08-13,West,D. Rossi,Enterprise,Hardware,Falcon Laptop,1,1985.61,0.162,1663.94,No
ORD-001750,2025-08-13,West,D. Rossi,SMB,Accessories,Webcam HD,5,82.05,0.006,407.79,No
ORD-001751,2025-08-13,South,M. Okafor,Mid-Market,Hardware,Falcon Laptop,3,2076.77,0.051,5912.56,No
ORD-001752,2025-08-13,South,M. Okafor,Mid-Market,Software,FlowSuite License,2,277.18,0.119,488.39,No
ORD-001753,2025-08-13,North,A. Chen,Mid-Market,Accessories,USB-C Hub,2,81.49,0.095,147.5,Yes
ORD-001754,2025-08-13,South,M. Okafor,SMB,Services,Priority Support,1,456.52,0.044,436.43,No
ORD-001755,2025-08-14,East,J. Kim,SMB,Accessories,Wireless Mouse,2,33.39,0.066,62.37,No
ORD-001756,2025-08-14,West,T. Brooks,Enterprise,Accessories,Laptop Sleeve,2,105.62,0.207,167.51,No
ORD-001757,2025-08-14,East,L. Nguyen,Mid-Market,Accessories,USB-C Hub,1,87.55,0.078,80.72,No
ORD-001758,2025-08-14,West,T. Brooks,SMB,Accessories,Webcam HD,3,119.93,0.067,335.68,No
ORD-001759,2025-08-14,East,J. Kim,Mid-Market,Accessories,Webcam HD,2,104.95,0.074,194.37,No
ORD-001760,2025-08-14,North,A. Chen,SMB,Hardware,Titan Desktop,1,1214.25,0.079,1118.32,No
ORD-001761,2025-08-14,East,L. Nguyen,Mid-Market,Accessories,Wireless Mouse,3,107.37,0.026,313.74,No
ORD-001762,2025-08-14,West,T. Brooks,Mid-Market,Accessories,Webcam HD,6,94.67,0.087,518.6,No
ORD-001763,2025-08-14,North,R. Diaz,Mid-Market,Software,FlowSuite License,1,379.23,0.15,322.35,No
ORD-001764,2025-08-14,North,A. Chen,SMB,Hardware,Nimbus Monitor,3,1156.14,0.06,3260.31,No
ORD-001765,2025-08-14,West,T. Brooks,SMB,Software,FlowSuite License,2,304.85,0.023,595.68,No
ORD-001766,2025-08-14,North,A. Chen,Enterprise,Accessories,Laptop Sleeve,3,29.76,0.125,78.12,No
ORD-001767,2025-08-15,East,L. Nguyen,Mid-Market,Accessories,Webcam HD,4,74.19,0.009,294.09,No
ORD-001768,2025-08-15,West,D. Rossi,SMB,Accessories,Laptop Sleeve,6,67.08,0.031,390.0,No
ORD-001769,2025-08-15,West,T. Brooks,Enterprise,Accessories,USB-C Hub,2,72.54,0.153,122.88,No
ORD-001770,2025-08-15,South,M. Okafor,Mid-Market,Software,SecureGuard License,3,368.09,0.117,975.07,No
ORD-001771,2025-08-16,West,T. Brooks,Enterprise,Services,Custom Training,1,1172.17,0.148,998.69,No
ORD-001772,2025-08-16,East,J. Kim,Mid-Market,Accessories,USB-C Hub,2,100.26,0.061,188.29,No
ORD-001773,2025-08-16,East,J. Kim,Enterprise,Software,FlowSuite License,1,349.36,0.087,318.97,No
ORD-001774,2025-08-16,East,J. Kim,SMB,Software,DataLens License,4,506.58,0.025,1975.66,No
ORD-001775,2025-08-16,West,D. Rossi,SMB,Software,DataLens License,1,165.43,0.038,159.14,No
ORD-001776,2025-08-16,North,A. Chen,SMB,Services,Priority Support,1,642.11,0.08,590.74,No
ORD-001777,2025-08-16,East,J. Kim,Mid-Market,Hardware,Titan Desktop,2,948.8,0.046,1810.31,No
ORD-001778,2025-08-16,South,M. Okafor,Mid-Market,Software,FlowSuite License,4,493.16,0.02,1933.19,No
ORD-001779,2025-08-16,East,L. Nguyen,Enterprise,Software,FlowSuite License,1,133.22,0.082,122.3,No
ORD-001780,2025-08-16,North,A. Chen,Mid-Market,Software,SecureGuard License,1,468.49,0.088,427.26,No
ORD-001781,2025-08-16,North,R. Diaz,SMB,Software,SecureGuard License,1,361.43,0.031,350.23,No
ORD-001782,2025-08-16,East,L. Nguyen,Mid-Market,Hardware,Falcon Laptop,2,2441.73,0.006,4854.16,No
ORD-001783,2025-08-16,South,M. Okafor,SMB,Hardware,Falcon Laptop,3,2104.74,0.06,5935.37,No
ORD-001784,2025-08-17,East,J. Kim,SMB,Hardware,Titan Desktop,2,1500.44,0.052,2844.83,No
ORD-001785,2025-08-17,East,L. Nguyen,Mid-Market,Hardware,Titan Desktop,5,1757.58,0.142,7540.02,No
ORD-001786,2025-08-17,West,D. Rossi,SMB,Accessories,Laptop Sleeve,3,96.55,0.063,271.4,No
ORD-001787,2025-08-17,West,D. Rossi,Enterprise,Hardware,Titan Desktop,1,1399.44,0.164,1169.93,No
ORD-001788,2025-08-17,West,T. Brooks,Enterprise,Accessories,Laptop Sleeve,2,51.7,0.035,99.78,No
ORD-001789,2025-08-17,West,D. Rossi,SMB,Software,FlowSuite License,2,367.18,0.035,708.66,No
ORD-001790,2025-08-17,West,D. Rossi,Mid-Market,Accessories,Laptop Sleeve,4,81.13,0.09,295.31,Yes
ORD-001791,2025-08-17,West,T. Brooks,SMB,Software,SecureGuard License,1,431.39,0.026,420.17,No
ORD-001792,2025-08-17,East,J. Kim,SMB,Accessories,Wireless Mouse,3,16.61,0.016,49.03,No
ORD-001793,2025-08-18,East,J. Kim,Enterprise,Software,SecureGuard License,2,349.7,0.25,524.55,No
ORD-001794,2025-08-18,West,T. Brooks,SMB,Accessories,Wireless Mouse,1,32.1,0.017,31.55,No
ORD-001795,2025-08-18,West,D. Rossi,Enterprise,Hardware,Titan Desktop,1,1449.93,0.155,1225.19,No
ORD-001796,2025-08-18,East,J. Kim,Mid-Market,Software,FlowSuite License,1,525.43,0.097,474.46,No
ORD-001797,2025-08-18,East,J. Kim,SMB,Accessories,Webcam HD,7,40.49,0.044,270.96,No
ORD-001798,2025-08-18,East,J. Kim,SMB,Accessories,USB-C Hub,3,49.23,0.077,136.32,Yes
ORD-001799,2025-08-18,East,J. Kim,Mid-Market,Accessories,USB-C Hub,2,55.22,0.008,109.56,No
ORD-001800,2025-08-18,East,L. Nguyen,Enterprise,Accessories,USB-C Hub,3,100.5,0.126,263.51,No
ORD-001801,2025-08-18,East,L. Nguyen,SMB,Hardware,Nimbus Monitor,1,2177.17,0.034,2103.15,No
ORD-001802,2025-08-19,North,R. Diaz,Enterprise,Software,SecureGuard License,1,346.34,0.16,290.93,No
ORD-001803,2025-08-19,West,T. Brooks,Mid-Market,Accessories,USB-C Hub,3,28.05,0.077,77.67,No
ORD-001804,2025-08-19,South,S. Patel,SMB,Accessories,Wireless Mouse,2,31.15,0.079,57.38,No
ORD-001805,2025-08-19,South,S. Patel,Mid-Market,Software,FlowSuite License,3,399.97,0.128,1046.32,No
ORD-001806,2025-08-19,East,L. Nguyen,Mid-Market,Hardware,Falcon Laptop,1,1659.25,0.003,1654.27,No
ORD-001807,2025-08-19,South,S. Patel,Mid-Market,Hardware,Falcon Laptop,3,1675.05,0.013,4959.82,No
ORD-001808,2025-08-19,South,M. Okafor,Enterprise,Software,SecureGuard License,3,302.66,0.091,825.35,No
ORD-001809,2025-08-19,West,T. Brooks,Enterprise,Software,FlowSuite License,2,188.41,0.154,318.79,No
ORD-001810,2025-08-19,South,M. Okafor,SMB,Accessories,Webcam HD,4,57.35,0.044,219.31,No
ORD-001811,2025-08-20,North,R. Diaz,SMB,Accessories,Laptop Sleeve,3,52.15,0.058,147.38,No
ORD-001812,2025-08-20,South,S. Patel,SMB,Accessories,Webcam HD,3,70.46,0.021,206.94,No
ORD-001813,2025-08-20,North,A. Chen,SMB,Accessories,USB-C Hub,5,70.41,0.013,347.47,No
ORD-001814,2025-08-20,North,R. Diaz,SMB,Hardware,Nimbus Monitor,2,1820.12,0.032,3523.75,No
ORD-001815,2025-08-20,East,J. Kim,SMB,Services,Onboarding Package,2,829.51,0.026,1615.89,No
ORD-001816,2025-08-20,North,R. Diaz,Enterprise,Software,DataLens License,3,574.73,0.244,1303.49,No
ORD-001817,2025-08-20,East,J. Kim,SMB,Hardware,Falcon Laptop,1,1597.07,0.074,1478.89,No
ORD-001818,2025-08-20,North,A. Chen,Enterprise,Accessories,Webcam HD,1,17.85,0.222,13.89,No
ORD-001819,2025-08-20,East,L. Nguyen,SMB,Hardware,Falcon Laptop,2,1506.92,0.021,2950.55,No
ORD-001820,2025-08-20,West,D. Rossi,SMB,Software,FlowSuite License,2,552.79,0.021,1082.36,No
ORD-001821,2025-08-21,North,A. Chen,SMB,Accessories,USB-C Hub,1,26.33,0.034,25.43,No
ORD-001822,2025-08-21,North,A. Chen,SMB,Hardware,Titan Desktop,3,1794.12,0.021,5269.33,Yes
ORD-001823,2025-08-21,South,M. Okafor,SMB,Services,Onboarding Package,4,1320.85,0.033,5109.05,No
ORD-001824,2025-08-21,East,J. Kim,SMB,Services,Custom Training,1,300.28,0.032,290.67,No
ORD-001825,2025-08-21,East,J. Kim,Enterprise,Accessories,Wireless Mouse,4,55.5,0.198,178.04,No
ORD-001826,2025-08-21,East,L. Nguyen,SMB,Hardware,Nimbus Monitor,1,2200.16,0.015,2167.16,No
ORD-001827,2025-08-21,West,T. Brooks,Mid-Market,Hardware,Nimbus Monitor,2,2437.42,0.145,4167.99,No
ORD-001828,2025-08-21,West,D. Rossi,SMB,Services,Onboarding Package,1,1256.78,0.004,1251.75,No
ORD-001829,2025-08-21,South,S. Patel,SMB,Hardware,Nimbus Monitor,1,2335.48,0.03,2265.42,No
ORD-001830,2025-08-22,North,A. Chen,Mid-Market,Software,FlowSuite License,1,536.22,0.084,491.18,No
ORD-001831,2025-08-22,North,A. Chen,Mid-Market,Hardware,Titan Desktop,3,1870.48,0.056,5297.2,No
ORD-001832,2025-08-22,North,R. Diaz,SMB,Accessories,USB-C Hub,4,73.94,0.017,290.73,No
ORD-001833,2025-08-23,East,L. Nguyen,SMB,Services,Onboarding Package,2,401.57,0.068,748.53,No
ORD-001834,2025-08-23,East,L. Nguyen,Mid-Market,Software,DataLens License,1,599.37,0.124,525.05,No
ORD-001835,2025-08-23,South,M. Okafor,SMB,Software,DataLens License,1,197.14,0.009,195.37,No
ORD-001836,2025-08-23,South,S. Patel,Mid-Market,Accessories,Wireless Mouse,2,82.89,0.056,156.5,No
ORD-001837,2025-08-23,South,M. Okafor,Enterprise,Services,Custom Training,1,1344.8,0.206,1067.77,No
ORD-001838,2025-08-23,South,M. Okafor,Enterprise,Software,DataLens License,4,221.56,0.146,756.85,No
ORD-001839,2025-08-23,North,A. Chen,Enterprise,Services,Priority Support,3,565.41,0.148,1445.19,No
ORD-001840,2025-08-24,West,D. Rossi,Mid-Market,Hardware,Titan Desktop,1,1906.84,0.103,1710.44,No
ORD-001841,2025-08-24,South,S. Patel,Enterprise,Software,DataLens License,1,569.61,0.026,554.8,No
ORD-001842,2025-08-24,West,D. Rossi,SMB,Accessories,USB-C Hub,2,88.46,0.038,170.2,No
ORD-001843,2025-08-24,South,S. Patel,Mid-Market,Accessories,Laptop Sleeve,4,52.04,0.145,177.98,No
ORD-001844,2025-08-24,West,D. Rossi,SMB,Services,Custom Training,1,937.97,0.076,866.68,No
ORD-001845,2025-08-25,North,R. Diaz,SMB,Accessories,Webcam HD,3,22.65,0.015,66.93,No
ORD-001846,2025-08-25,East,L. Nguyen,Mid-Market,Software,SecureGuard License,1,310.36,0.138,267.53,No
ORD-001847,2025-08-25,East,L. Nguyen,SMB,Software,FlowSuite License,1,523.43,0.034,505.63,No
ORD-001848,2025-08-25,North,A. Chen,SMB,Services,Priority Support,1,304.72,0.012,301.06,No
ORD-001849,2025-08-26,East,L. Nguyen,Enterprise,Accessories,Webcam HD,6,95.99,0.106,514.89,No
ORD-001850,2025-08-26,North,R. Diaz,SMB,Software,DataLens License,1,376.57,0.033,364.14,No
ORD-001851,2025-08-26,South,M. Okafor,SMB,Software,SecureGuard License,2,487.14,0.056,919.72,No
ORD-001852,2025-08-26,North,R. Diaz,Mid-Market,Services,Custom Training,4,435.16,0.125,1523.06,No
ORD-001853,2025-08-26,West,D. Rossi,Enterprise,Software,SecureGuard License,2,525.09,0.135,908.41,No
ORD-001854,2025-08-27,East,L. Nguyen,SMB,Services,Custom Training,1,417.38,0.038,401.52,No
ORD-001855,2025-08-27,North,R. Diaz,Enterprise,Software,FlowSuite License,2,474.79,0.083,870.76,No
ORD-001856,2025-08-27,North,A. Chen,Enterprise,Services,Priority Support,1,1193.11,0.08,1097.66,No
ORD-001857,2025-08-27,West,D. Rossi,Enterprise,Accessories,Laptop Sleeve,4,93.76,0.137,323.66,No
ORD-001858,2025-08-27,West,D. Rossi,SMB,Hardware,Nimbus Monitor,1,2311.7,0.061,2170.69,No
ORD-001859,2025-08-27,South,M. Okafor,SMB,Software,FlowSuite License,1,246.67,0.044,235.82,No
ORD-001860,2025-08-27,North,A. Chen,Mid-Market,Software,FlowSuite License,3,549.17,0.049,1566.78,No
ORD-001861,2025-08-27,East,J. Kim,SMB,Hardware,Nimbus Monitor,1,1897.62,0.019,1861.57,No
ORD-001862,2025-08-27,East,L. Nguyen,SMB,Hardware,Falcon Laptop,1,1007.73,0.068,939.2,No
ORD-001863,2025-08-27,North,R. Diaz,Enterprise,Services,Custom Training,1,1360.49,0.124,1191.79,No
ORD-001864,2025-08-27,East,J. Kim,SMB,Software,DataLens License,2,461.56,0.043,883.43,No
ORD-001865,2025-08-27,South,S. Patel,SMB,Software,FlowSuite License,3,157.27,0.034,455.77,No
ORD-001866,2025-08-27,North,R. Diaz,Enterprise,Accessories,Wireless Mouse,4,70.99,0.092,257.84,No
ORD-001867,2025-08-27,South,S. Patel,Mid-Market,Software,DataLens License,1,368.93,0.14,317.28,No
ORD-001868,2025-08-28,West,T. Brooks,Enterprise,Hardware,Nimbus Monitor,4,1263.04,0.237,3854.8,No
ORD-001869,2025-08-28,West,D. Rossi,Mid-Market,Accessories,USB-C Hub,3,107.34,0.044,307.85,No
ORD-001870,2025-08-28,South,S. Patel,SMB,Accessories,Wireless Mouse,2,32.24,0.0,64.48,No
ORD-001871,2025-08-28,West,T. Brooks,SMB,Hardware,Nimbus Monitor,1,1372.18,0.059,1291.22,No
ORD-001872,2025-08-28,East,J. Kim,Enterprise,Hardware,Nimbus Monitor,1,2109.73,0.04,2025.34,No
ORD-001873,2025-08-28,East,J. Kim,SMB,Services,Priority Support,2,356.2,0.047,678.92,No
ORD-001874,2025-08-28,South,M. Okafor,Mid-Market,Hardware,Nimbus Monitor,1,1648.02,0.056,1555.73,No
ORD-001875,2025-08-28,West,T. Brooks,SMB,Software,SecureGuard License,1,146.63,0.074,135.78,No
ORD-001876,2025-08-28,East,J. Kim,SMB,Hardware,Nimbus Monitor,1,1970.51,0.073,1826.66,No
ORD-001877,2025-08-29,South,S. Patel,Mid-Market,Accessories,Wireless Mouse,3,18.64,0.125,48.93,No
ORD-001878,2025-08-29,North,R. Diaz,Mid-Market,Services,Onboarding Package,1,736.5,0.099,663.59,No
ORD-001879,2025-08-29,North,A. Chen,Mid-Market,Software,SecureGuard License,2,204.86,0.132,355.64,No
ORD-001880,2025-08-29,West,D. Rossi,Mid-Market,Software,FlowSuite License,1,556.36,0.022,544.12,Yes
ORD-001881,2025-08-29,East,J. Kim,Enterprise,Software,DataLens License,2,538.28,0.204,856.94,No
ORD-001882,2025-08-29,West,T. Brooks,Enterprise,Accessories,Laptop Sleeve,7,18.41,0.057,121.52,No
ORD-001883,2025-08-29,East,L. Nguyen,SMB,Hardware,Falcon Laptop,2,1004.75,0.049,1911.03,No
ORD-001884,2025-08-30,East,J. Kim,Enterprise,Accessories,Wireless Mouse,5,54.45,0.225,210.99,No
ORD-001885,2025-08-30,West,D. Rossi,SMB,Hardware,Nimbus Monitor,1,1413.89,0.068,1317.75,No
ORD-001886,2025-08-30,West,T. Brooks,Mid-Market,Accessories,Wireless Mouse,2,109.77,0.098,198.03,No
ORD-001887,2025-08-30,South,M. Okafor,Enterprise,Software,SecureGuard License,1,219.39,0.163,183.63,No
ORD-001888,2025-08-30,North,A. Chen,Mid-Market,Software,DataLens License,1,210.26,0.137,181.45,No
ORD-001889,2025-08-30,North,A. Chen,Mid-Market,Accessories,Laptop Sleeve,4,80.43,0.011,318.18,No
ORD-001890,2025-08-31,West,T. Brooks,SMB,Hardware,Nimbus Monitor,2,1497.8,0.049,2848.82,No
ORD-001891,2025-08-31,East,J. Kim,Mid-Market,Hardware,Titan Desktop,2,1441.87,0.102,2589.6,No
ORD-001892,2025-08-31,South,M. Okafor,SMB,Software,FlowSuite License,1,276.55,0.026,269.36,No
ORD-001893,2025-08-31,South,S. Patel,Enterprise,Accessories,Webcam HD,5,97.88,0.146,417.95,No
ORD-001894,2025-08-31,East,J. Kim,Mid-Market,Accessories,USB-C Hub,2,64.46,0.054,121.96,No
ORD-001895,2025-08-31,East,J. Kim,Mid-Market,Accessories,Laptop Sleeve,3,29.33,0.024,85.88,No
ORD-001896,2025-08-31,South,M. Okafor,SMB,Accessories,Wireless Mouse,2,75.61,0.019,148.35,No
ORD-001897,2025-08-31,North,R. Diaz,Mid-Market,Accessories,Laptop Sleeve,1,81.05,0.121,71.24,No
ORD-001898,2025-08-31,North,R. Diaz,Enterprise,Accessories,Wireless Mouse,3,15.02,0.029,43.75,Yes
ORD-001899,2025-08-31,East,L. Nguyen,SMB,Hardware,Nimbus Monitor,1,1185.0,0.053,1122.19,No
ORD-001900,2025-08-31,West,D. Rossi,SMB,Software,DataLens License,3,326.01,0.069,910.55,No
ORD-001901,2025-08-31,North,R. Diaz,SMB,Software,SecureGuard License,1,550.84,0.03,534.31,No
ORD-001902,2025-08-31,North,A. Chen,Enterprise,Accessories,Laptop Sleeve,1,103.73,0.201,82.88,No
ORD-001903,2025-08-31,South,M. Okafor,Enterprise,Software,FlowSuite License,1,441.2,0.099,397.52,No
ORD-001904,2025-09-01,North,R. Diaz,SMB,Software,FlowSuite License,1,320.9,0.015,316.09,No
ORD-001905,2025-09-01,South,S. Patel,SMB,Services,Onboarding Package,1,440.31,0.073,408.17,No
ORD-001906,2025-09-01,West,T. Brooks,Mid-Market,Software,DataLens License,1,187.84,0.127,163.98,No
ORD-001907,2025-09-01,South,M. Okafor,SMB,Hardware,Nimbus Monitor,1,2195.38,0.031,2127.32,No
ORD-001908,2025-09-01,East,L. Nguyen,SMB,Software,SecureGuard License,1,143.99,0.02,141.11,Yes
ORD-001909,2025-09-01,East,J. Kim,SMB,Software,DataLens License,2,477.65,0.069,889.38,No
ORD-001910,2025-09-01,South,M. Okafor,Enterprise,Hardware,Titan Desktop,1,2470.42,0.112,2193.73,Yes
ORD-001911,2025-09-01,North,R. Diaz,Mid-Market,Services,Priority Support,1,380.3,0.1,342.27,No
ORD-001912,2025-09-01,East,L. Nguyen,Mid-Market,Software,FlowSuite License,1,249.67,0.063,233.94,No
ORD-001913,2025-09-02,East,L. Nguyen,Enterprise,Accessories,Webcam HD,3,119.11,0.083,327.67,No
ORD-001914,2025-09-02,North,R. Diaz,Enterprise,Services,Custom Training,2,563.87,0.008,1118.72,No
ORD-001915,2025-09-02,South,S. Patel,Mid-Market,Services,Priority Support,1,1148.55,0.04,1102.61,No
ORD-001916,2025-09-02,South,S. Patel,SMB,Services,Priority Support,2,489.58,0.027,952.72,No
ORD-001917,2025-09-02,West,T. Brooks,SMB,Software,SecureGuard License,1,528.09,0.076,487.96,Yes
ORD-001918,2025-09-02,East,L. Nguyen,SMB,Software,SecureGuard License,3,461.07,0.044,1322.35,No
ORD-001919,2025-09-02,South,S. Patel,SMB,Software,FlowSuite License,1,527.08,0.048,501.78,No
ORD-001920,2025-09-02,South,S. Patel,Mid-Market,Software,SecureGuard License,2,546.58,0.142,937.93,No
ORD-001921,2025-09-02,West,T. Brooks,Mid-Market,Accessories,Webcam HD,1,39.2,0.063,36.73,No
ORD-001922,2025-09-02,North,R. Diaz,Mid-Market,Software,FlowSuite License,1,425.07,0.108,379.16,No
ORD-001923,2025-09-02,South,S. Patel,Enterprise,Accessories,USB-C Hub,1,112.68,0.116,99.61,No
ORD-001924,2025-09-02,South,M. Okafor,SMB,Hardware,Falcon Laptop,1,2273.56,0.074,2105.32,No
ORD-001925,2025-09-02,North,R. Diaz,Mid-Market,Services,Onboarding Package,1,471.6,0.063,441.89,No
ORD-001926,2025-09-03,South,M. Okafor,SMB,Services,Custom Training,1,1134.4,0.079,1044.78,No
ORD-001927,2025-09-03,East,L. Nguyen,SMB,Hardware,Nimbus Monitor,1,2011.21,0.061,1888.53,No
ORD-001928,2025-09-03,East,L. Nguyen,Mid-Market,Accessories,Wireless Mouse,3,42.91,0.003,128.34,Yes
ORD-001929,2025-09-03,West,D. Rossi,Enterprise,Software,SecureGuard License,1,442.77,0.104,396.72,No
ORD-001930,2025-09-03,East,L. Nguyen,SMB,Software,FlowSuite License,3,155.75,0.054,442.02,No
ORD-001931,2025-09-04,North,A. Chen,SMB,Services,Onboarding Package,1,1103.5,0.023,1078.12,No
ORD-001932,2025-09-04,East,L. Nguyen,Enterprise,Services,Custom Training,5,1243.56,0.115,5502.75,No
ORD-001933,2025-09-04,West,D. Rossi,Enterprise,Software,FlowSuite License,2,242.1,0.094,438.69,No
ORD-001934,2025-09-04,North,A. Chen,Mid-Market,Software,SecureGuard License,3,369.72,0.093,1006.01,No
ORD-001935,2025-09-04,East,J. Kim,Mid-Market,Services,Priority Support,1,621.27,0.025,605.74,No
ORD-001936,2025-09-04,North,R. Diaz,Mid-Market,Hardware,Titan Desktop,2,2341.65,0.11,4168.14,No
ORD-001937,2025-09-04,West,T. Brooks,Enterprise,Hardware,Falcon Laptop,1,1179.0,0.127,1029.27,No
ORD-001938,2025-09-04,North,A. Chen,Mid-Market,Software,DataLens License,1,563.04,0.094,510.11,No
ORD-001939,2025-09-04,North,R. Diaz,Mid-Market,Accessories,USB-C Hub,4,59.66,0.107,213.11,No
ORD-001940,2025-09-04,West,T. Brooks,SMB,Hardware,Falcon Laptop,1,2411.23,0.041,2312.37,Yes
ORD-001941,2025-09-04,East,L. Nguyen,Enterprise,Hardware,Titan Desktop,3,2053.51,0.139,5304.22,No
ORD-001942,2025-09-04,West,D. Rossi,SMB,Accessories,Webcam HD,4,44.47,0.032,172.19,No
ORD-001943,2025-09-04,West,T. Brooks,Mid-Market,Hardware,Falcon Laptop,1,1761.18,0.143,1509.33,No
ORD-001944,2025-09-04,North,R. Diaz,SMB,Accessories,USB-C Hub,1,65.71,0.061,61.7,Yes
ORD-001945,2025-09-04,North,A. Chen,SMB,Software,DataLens License,2,206.11,0.019,404.39,No
ORD-001946,2025-09-04,South,S. Patel,SMB,Accessories,Laptop Sleeve,5,23.18,0.042,111.03,No
ORD-001947,2025-09-05,West,D. Rossi,SMB,Accessories,USB-C Hub,2,84.44,0.074,156.38,No
ORD-001948,2025-09-05,South,M. Okafor,Mid-Market,Software,SecureGuard License,1,457.47,0.043,437.8,No
ORD-001949,2025-09-05,East,J. Kim,SMB,Accessories,Webcam HD,7,48.17,0.015,332.13,No
ORD-001950,2025-09-05,South,S. Patel,SMB,Software,SecureGuard License,3,357.21,0.047,1021.26,No
ORD-001951,2025-09-05,South,M. Okafor,Mid-Market,Accessories,Webcam HD,2,98.07,0.113,173.98,No
ORD-001952,2025-09-05,West,T. Brooks,Mid-Market,Software,FlowSuite License,1,418.74,0.032,405.34,No
ORD-001953,2025-09-05,West,D. Rossi,SMB,Services,Priority Support,1,876.91,0.005,872.53,No
ORD-001954,2025-09-05,East,J. Kim,Mid-Market,Software,FlowSuite License,1,279.21,0.071,259.39,No
ORD-001955,2025-09-05,West,D. Rossi,Enterprise,Accessories,Webcam HD,7,30.38,0.123,186.5,No
ORD-001956,2025-09-05,West,D. Rossi,SMB,Software,FlowSuite License,1,438.07,0.03,424.93,No
ORD-001957,2025-09-05,West,T. Brooks,SMB,Accessories,USB-C Hub,4,86.13,0.05,327.29,No
ORD-001958,2025-09-05,East,L. Nguyen,Mid-Market,Software,FlowSuite License,1,358.54,0.029,348.14,No
ORD-001959,2025-09-05,West,D. Rossi,Mid-Market,Software,FlowSuite License,1,299.83,0.106,268.05,No
ORD-001960,2025-09-06,North,R. Diaz,SMB,Software,SecureGuard License,1,540.56,0.002,539.48,No
ORD-001961,2025-09-06,West,T. Brooks,Enterprise,Software,DataLens License,3,230.24,0.198,553.96,No
ORD-001962,2025-09-06,North,R. Diaz,SMB,Services,Priority Support,1,642.05,0.015,632.42,No
ORD-001963,2025-09-06,South,S. Patel,Enterprise,Accessories,USB-C Hub,5,46.46,0.187,188.86,No
ORD-001964,2025-09-06,West,T. Brooks,SMB,Services,Priority Support,1,823.35,0.038,792.06,No
ORD-001965,2025-09-06,East,L. Nguyen,SMB,Services,Priority Support,3,946.83,0.001,2837.65,No
ORD-001966,2025-09-06,North,A. Chen,SMB,Services,Custom Training,2,545.3,0.058,1027.35,No
ORD-001967,2025-09-07,South,S. Patel,Mid-Market,Hardware,Nimbus Monitor,3,1326.29,0.095,3600.88,No
ORD-001968,2025-09-07,North,R. Diaz,SMB,Services,Custom Training,2,1162.88,0.018,2283.9,No
ORD-001969,2025-09-07,South,M. Okafor,Enterprise,Software,FlowSuite License,1,479.41,0.213,377.3,No
ORD-001970,2025-09-07,East,J. Kim,Mid-Market,Software,DataLens License,5,242.58,0.128,1057.65,No
ORD-001971,2025-09-07,North,R. Diaz,Enterprise,Accessories,USB-C Hub,1,57.86,0.188,46.98,No
ORD-001972,2025-09-07,South,M. Okafor,Enterprise,Software,DataLens License,1,425.15,0.012,420.05,No
ORD-001973,2025-09-07,North,A. Chen,SMB,Accessories,Laptop Sleeve,2,57.34,0.062,107.57,No
ORD-001974,2025-09-07,West,T. Brooks,SMB,Hardware,Nimbus Monitor,3,946.88,0.023,2775.31,No
ORD-001975,2025-09-07,West,T. Brooks,Mid-Market,Software,SecureGuard License,1,277.84,0.131,241.44,No
ORD-001976,2025-09-07,South,S. Patel,Mid-Market,Accessories,USB-C Hub,2,118.53,0.036,228.53,No
ORD-001977,2025-09-07,North,R. Diaz,Enterprise,Accessories,Laptop Sleeve,4,103.02,0.186,335.43,No
ORD-001978,2025-09-08,North,A. Chen,Enterprise,Software,DataLens License,4,233.62,0.206,741.98,No
ORD-001979,2025-09-08,South,M. Okafor,SMB,Hardware,Titan Desktop,3,924.52,0.017,2726.41,No
ORD-001980,2025-09-08,North,A. Chen,SMB,Services,Priority Support,2,1141.65,0.019,2239.92,No
ORD-001981,2025-09-08,South,M. Okafor,SMB,Software,DataLens License,1,138.0,0.029,134.0,No
ORD-001982,2025-09-08,South,M. Okafor,SMB,Software,SecureGuard License,1,200.99,0.056,189.73,No
ORD-001983,2025-09-08,East,L. Nguyen,SMB,Hardware,Nimbus Monitor,1,1466.79,0.016,1443.32,No
ORD-001984,2025-09-08,West,T. Brooks,Mid-Market,Software,SecureGuard License,1,578.06,0.057,545.11,No
ORD-001985,2025-09-08,West,T. Brooks,Mid-Market,Services,Priority Support,3,528.97,0.108,1415.52,No
ORD-001986,2025-09-08,North,A. Chen,Mid-Market,Software,SecureGuard License,1,564.07,0.024,550.53,No
ORD-001987,2025-09-09,West,D. Rossi,SMB,Accessories,Laptop Sleeve,2,22.65,0.056,42.76,No
ORD-001988,2025-09-09,West,D. Rossi,SMB,Accessories,Webcam HD,2,77.98,0.044,149.1,No
ORD-001989,2025-09-09,South,S. Patel,Enterprise,Software,FlowSuite License,3,181.03,0.16,456.2,No
ORD-001990,2025-09-09,North,R. Diaz,Enterprise,Software,FlowSuite License,2,517.49,0.176,852.82,No
ORD-001991,2025-09-09,West,T. Brooks,SMB,Hardware,Titan Desktop,5,1925.71,0.053,9118.24,No
ORD-001992,2025-09-09,West,D. Rossi,Mid-Market,Accessories,Laptop Sleeve,1,80.61,0.104,72.23,No
ORD-001993,2025-09-09,East,L. Nguyen,SMB,Accessories,Laptop Sleeve,7,109.1,0.035,736.97,No
ORD-001994,2025-09-09,North,R. Diaz,Enterprise,Hardware,Titan Desktop,1,1384.98,0.082,1271.41,No
ORD-001995,2025-09-10,West,D. Rossi,SMB,Services,Custom Training,4,1333.16,0.004,5311.31,No
ORD-001996,2025-09-10,East,L. Nguyen,SMB,Software,SecureGuard License,1,331.37,0.074,306.85,No
ORD-001997,2025-09-10,East,J. Kim,SMB,Software,FlowSuite License,1,289.78,0.024,282.83,No
ORD-001998,2025-09-10,South,S. Patel,SMB,Software,SecureGuard License,1,524.31,0.018,514.87,No
ORD-001999,2025-09-10,East,L. Nguyen,SMB,Software,FlowSuite License,1,423.7,0.015,417.34,No
ORD-002000,2025-09-10,North,A. Chen,SMB,Hardware,Nimbus Monitor,1,1286.46,0.049,1223.42,No
ORD-002001,2025-09-10,West,T. Brooks,Mid-Market,Hardware,Falcon Laptop,4,1303.1,0.03,5056.03,No
ORD-002002,2025-09-10,North,A. Chen,Enterprise,Services,Custom Training,1,1384.9,0.111,1231.18,No
ORD-002003,2025-09-10,East,L. Nguyen,Mid-Market,Accessories,Webcam HD,3,39.49,0.072,109.94,No
ORD-002004,2025-09-11,West,D. Rossi,SMB,Accessories,Laptop Sleeve,3,94.08,0.068,263.05,No
ORD-002005,2025-09-11,West,D. Rossi,SMB,Software,SecureGuard License,1,477.47,0.061,448.34,No
ORD-002006,2025-09-11,West,T. Brooks,Mid-Market,Accessories,USB-C Hub,2,106.3,0.08,195.59,No
ORD-002007,2025-09-11,East,J. Kim,Enterprise,Accessories,USB-C Hub,2,111.16,0.169,184.75,No
ORD-002008,2025-09-11,West,T. Brooks,SMB,Software,FlowSuite License,4,377.43,0.065,1411.59,Yes
ORD-002009,2025-09-11,South,S. Patel,Enterprise,Accessories,USB-C Hub,3,84.34,0.105,226.45,No
ORD-002010,2025-09-11,North,A. Chen,SMB,Accessories,Laptop Sleeve,1,52.91,0.052,50.16,Yes
ORD-002011,2025-09-11,North,A. Chen,SMB,Software,FlowSuite License,1,538.83,0.058,507.58,No
ORD-002012,2025-09-11,South,S. Patel,SMB,Accessories,Webcam HD,1,39.42,0.009,39.07,No
ORD-002013,2025-09-11,South,M. Okafor,SMB,Accessories,Wireless Mouse,3,118.86,0.046,340.18,No
ORD-002014,2025-09-12,South,S. Patel,Mid-Market,Software,SecureGuard License,1,231.62,0.085,211.93,No
ORD-002015,2025-09-12,West,D. Rossi,Enterprise,Software,DataLens License,1,353.12,0.083,323.81,No
ORD-002016,2025-09-12,South,M. Okafor,SMB,Hardware,Nimbus Monitor,3,1718.87,0.039,4955.5,No
ORD-002017,2025-09-12,West,D. Rossi,SMB,Accessories,Laptop Sleeve,4,15.03,0.018,59.04,No
ORD-002018,2025-09-12,North,A. Chen,Mid-Market,Accessories,Webcam HD,1,25.82,0.069,24.04,No
ORD-002019,2025-09-12,East,L. Nguyen,Mid-Market,Accessories,Wireless Mouse,2,61.93,0.08,113.95,No
ORD-002020,2025-09-12,West,D. Rossi,SMB,Software,DataLens License,2,593.7,0.075,1098.35,No
ORD-002021,2025-09-12,South,M. Okafor,Mid-Market,Services,Custom Training,4,1436.09,0.133,4980.36,No
ORD-002022,2025-09-12,West,T. Brooks,Mid-Market,Software,FlowSuite License,1,380.11,0.025,370.61,No
ORD-002023,2025-09-12,North,A. Chen,SMB,Services,Priority Support,1,582.6,0.032,563.96,No
ORD-002024,2025-09-12,South,M. Okafor,Mid-Market,Hardware,Nimbus Monitor,1,1177.49,0.143,1009.11,No
ORD-002025,2025-09-13,North,A. Chen,Enterprise,Software,DataLens License,1,397.43,0.239,302.44,No
ORD-002026,2025-09-13,North,R. Diaz,SMB,Hardware,Nimbus Monitor,1,1769.11,0.076,1634.66,No
ORD-002027,2025-09-13,North,A. Chen,Mid-Market,Software,DataLens License,1,179.49,0.068,167.28,No
ORD-002028,2025-09-13,East,L. Nguyen,SMB,Hardware,Titan Desktop,2,2216.79,0.02,4344.91,No
ORD-002029,2025-09-13,East,L. Nguyen,Mid-Market,Accessories,USB-C Hub,5,74.2,0.026,361.35,No
ORD-002030,2025-09-13,West,T. Brooks,SMB,Accessories,Webcam HD,1,66.38,0.067,61.93,No
ORD-002031,2025-09-13,South,M. Okafor,SMB,Services,Onboarding Package,1,1445.01,0.038,1390.1,No
ORD-002032,2025-09-13,North,R. Diaz,SMB,Accessories,USB-C Hub,3,102.88,0.055,291.66,No
ORD-002033,2025-09-13,South,M. Okafor,Enterprise,Software,SecureGuard License,1,571.07,0.013,563.65,No
ORD-002034,2025-09-13,South,S. Patel,Mid-Market,Services,Priority Support,1,485.74,0.141,417.25,No
ORD-002035,2025-09-14,South,M. Okafor,Mid-Market,Software,SecureGuard License,1,497.63,0.055,470.26,No
ORD-002036,2025-09-14,West,T. Brooks,Enterprise,Accessories,USB-C Hub,4,75.31,0.212,237.38,No
ORD-002037,2025-09-14,West,T. Brooks,Mid-Market,Accessories,Wireless Mouse,2,79.41,0.059,149.45,No
ORD-002038,2025-09-14,West,T. Brooks,SMB,Accessories,Wireless Mouse,4,113.65,0.039,436.87,No
ORD-002039,2025-09-14,South,S. Patel,Enterprise,Accessories,Webcam HD,6,95.84,0.097,519.26,No
ORD-002040,2025-09-14,South,S. Patel,SMB,Accessories,USB-C Hub,1,34.52,0.005,34.35,Yes
ORD-002041,2025-09-14,North,R. Diaz,SMB,Software,SecureGuard License,1,269.34,0.005,267.99,No
ORD-002042,2025-09-14,South,M. Okafor,SMB,Services,Custom Training,1,1428.07,0.022,1396.65,No
ORD-002043,2025-09-14,East,L. Nguyen,Mid-Market,Software,DataLens License,2,542.32,0.125,949.06,No
ORD-002044,2025-09-14,North,R. Diaz,Enterprise,Accessories,Webcam HD,5,113.52,0.092,515.38,No
ORD-002045,2025-09-15,North,A. Chen,Enterprise,Software,DataLens License,1,393.46,0.192,317.92,No
ORD-002046,2025-09-15,South,S. Patel,SMB,Hardware,Falcon Laptop,1,2006.24,0.027,1952.07,No
ORD-002047,2025-09-15,East,L. Nguyen,SMB,Software,SecureGuard License,2,490.22,0.077,904.95,No
ORD-002048,2025-09-15,North,A. Chen,Mid-Market,Accessories,USB-C Hub,2,35.81,0.04,68.76,No
ORD-002049,2025-09-15,West,T. Brooks,Mid-Market,Accessories,Wireless Mouse,5,68.46,0.112,303.96,No
ORD-002050,2025-09-15,West,D. Rossi,Mid-Market,Accessories,USB-C Hub,3,86.82,0.065,243.53,No
ORD-002051,2025-09-15,East,L. Nguyen,SMB,Services,Custom Training,1,1088.45,0.079,1002.46,No
ORD-002052,2025-09-15,West,D. Rossi,Enterprise,Software,SecureGuard License,1,292.91,0.134,253.66,No
ORD-002053,2025-09-16,North,R. Diaz,Enterprise,Accessories,Laptop Sleeve,1,58.66,0.084,53.73,No
ORD-002054,2025-09-16,West,T. Brooks,SMB,Accessories,Webcam HD,4,88.51,0.031,343.06,No
ORD-002055,2025-09-16,East,L. Nguyen,Mid-Market,Accessories,Webcam HD,3,39.09,0.08,107.89,No
ORD-002056,2025-09-16,North,R. Diaz,Mid-Market,Software,SecureGuard License,2,277.88,0.052,526.86,No
ORD-002057,2025-09-16,West,D. Rossi,SMB,Services,Onboarding Package,1,861.36,0.016,847.58,No
ORD-002058,2025-09-16,West,D. Rossi,SMB,Software,SecureGuard License,1,493.1,0.078,454.64,No
ORD-002059,2025-09-17,South,S. Patel,Mid-Market,Hardware,Titan Desktop,1,2065.28,0.039,1984.73,No
ORD-002060,2025-09-17,North,A. Chen,Mid-Market,Accessories,USB-C Hub,1,52.93,0.13,46.05,No
ORD-002061,2025-09-17,North,A. Chen,Mid-Market,Accessories,USB-C Hub,1,50.05,0.096,45.25,No
ORD-002062,2025-09-17,East,L. Nguyen,Mid-Market,Accessories,Laptop Sleeve,1,32.12,0.041,30.8,No
ORD-002063,2025-09-17,South,M. Okafor,SMB,Accessories,Wireless Mouse,1,107.35,0.073,99.51,No
ORD-002064,2025-09-17,West,D. Rossi,Mid-Market,Accessories,Wireless Mouse,4,32.08,0.004,127.81,No
ORD-002065,2025-09-17,South,S. Patel,Enterprise,Services,Custom Training,1,1014.15,0.094,918.82,No
ORD-002066,2025-09-18,South,M. Okafor,SMB,Hardware,Nimbus Monitor,1,1005.37,0.041,964.15,No
ORD-002067,2025-09-18,South,M. Okafor,Enterprise,Software,SecureGuard License,1,474.28,0.188,385.12,No
ORD-002068,2025-09-18,South,S. Patel,SMB,Services,Priority Support,1,1030.11,0.002,1028.05,No
ORD-002069,2025-09-18,South,M. Okafor,SMB,Hardware,Nimbus Monitor,1,2232.59,0.063,2091.94,No
ORD-002070,2025-09-18,West,D. Rossi,SMB,Accessories,Laptop Sleeve,4,19.06,0.034,73.65,No
ORD-002071,2025-09-18,West,D. Rossi,SMB,Hardware,Nimbus Monitor,1,952.09,0.068,887.35,No
ORD-002072,2025-09-18,South,S. Patel,Mid-Market,Accessories,Laptop Sleeve,2,116.84,0.058,220.13,No
ORD-002073,2025-09-18,North,R. Diaz,SMB,Software,FlowSuite License,1,246.41,0.066,230.15,No
ORD-002074,2025-09-18,South,S. Patel,SMB,Software,FlowSuite License,1,200.99,0.077,185.51,No
ORD-002075,2025-09-18,West,T. Brooks,Mid-Market,Hardware,Titan Desktop,5,1818.56,0.093,8247.17,No
ORD-002076,2025-09-18,West,T. Brooks,Mid-Market,Accessories,USB-C Hub,1,69.7,0.078,64.26,No
ORD-002077,2025-09-18,West,T. Brooks,SMB,Software,FlowSuite License,1,559.57,0.064,523.76,No
ORD-002078,2025-09-18,East,L. Nguyen,Mid-Market,Services,Custom Training,3,1261.75,0.091,3440.79,No
ORD-002079,2025-09-19,East,L. Nguyen,SMB,Services,Onboarding Package,1,1032.41,0.007,1025.18,No
ORD-002080,2025-09-19,North,R. Diaz,Mid-Market,Hardware,Nimbus Monitor,1,2368.92,0.139,2039.64,No
ORD-002081,2025-09-19,East,L. Nguyen,SMB,Accessories,USB-C Hub,3,66.06,0.034,191.44,No
ORD-002082,2025-09-19,West,D. Rossi,Mid-Market,Accessories,USB-C Hub,2,87.01,0.071,161.66,No
ORD-002083,2025-09-20,North,R. Diaz,SMB,Accessories,USB-C Hub,3,105.42,0.068,294.75,No
ORD-002084,2025-09-20,North,R. Diaz,Enterprise,Software,FlowSuite License,1,285.78,0.182,233.77,No
ORD-002085,2025-09-20,East,L. Nguyen,Mid-Market,Software,SecureGuard License,1,400.47,0.133,347.21,No
ORD-002086,2025-09-20,South,M. Okafor,SMB,Software,DataLens License,1,565.7,0.069,526.67,No
ORD-002087,2025-09-20,East,J. Kim,SMB,Software,FlowSuite License,2,150.16,0.024,293.11,No
ORD-002088,2025-09-20,North,A. Chen,Mid-Market,Services,Priority Support,2,1294.28,0.062,2428.07,No
ORD-002089,2025-09-20,East,J. Kim,SMB,Services,Onboarding Package,1,823.68,0.016,810.5,No
ORD-002090,2025-09-20,North,A. Chen,SMB,Services,Custom Training,2,1441.6,0.031,2793.82,No
ORD-002091,2025-09-20,North,R. Diaz,Enterprise,Software,DataLens License,3,236.89,0.198,569.96,No
ORD-002092,2025-09-20,West,T. Brooks,SMB,Accessories,Webcam HD,6,94.02,0.068,525.76,No
ORD-002093,2025-09-20,East,L. Nguyen,Enterprise,Accessories,Laptop Sleeve,1,67.83,0.118,59.83,No
ORD-002094,2025-09-21,North,A. Chen,Enterprise,Services,Custom Training,4,914.61,0.059,3442.59,No
ORD-002095,2025-09-21,North,A. Chen,SMB,Services,Onboarding Package,3,919.73,0.044,2637.79,No
ORD-002096,2025-09-21,North,R. Diaz,Enterprise,Software,SecureGuard License,1,357.47,0.216,280.26,No
ORD-002097,2025-09-21,North,R. Diaz,SMB,Accessories,Wireless Mouse,4,46.57,0.073,172.68,No
ORD-002098,2025-09-21,West,T. Brooks,SMB,Services,Onboarding Package,3,600.84,0.01,1784.49,No
ORD-002099,2025-09-21,West,D. Rossi,SMB,Accessories,Webcam HD,6,101.21,0.077,560.5,No
ORD-002100,2025-09-21,East,L. Nguyen,Enterprise,Services,Priority Support,2,1368.37,0.127,2389.17,No
ORD-002101,2025-09-21,South,M. Okafor,Mid-Market,Software,SecureGuard License,1,223.76,0.117,197.58,No
ORD-002102,2025-09-21,West,T. Brooks,Mid-Market,Accessories,USB-C Hub,2,61.71,0.098,111.32,Yes
ORD-002103,2025-09-21,South,M. Okafor,SMB,Hardware,Falcon Laptop,1,1304.68,0.063,1222.49,No
ORD-002104,2025-09-22,South,M. Okafor,Mid-Market,Services,Custom Training,1,1352.62,0.1,1217.36,No
ORD-002105,2025-09-22,East,J. Kim,SMB,Software,DataLens License,1,210.56,0.037,202.77,No
ORD-002106,2025-09-22,West,D. Rossi,SMB,Services,Priority Support,1,901.65,0.055,852.06,No
ORD-002107,2025-09-22,East,L. Nguyen,SMB,Hardware,Titan Desktop,1,2131.73,0.034,2059.25,No
ORD-002108,2025-09-22,North,A. Chen,Mid-Market,Accessories,Laptop Sleeve,4,50.25,0.08,184.92,No
ORD-002109,2025-09-22,West,T. Brooks,SMB,Software,SecureGuard License,4,459.54,0.021,1799.56,No
ORD-002110,2025-09-22,South,S. Patel,Mid-Market,Services,Priority Support,1,1087.75,0.05,1033.36,No
ORD-002111,2025-09-23,North,R. Diaz,SMB,Accessories,Laptop Sleeve,4,31.3,0.077,115.56,No
ORD-002112,2025-09-23,North,R. Diaz,Mid-Market,Accessories,Webcam HD,5,97.97,0.053,463.89,No
ORD-002113,2025-09-23,South,S. Patel,SMB,Services,Priority Support,1,735.89,0.058,693.21,No
ORD-002114,2025-09-23,North,R. Diaz,Enterprise,Services,Custom Training,2,487.27,0.172,806.92,No
ORD-002115,2025-09-23,East,J. Kim,Mid-Market,Hardware,Titan Desktop,1,1215.17,0.117,1073.0,No
ORD-002116,2025-09-23,West,D. Rossi,SMB,Accessories,Wireless Mouse,3,22.25,0.05,63.41,No
ORD-002117,2025-09-23,South,M. Okafor,Enterprise,Services,Onboarding Package,2,1119.14,0.152,1898.06,No
ORD-002118,2025-09-23,East,J. Kim,SMB,Accessories,Webcam HD,1,105.02,0.052,99.56,No
ORD-002119,2025-09-23,South,S. Patel,Enterprise,Hardware,Titan Desktop,1,1915.5,0.213,1507.5,No
ORD-002120,2025-09-23,South,S. Patel,Mid-Market,Hardware,Titan Desktop,4,2477.44,0.117,8750.32,No
ORD-002121,2025-09-23,West,T. Brooks,SMB,Accessories,Webcam HD,2,79.08,0.008,156.89,No
ORD-002122,2025-09-24,West,T. Brooks,SMB,Software,DataLens License,1,542.47,0.02,531.62,No
ORD-002123,2025-09-24,South,S. Patel,SMB,Services,Custom Training,1,1078.35,0.016,1061.1,No
ORD-002124,2025-09-24,North,A. Chen,SMB,Hardware,Titan Desktop,1,1218.38,0.045,1163.55,No
ORD-002125,2025-09-24,West,T. Brooks,Mid-Market,Accessories,USB-C Hub,1,66.13,0.071,61.43,No
ORD-002126,2025-09-24,West,T. Brooks,SMB,Services,Priority Support,1,316.53,0.065,295.96,No
ORD-002127,2025-09-24,North,R. Diaz,Enterprise,Software,DataLens License,1,244.48,0.228,188.74,No
ORD-002128,2025-09-24,South,S. Patel,Enterprise,Accessories,Wireless Mouse,3,39.24,0.218,92.06,No
ORD-002129,2025-09-24,South,M. Okafor,SMB,Software,SecureGuard License,2,484.98,0.067,904.97,No
ORD-002130,2025-09-24,South,M. Okafor,Enterprise,Software,FlowSuite License,5,250.09,0.052,1185.43,No
ORD-002131,2025-09-24,West,T. Brooks,SMB,Accessories,Webcam HD,2,112.04,0.065,209.51,No
ORD-002132,2025-09-24,South,S. Patel,Enterprise,Hardware,Falcon Laptop,2,2105.6,0.067,3929.05,No
ORD-002133,2025-09-24,South,M. Okafor,Enterprise,Accessories,Wireless Mouse,1,116.7,0.165,97.44,No
ORD-002134,2025-09-24,South,M. Okafor,Mid-Market,Accessories,Laptop Sleeve,5,57.82,0.142,248.05,No
ORD-002135,2025-09-24,West,T. Brooks,Mid-Market,Services,Onboarding Package,1,1274.95,0.113,1130.88,No
ORD-002136,2025-09-24,South,M. Okafor,SMB,Services,Onboarding Package,7,935.93,0.025,6387.72,No
ORD-002137,2025-09-24,West,T. Brooks,SMB,Software,DataLens License,2,482.4,0.041,925.24,No
ORD-002138,2025-09-24,North,A. Chen,Mid-Market,Accessories,Wireless Mouse,3,110.93,0.123,291.86,No
ORD-002139,2025-09-25,East,J. Kim,Mid-Market,Hardware,Titan Desktop,1,2339.54,0.089,2131.32,No
ORD-002140,2025-09-25,West,T. Brooks,SMB,Accessories,Wireless Mouse,5,59.78,0.052,283.36,Yes
ORD-002141,2025-09-25,West,T. Brooks,Mid-Market,Accessories,Laptop Sleeve,4,110.96,0.018,435.85,No
ORD-002142,2025-09-25,North,A. Chen,Enterprise,Accessories,Wireless Mouse,5,79.5,0.187,323.17,No
ORD-002143,2025-09-25,North,A. Chen,Mid-Market,Accessories,Webcam HD,4,100.3,0.043,383.95,Yes
ORD-002144,2025-09-25,East,J. Kim,SMB,Accessories,Wireless Mouse,4,41.43,0.027,161.25,No
ORD-002145,2025-09-25,West,T. Brooks,SMB,Services,Custom Training,1,493.44,0.055,466.3,No
ORD-002146,2025-09-25,West,D. Rossi,SMB,Software,FlowSuite License,1,143.48,0.016,141.18,No
ORD-002147,2025-09-25,North,A. Chen,SMB,Services,Onboarding Package,2,1367.53,0.049,2601.04,No
ORD-002148,2025-09-26,West,T. Brooks,SMB,Hardware,Falcon Laptop,1,1079.45,0.041,1035.19,No
ORD-002149,2025-09-26,East,L. Nguyen,SMB,Software,SecureGuard License,1,513.94,0.072,476.94,No
ORD-002150,2025-09-26,North,R. Diaz,Mid-Market,Hardware,Falcon Laptop,1,2043.22,0.071,1898.15,No
ORD-002151,2025-09-26,West,T. Brooks,SMB,Services,Custom Training,1,846.42,0.051,803.25,No
ORD-002152,2025-09-26,West,T. Brooks,Mid-Market,Accessories,Webcam HD,8,74.26,0.141,510.31,No
ORD-002153,2025-09-26,East,L. Nguyen,SMB,Accessories,Wireless Mouse,5,72.65,0.053,344.0,No
ORD-002154,2025-09-26,North,R. Diaz,SMB,Hardware,Nimbus Monitor,2,2366.73,0.027,4605.66,No
ORD-002155,2025-09-26,East,J. Kim,Mid-Market,Accessories,USB-C Hub,1,101.78,0.054,96.28,No
ORD-002156,2025-09-27,East,L. Nguyen,Mid-Market,Software,FlowSuite License,4,250.68,0.106,896.43,No
ORD-002157,2025-09-27,East,J. Kim,SMB,Hardware,Nimbus Monitor,2,1254.94,0.048,2389.41,No
ORD-002158,2025-09-27,North,A. Chen,Mid-Market,Hardware,Titan Desktop,1,2008.31,0.068,1871.74,No
ORD-002159,2025-09-27,North,R. Diaz,Mid-Market,Hardware,Falcon Laptop,1,1852.5,0.112,1645.02,Yes
ORD-002160,2025-09-27,East,J. Kim,Mid-Market,Hardware,Titan Desktop,4,2374.88,0.074,8796.56,No
ORD-002161,2025-09-27,East,J. Kim,Mid-Market,Services,Priority Support,1,323.51,0.107,288.89,Yes
ORD-002162,2025-09-27,East,L. Nguyen,Mid-Market,Software,DataLens License,1,452.16,0.086,413.27,No
ORD-002163,2025-09-27,North,R. Diaz,SMB,Accessories,Laptop Sleeve,2,17.0,0.025,33.15,No
ORD-002164,2025-09-27,East,L. Nguyen,SMB,Hardware,Nimbus Monitor,2,1070.94,0.052,2030.5,No
ORD-002165,2025-09-28,West,D. Rossi,Enterprise,Accessories,Laptop Sleeve,5,78.68,0.141,337.93,No
ORD-002166,2025-09-28,South,M. Okafor,SMB,Software,FlowSuite License,1,134.6,0.072,124.91,No
ORD-002167,2025-09-28,East,L. Nguyen,SMB,Hardware,Nimbus Monitor,1,1023.64,0.064,958.13,No
ORD-002168,2025-09-28,North,R. Diaz,SMB,Hardware,Falcon Laptop,2,1843.03,0.042,3531.25,No
ORD-002169,2025-09-29,West,T. Brooks,SMB,Accessories,Webcam HD,4,32.92,0.001,131.55,No
ORD-002170,2025-09-29,South,S. Patel,SMB,Accessories,Webcam HD,1,100.87,0.039,96.94,No
ORD-002171,2025-09-29,North,A. Chen,Mid-Market,Accessories,Webcam HD,3,46.87,0.074,130.2,No
ORD-002172,2025-09-29,North,R. Diaz,Enterprise,Software,DataLens License,3,423.61,0.22,991.25,No
ORD-002173,2025-09-29,South,M. Okafor,Mid-Market,Software,SecureGuard License,2,477.25,0.031,924.91,No
ORD-002174,2025-09-29,North,R. Diaz,Enterprise,Accessories,USB-C Hub,5,100.51,0.031,486.97,No
ORD-002175,2025-09-29,East,L. Nguyen,SMB,Accessories,Wireless Mouse,1,89.12,0.054,84.31,No
ORD-002176,2025-09-30,East,J. Kim,SMB,Software,FlowSuite License,1,303.29,0.032,293.58,No
ORD-002177,2025-09-30,East,L. Nguyen,SMB,Accessories,USB-C Hub,3,17.92,0.022,52.58,Yes
ORD-002178,2025-09-30,West,D. Rossi,Enterprise,Software,DataLens License,3,582.76,0.106,1562.96,No
ORD-002179,2025-09-30,East,J. Kim,Mid-Market,Hardware,Titan Desktop,2,1773.82,0.093,3217.71,No
ORD-002180,2025-09-30,North,A. Chen,Mid-Market,Accessories,Wireless Mouse,6,87.94,0.114,467.49,No
ORD-002181,2025-09-30,West,D. Rossi,Mid-Market,Services,Priority Support,1,1172.87,0.12,1032.13,No
ORD-002182,2025-09-30,East,L. Nguyen,Mid-Market,Hardware,Falcon Laptop,1,1650.1,0.098,1488.39,No
ORD-002183,2025-09-30,North,R. Diaz,Mid-Market,Accessories,Laptop Sleeve,5,28.37,0.121,124.69,No
ORD-002184,2025-10-01,North,R. Diaz,SMB,Hardware,Titan Desktop,1,910.53,0.048,866.82,No
ORD-002185,2025-10-01,South,M. Okafor,SMB,Software,FlowSuite License,2,557.64,0.041,1069.55,No
ORD-002186,2025-10-01,West,D. Rossi,Enterprise,Software,FlowSuite License,1,417.28,0.155,352.6,No
ORD-002187,2025-10-01,South,M. Okafor,SMB,Accessories,Wireless Mouse,2,47.66,0.057,89.89,No
ORD-002188,2025-10-01,West,D. Rossi,SMB,Hardware,Titan Desktop,1,1245.23,0.073,1154.33,No
ORD-002189,2025-10-01,West,T. Brooks,Mid-Market,Software,DataLens License,4,542.34,0.087,1980.63,No
ORD-002190,2025-10-01,North,R. Diaz,Mid-Market,Accessories,Webcam HD,3,15.45,0.077,42.78,No
ORD-002191,2025-10-01,East,L. Nguyen,Mid-Market,Services,Priority Support,1,799.72,0.056,754.94,No
ORD-002192,2025-10-01,South,S. Patel,SMB,Software,FlowSuite License,1,542.92,0.017,533.69,No
ORD-002193,2025-10-01,West,T. Brooks,Mid-Market,Software,DataLens License,3,575.74,0.034,1668.49,No
ORD-002194,2025-10-01,East,L. Nguyen,Enterprise,Services,Custom Training,1,1341.69,0.05,1274.61,No
ORD-002195,2025-10-01,East,J. Kim,Enterprise,Hardware,Nimbus Monitor,1,2381.61,0.145,2036.28,No
ORD-002196,2025-10-02,East,L. Nguyen,Enterprise,Services,Priority Support,1,466.11,0.108,415.77,No
ORD-002197,2025-10-02,West,T. Brooks,Mid-Market,Software,DataLens License,1,566.87,0.06,532.86,No
ORD-002198,2025-10-02,West,D. Rossi,Enterprise,Services,Priority Support,1,399.03,0.009,395.44,No
ORD-002199,2025-10-02,North,R. Diaz,SMB,Software,FlowSuite License,1,473.66,0.009,469.4,No
ORD-002200,2025-10-02,West,D. Rossi,Mid-Market,Software,DataLens License,1,252.0,0.096,227.81,No
ORD-002201,2025-10-02,North,R. Diaz,SMB,Software,SecureGuard License,1,434.85,0.006,432.24,No
ORD-002202,2025-10-02,West,T. Brooks,Mid-Market,Accessories,Wireless Mouse,3,27.84,0.09,76.0,Yes
ORD-002203,2025-10-02,West,D. Rossi,Mid-Market,Hardware,Titan Desktop,1,1845.04,0.026,1797.07,No
ORD-002204,2025-10-02,South,M. Okafor,Mid-Market,Services,Priority Support,2,715.66,0.125,1252.4,No
ORD-002205,2025-10-02,West,D. Rossi,SMB,Services,Priority Support,4,1484.94,0.011,5874.42,No
ORD-002206,2025-10-02,East,J. Kim,Enterprise,Accessories,USB-C Hub,2,108.77,0.043,208.19,No
ORD-002207,2025-10-02,East,L. Nguyen,Enterprise,Accessories,Webcam HD,8,34.64,0.125,242.48,No
ORD-002208,2025-10-03,East,J. Kim,SMB,Hardware,Falcon Laptop,1,1277.64,0.034,1234.2,No
ORD-002209,2025-10-03,South,S. Patel,SMB,Software,DataLens License,3,311.08,0.032,903.38,No
ORD-002210,2025-10-03,East,J. Kim,SMB,Accessories,Webcam HD,1,117.91,0.08,108.48,No
ORD-002211,2025-10-03,East,L. Nguyen,Mid-Market,Hardware,Nimbus Monitor,1,1251.76,0.023,1222.97,No
ORD-002212,2025-10-03,North,A. Chen,SMB,Services,Custom Training,1,642.5,0.004,639.93,No
ORD-002213,2025-10-03,North,A. Chen,Mid-Market,Hardware,Nimbus Monitor,1,2465.27,0.03,2391.31,No
ORD-002214,2025-10-03,North,R. Diaz,SMB,Accessories,Wireless Mouse,4,36.27,0.078,133.76,No
ORD-002215,2025-10-03,South,M. Okafor,SMB,Software,FlowSuite License,2,277.3,0.06,521.32,No
ORD-002216,2025-10-03,East,L. Nguyen,SMB,Services,Priority Support,1,1329.33,0.024,1297.43,No
ORD-002217,2025-10-03,West,T. Brooks,Mid-Market,Software,DataLens License,1,372.74,0.005,370.88,No
ORD-002218,2025-10-03,North,A. Chen,Enterprise,Hardware,Nimbus Monitor,1,1247.41,0.233,956.76,No
ORD-002219,2025-10-03,South,M. Okafor,Mid-Market,Hardware,Titan Desktop,3,1586.06,0.02,4663.02,No
ORD-002220,2025-10-03,North,A. Chen,SMB,Hardware,Nimbus Monitor,5,1626.65,0.005,8092.58,No
ORD-002221,2025-10-03,East,L. Nguyen,Mid-Market,Services,Priority Support,4,1439.41,0.062,5400.67,No
ORD-002222,2025-10-03,West,D. Rossi,SMB,Accessories,Laptop Sleeve,1,84.47,0.058,79.57,No
ORD-002223,2025-10-03,South,S. Patel,Mid-Market,Accessories,Laptop Sleeve,5,93.97,0.096,424.74,No
ORD-002224,2025-10-04,West,D. Rossi,Mid-Market,Software,FlowSuite License,1,481.91,0.082,442.39,No
ORD-002225,2025-10-04,West,D. Rossi,SMB,Services,Priority Support,2,1411.33,0.032,2732.33,No
ORD-002226,2025-10-04,West,T. Brooks,Mid-Market,Accessories,Webcam HD,1,93.27,0.145,79.75,Yes
ORD-002227,2025-10-04,South,S. Patel,Mid-Market,Accessories,Webcam HD,1,43.97,0.014,43.35,No
ORD-002228,2025-10-04,North,A. Chen,SMB,Hardware,Nimbus Monitor,4,2053.88,0.058,7739.02,No
ORD-002229,2025-10-04,North,A. Chen,SMB,Services,Custom Training,1,747.2,0.021,731.51,No
ORD-002230,2025-10-04,East,J. Kim,SMB,Accessories,Wireless Mouse,3,62.06,0.074,172.4,No
ORD-002231,2025-10-04,West,T. Brooks,SMB,Services,Custom Training,1,752.57,0.077,694.62,No
ORD-002232,2025-10-04,North,A. Chen,Enterprise,Accessories,Wireless Mouse,2,81.01,0.245,122.33,No
ORD-002233,2025-10-05,North,A. Chen,Enterprise,Accessories,Wireless Mouse,2,69.25,0.096,125.2,No
ORD-002234,2025-10-05,East,J. Kim,SMB,Accessories,Wireless Mouse,6,44.4,0.004,265.33,No
ORD-002235,2025-10-05,South,S. Patel,Mid-Market,Accessories,Wireless Mouse,2,59.18,0.071,109.96,No
ORD-002236,2025-10-05,East,J. Kim,SMB,Services,Custom Training,1,1030.38,0.028,1001.53,No
ORD-002237,2025-10-05,South,S. Patel,Enterprise,Accessories,Laptop Sleeve,5,117.07,0.225,453.65,No
ORD-002238,2025-10-05,North,R. Diaz,Enterprise,Accessories,Wireless Mouse,2,71.71,0.14,123.34,No
ORD-002239,2025-10-05,South,M. Okafor,Mid-Market,Services,Custom Training,1,490.72,0.104,439.69,No
ORD-002240,2025-10-05,West,T. Brooks,Mid-Market,Hardware,Nimbus Monitor,1,1471.71,0.022,1439.33,No
ORD-002241,2025-10-05,North,A. Chen,SMB,Hardware,Nimbus Monitor,1,919.13,0.004,915.45,No
ORD-002242,2025-10-06,North,R. Diaz,SMB,Accessories,Wireless Mouse,4,64.95,0.004,258.76,No
ORD-002243,2025-10-06,West,T. Brooks,Mid-Market,Hardware,Titan Desktop,1,2385.64,0.12,2099.36,No
ORD-002244,2025-10-06,South,S. Patel,Enterprise,Accessories,Webcam HD,3,77.31,0.032,224.51,Yes
ORD-002245,2025-10-06,East,J. Kim,Enterprise,Services,Priority Support,1,663.96,0.039,638.07,No
ORD-002246,2025-10-06,West,D. Rossi,Enterprise,Software,FlowSuite License,1,284.04,0.162,238.03,No
ORD-002247,2025-10-06,East,L. Nguyen,Mid-Market,Software,FlowSuite License,1,466.6,0.045,445.6,Yes
ORD-002248,2025-10-06,North,R. Diaz,SMB,Accessories,USB-C Hub,3,25.63,0.023,75.12,No
ORD-002249,2025-10-06,North,A. Chen,Mid-Market,Software,SecureGuard License,2,346.09,0.073,641.65,No
ORD-002250,2025-10-07,North,A. Chen,SMB,Services,Priority Support,2,461.57,0.007,916.68,No
ORD-002251,2025-10-07,North,A. Chen,Mid-Market,Software,DataLens License,1,379.01,0.078,349.45,No
ORD-002252,2025-10-07,South,M. Okafor,Enterprise,Hardware,Nimbus Monitor,1,2348.82,0.121,2064.61,No
ORD-002253,2025-10-07,South,M. Okafor,SMB,Hardware,Nimbus Monitor,1,2458.04,0.074,2276.15,No
ORD-002254,2025-10-07,North,A. Chen,SMB,Accessories,USB-C Hub,4,17.7,0.047,67.47,No
ORD-002255,2025-10-07,East,J. Kim,SMB,Accessories,Webcam HD,4,61.93,0.031,240.04,No
ORD-002256,2025-10-07,East,L. Nguyen,Mid-Market,Accessories,USB-C Hub,1,92.04,0.072,85.41,No
ORD-002257,2025-10-07,South,S. Patel,Mid-Market,Software,SecureGuard License,3,372.92,0.11,995.7,No
ORD-002258,2025-10-08,West,T. Brooks,Mid-Market,Software,SecureGuard License,4,374.8,0.132,1301.31,No
ORD-002259,2025-10-08,East,J. Kim,SMB,Services,Priority Support,1,776.46,0.006,771.8,No
ORD-002260,2025-10-08,North,A. Chen,Mid-Market,Services,Priority Support,1,1287.01,0.14,1106.83,No
ORD-002261,2025-10-08,East,J. Kim,SMB,Hardware,Falcon Laptop,5,958.3,0.06,4504.01,Yes
ORD-002262,2025-10-08,South,M. Okafor,Mid-Market,Software,FlowSuite License,3,335.76,0.137,869.28,Yes
ORD-002263,2025-10-09,West,T. Brooks,Mid-Market,Hardware,Nimbus Monitor,2,2024.74,0.139,3486.6,No
ORD-002264,2025-10-09,East,J. Kim,SMB,Services,Priority Support,3,562.16,0.031,1634.2,No
ORD-002265,2025-10-09,North,A. Chen,Enterprise,Hardware,Nimbus Monitor,2,2448.67,0.087,4471.27,No
ORD-002266,2025-10-09,North,R. Diaz,Mid-Market,Services,Custom Training,1,328.53,0.144,281.22,No
ORD-002267,2025-10-09,North,A. Chen,Mid-Market,Hardware,Nimbus Monitor,3,1657.93,0.101,4471.44,No
ORD-002268,2025-10-09,North,A. Chen,SMB,Hardware,Nimbus Monitor,1,1491.47,0.063,1397.51,No
ORD-002269,2025-10-09,East,L. Nguyen,SMB,Software,FlowSuite License,1,493.14,0.011,487.72,No
ORD-002270,2025-10-09,West,T. Brooks,Mid-Market,Hardware,Falcon Laptop,1,1257.65,0.059,1183.45,No
ORD-002271,2025-10-09,North,A. Chen,SMB,Accessories,Wireless Mouse,2,102.95,0.072,191.08,No
ORD-002272,2025-10-09,West,T. Brooks,Enterprise,Hardware,Falcon Laptop,1,1278.55,0.058,1204.39,No
ORD-002273,2025-10-09,North,R. Diaz,Mid-Market,Software,SecureGuard License,1,352.15,0.14,302.85,No
ORD-002274,2025-10-09,South,S. Patel,Mid-Market,Software,SecureGuard License,1,569.55,0.101,512.03,No
ORD-002275,2025-10-09,South,S. Patel,Enterprise,Hardware,Titan Desktop,1,2353.18,0.218,1840.19,No
ORD-002276,2025-10-09,South,M. Okafor,Enterprise,Software,SecureGuard License,3,191.48,0.241,436.0,No
ORD-002277,2025-10-10,West,T. Brooks,SMB,Hardware,Titan Desktop,2,1914.22,0.021,3748.04,No
ORD-002278,2025-10-10,South,M. Okafor,SMB,Accessories,Wireless Mouse,4,46.34,0.056,174.98,No
ORD-002279,2025-10-10,West,D. Rossi,SMB,Software,FlowSuite License,4,512.08,0.058,1929.52,No
ORD-002280,2025-10-10,West,T. Brooks,SMB,Services,Priority Support,3,1191.85,0.061,3357.44,No
ORD-002281,2025-10-10,East,J. Kim,Mid-Market,Software,DataLens License,3,483.16,0.112,1287.14,No
ORD-002282,2025-10-10,East,L. Nguyen,Mid-Market,Software,SecureGuard License,3,561.21,0.024,1643.22,No
ORD-002283,2025-10-10,West,D. Rossi,SMB,Services,Onboarding Package,3,1453.04,0.076,4027.83,No
ORD-002284,2025-10-10,East,J. Kim,Mid-Market,Accessories,USB-C Hub,1,69.45,0.089,63.27,No
ORD-002285,2025-10-10,South,M. Okafor,SMB,Hardware,Nimbus Monitor,1,967.71,0.055,914.49,No
ORD-002286,2025-10-10,West,D. Rossi,SMB,Hardware,Titan Desktop,1,1134.89,0.046,1082.69,No
ORD-002287,2025-10-10,West,D. Rossi,SMB,Hardware,Nimbus Monitor,1,1387.95,0.01,1374.07,No
ORD-002288,2025-10-10,East,J. Kim,SMB,Services,Priority Support,2,1003.88,0.068,1871.23,No
ORD-002289,2025-10-11,South,M. Okafor,Mid-Market,Services,Onboarding Package,1,397.51,0.101,357.36,No
ORD-002290,2025-10-11,North,R. Diaz,Mid-Market,Services,Custom Training,1,1039.83,0.02,1019.03,No
ORD-002291,2025-10-11,West,D. Rossi,Mid-Market,Services,Priority Support,3,981.02,0.043,2816.51,No
ORD-002292,2025-10-11,North,A. Chen,Enterprise,Hardware,Falcon Laptop,4,2410.82,0.143,8264.29,No
ORD-002293,2025-10-11,South,M. Okafor,SMB,Accessories,Wireless Mouse,1,48.45,0.013,47.82,No
ORD-002294,2025-10-11,North,R. Diaz,Mid-Market,Accessories,Webcam HD,3,42.84,0.009,127.36,No
ORD-002295,2025-10-11,West,D. Rossi,Mid-Market,Software,FlowSuite License,2,289.8,0.07,539.03,No
ORD-002296,2025-10-11,East,L. Nguyen,Enterprise,Hardware,Nimbus Monitor,2,1221.31,0.184,1993.18,No
ORD-002297,2025-10-11,East,J. Kim,SMB,Hardware,Nimbus Monitor,1,2100.68,0.027,2043.96,No
ORD-002298,2025-10-11,South,M. Okafor,Mid-Market,Hardware,Nimbus Monitor,3,902.84,0.061,2543.3,No
ORD-002299,2025-10-11,South,S. Patel,SMB,Hardware,Titan Desktop,3,1954.87,0.067,5471.68,No
ORD-002300,2025-10-11,East,L. Nguyen,Enterprise,Software,DataLens License,3,473.5,0.136,1227.31,No
ORD-002301,2025-10-12,East,L. Nguyen,Mid-Market,Accessories,USB-C Hub,1,27.96,0.029,27.15,No
ORD-002302,2025-10-12,West,T. Brooks,Enterprise,Accessories,USB-C Hub,1,38.13,0.246,28.75,No
ORD-002303,2025-10-12,South,M. Okafor,Mid-Market,Accessories,Webcam HD,4,25.86,0.103,92.79,No
ORD-002304,2025-10-12,South,M. Okafor,SMB,Software,FlowSuite License,3,209.25,0.008,622.73,No
ORD-002305,2025-10-12,East,J. Kim,Mid-Market,Hardware,Nimbus Monitor,1,1991.87,0.127,1738.9,No
ORD-002306,2025-10-12,North,R. Diaz,Enterprise,Software,DataLens License,6,445.6,0.227,2066.69,No
ORD-002307,2025-10-12,South,M. Okafor,SMB,Software,SecureGuard License,1,555.87,0.032,538.08,No
ORD-002308,2025-10-12,North,R. Diaz,Mid-Market,Accessories,Webcam HD,3,41.36,0.04,119.12,No
ORD-002309,2025-10-12,East,L. Nguyen,Enterprise,Accessories,USB-C Hub,3,61.48,0.046,175.96,No
ORD-002310,2025-10-12,East,J. Kim,Enterprise,Hardware,Titan Desktop,3,913.58,0.06,2576.3,No
ORD-002311,2025-10-12,North,R. Diaz,SMB,Services,Priority Support,3,1213.91,0.055,3441.43,No
ORD-002312,2025-10-12,East,J. Kim,SMB,Accessories,Webcam HD,3,101.66,0.046,290.95,No
ORD-002313,2025-10-12,East,L. Nguyen,SMB,Software,DataLens License,2,382.89,0.011,757.36,No
ORD-002314,2025-10-12,West,D. Rossi,Enterprise,Services,Custom Training,1,847.85,0.223,658.78,No
ORD-002315,2025-10-13,North,A. Chen,Enterprise,Accessories,Wireless Mouse,3,34.53,0.147,88.36,No
ORD-002316,2025-10-13,South,S. Patel,Mid-Market,Accessories,USB-C Hub,1,112.43,0.114,99.61,No
ORD-002317,2025-10-13,South,S. Patel,Mid-Market,Hardware,Titan Desktop,3,1439.63,0.106,3861.09,No
ORD-002318,2025-10-13,North,A. Chen,SMB,Services,Custom Training,1,1012.53,0.036,976.08,No
ORD-002319,2025-10-13,South,M. Okafor,SMB,Hardware,Falcon Laptop,3,2210.86,0.037,6387.17,No
ORD-002320,2025-10-13,South,M. Okafor,SMB,Accessories,Webcam HD,1,59.22,0.046,56.5,No
ORD-002321,2025-10-13,North,R. Diaz,SMB,Software,FlowSuite License,2,339.99,0.0,679.98,No
ORD-002322,2025-10-13,North,R. Diaz,Enterprise,Software,DataLens License,2,134.39,0.131,233.57,No
ORD-002323,2025-10-13,South,M. Okafor,Mid-Market,Software,SecureGuard License,1,174.31,0.099,157.05,No
ORD-002324,2025-10-13,East,J. Kim,Mid-Market,Services,Priority Support,1,1137.48,0.037,1095.39,No
ORD-002325,2025-10-14,East,L. Nguyen,SMB,Services,Onboarding Package,1,458.08,0.046,437.01,No
ORD-002326,2025-10-14,East,L. Nguyen,Mid-Market,Services,Custom Training,1,1085.74,0.019,1065.11,No
ORD-002327,2025-10-14,South,S. Patel,Mid-Market,Accessories,USB-C Hub,2,72.23,0.037,139.11,Yes
ORD-002328,2025-10-14,West,D. Rossi,Mid-Market,Accessories,Laptop Sleeve,3,41.33,0.1,111.59,No
ORD-002329,2025-10-14,South,S. Patel,Mid-Market,Hardware,Nimbus Monitor,1,2406.06,0.052,2280.94,No
ORD-002330,2025-10-14,East,J. Kim,Mid-Market,Services,Onboarding Package,2,358.58,0.062,672.7,No
ORD-002331,2025-10-14,South,S. Patel,SMB,Hardware,Titan Desktop,1,2030.68,0.076,1876.35,No
ORD-002332,2025-10-14,North,A. Chen,Mid-Market,Software,FlowSuite License,1,426.15,0.012,421.04,No
ORD-002333,2025-10-14,South,S. Patel,Mid-Market,Software,FlowSuite License,6,364.04,0.105,1954.89,No
ORD-002334,2025-10-14,East,L. Nguyen,Mid-Market,Accessories,Wireless Mouse,3,88.09,0.083,242.34,No
ORD-002335,2025-10-14,East,J. Kim,Enterprise,Hardware,Nimbus Monitor,1,1879.46,0.21,1484.77,No
ORD-002336,2025-10-14,South,S. Patel,Enterprise,Accessories,Webcam HD,3,34.75,0.15,88.61,Yes
ORD-002337,2025-10-14,West,T. Brooks,SMB,Software,DataLens License,2,405.44,0.01,802.77,No
ORD-002338,2025-10-15,North,R. Diaz,SMB,Hardware,Nimbus Monitor,1,1807.24,0.029,1754.83,No
ORD-002339,2025-10-15,East,L. Nguyen,Mid-Market,Software,DataLens License,3,272.04,0.011,807.14,No
ORD-002340,2025-10-15,East,L. Nguyen,Mid-Market,Accessories,Webcam HD,1,93.85,0.111,83.43,No
ORD-002341,2025-10-15,West,D. Rossi,Enterprise,Hardware,Nimbus Monitor,2,2399.16,0.154,4059.38,No
ORD-002342,2025-10-15,East,L. Nguyen,SMB,Accessories,USB-C Hub,2,24.12,0.071,44.81,Yes
ORD-002343,2025-10-15,West,D. Rossi,Mid-Market,Software,FlowSuite License,2,417.47,0.034,806.55,No
ORD-002344,2025-10-15,South,M. Okafor,SMB,Software,DataLens License,1,307.79,0.066,287.48,No
ORD-002345,2025-10-15,South,S. Patel,Enterprise,Hardware,Falcon Laptop,1,1354.72,0.15,1151.51,No
ORD-002346,2025-10-15,East,L. Nguyen,SMB,Software,FlowSuite License,1,195.89,0.031,189.82,No
ORD-002347,2025-10-15,North,A. Chen,Mid-Market,Software,SecureGuard License,1,414.86,0.035,400.34,No
ORD-002348,2025-10-15,West,T. Brooks,Mid-Market,Accessories,Laptop Sleeve,1,36.44,0.113,32.32,No
ORD-002349,2025-10-15,North,R. Diaz,Mid-Market,Hardware,Nimbus Monitor,1,935.36,0.023,913.85,No
ORD-002350,2025-10-16,West,T. Brooks,SMB,Hardware,Falcon Laptop,1,1197.9,0.042,1147.59,No
ORD-002351,2025-10-16,South,M. Okafor,Mid-Market,Hardware,Nimbus Monitor,2,2254.95,0.128,3932.63,No
ORD-002352,2025-10-16,East,L. Nguyen,SMB,Services,Priority Support,1,958.5,0.056,904.82,No
ORD-002353,2025-10-16,West,T. Brooks,Mid-Market,Services,Onboarding Package,1,459.25,0.075,424.81,No
ORD-002354,2025-10-16,North,R. Diaz,SMB,Software,FlowSuite License,1,166.32,0.06,156.34,No
ORD-002355,2025-10-16,East,J. Kim,SMB,Software,DataLens License,2,596.82,0.045,1139.93,No
ORD-002356,2025-10-17,North,R. Diaz,Mid-Market,Services,Onboarding Package,1,527.18,0.099,474.99,No
ORD-002357,2025-10-17,East,L. Nguyen,SMB,Software,SecureGuard License,2,434.24,0.027,845.03,No
ORD-002358,2025-10-17,East,J. Kim,SMB,Software,DataLens License,1,499.19,0.024,487.21,No
ORD-002359,2025-10-17,East,L. Nguyen,SMB,Accessories,Webcam HD,3,31.11,0.034,90.16,No
ORD-002360,2025-10-17,East,L. Nguyen,Enterprise,Accessories,Webcam HD,4,27.15,0.038,104.47,No
ORD-002361,2025-10-17,North,A. Chen,SMB,Software,SecureGuard License,1,207.8,0.055,196.37,No
ORD-002362,2025-10-17,North,R. Diaz,Mid-Market,Hardware,Nimbus Monitor,2,991.04,0.103,1777.93,No
ORD-002363,2025-10-17,East,L. Nguyen,Enterprise,Accessories,Webcam HD,3,68.58,0.098,185.58,No
ORD-002364,2025-10-17,West,D. Rossi,SMB,Software,SecureGuard License,1,355.16,0.002,354.45,No
ORD-002365,2025-10-17,West,T. Brooks,Enterprise,Accessories,Laptop Sleeve,4,58.83,0.064,220.26,No
ORD-002366,2025-10-17,East,J. Kim,SMB,Hardware,Nimbus Monitor,1,1334.57,0.051,1266.51,No
ORD-002367,2025-10-17,East,L. Nguyen,Mid-Market,Hardware,Titan Desktop,3,1919.18,0.041,5521.48,No
ORD-002368,2025-10-17,West,D. Rossi,Mid-Market,Accessories,USB-C Hub,5,117.54,0.138,506.6,No
ORD-002369,2025-10-18,West,T. Brooks,SMB,Software,DataLens License,1,346.55,0.061,325.41,No
ORD-002370,2025-10-18,East,J. Kim,SMB,Software,FlowSuite License,1,452.95,0.058,426.68,No
ORD-002371,2025-10-18,East,J. Kim,Mid-Market,Software,DataLens License,2,515.88,0.003,1028.66,No
ORD-002372,2025-10-18,East,L. Nguyen,SMB,Hardware,Titan Desktop,2,1595.68,0.058,3006.26,No
ORD-002373,2025-10-18,East,L. Nguyen,SMB,Services,Custom Training,3,974.62,0.054,2765.97,No
ORD-002374,2025-10-18,South,S. Patel,SMB,Software,DataLens License,1,215.51,0.034,208.18,No
ORD-002375,2025-10-18,East,L. Nguyen,SMB,Software,FlowSuite License,1,446.97,0.052,423.73,No
ORD-002376,2025-10-18,East,J. Kim,Enterprise,Services,Custom Training,1,1016.62,0.193,820.41,No
ORD-002377,2025-10-18,North,R. Diaz,SMB,Software,SecureGuard License,1,489.17,0.041,469.11,No
ORD-002378,2025-10-19,North,A. Chen,SMB,Accessories,USB-C Hub,1,111.89,0.08,102.94,No
ORD-002379,2025-10-19,West,T. Brooks,Enterprise,Software,SecureGuard License,1,124.16,0.031,120.31,No
ORD-002380,2025-10-19,West,D. Rossi,Mid-Market,Hardware,Falcon Laptop,3,1621.15,0.126,4250.66,No
ORD-002381,2025-10-19,West,D. Rossi,Mid-Market,Software,SecureGuard License,1,262.87,0.136,227.12,No
ORD-002382,2025-10-19,West,T. Brooks,Mid-Market,Accessories,Wireless Mouse,1,98.25,0.068,91.57,No
ORD-002383,2025-10-19,North,R. Diaz,Mid-Market,Accessories,Wireless Mouse,3,44.01,0.016,129.92,No
ORD-002384,2025-10-19,North,R. Diaz,Enterprise,Hardware,Falcon Laptop,1,1984.6,0.216,1555.93,No
ORD-002385,2025-10-19,West,T. Brooks,SMB,Software,FlowSuite License,1,246.73,0.051,234.15,No
ORD-002386,2025-10-19,West,D. Rossi,SMB,Software,DataLens License,1,373.69,0.063,350.15,No
ORD-002387,2025-10-19,West,D. Rossi,SMB,Hardware,Falcon Laptop,1,2391.42,0.063,2240.76,No
ORD-002388,2025-10-19,North,R. Diaz,SMB,Hardware,Titan Desktop,2,1754.42,0.072,3256.2,No
ORD-002389,2025-10-20,South,S. Patel,SMB,Hardware,Titan Desktop,4,2276.78,0.051,8642.66,No
ORD-002390,2025-10-20,East,J. Kim,SMB,Accessories,Webcam HD,4,80.45,0.066,300.56,No
ORD-002391,2025-10-20,North,R. Diaz,SMB,Services,Custom Training,1,351.12,0.025,342.34,No
ORD-002392,2025-10-20,South,S. Patel,Enterprise,Accessories,USB-C Hub,4,96.8,0.228,298.92,No
ORD-002393,2025-10-20,North,A. Chen,SMB,Software,FlowSuite License,1,476.44,0.069,443.57,No
ORD-002394,2025-10-20,East,L. Nguyen,SMB,Accessories,USB-C Hub,4,59.1,0.004,235.45,No
ORD-002395,2025-10-20,East,J. Kim,Enterprise,Accessories,Wireless Mouse,6,117.74,0.042,676.77,No
ORD-002396,2025-10-20,West,D. Rossi,Mid-Market,Hardware,Nimbus Monitor,1,2135.89,0.047,2035.5,No
ORD-002397,2025-10-20,West,T. Brooks,SMB,Hardware,Nimbus Monitor,2,1007.84,0.065,1884.66,No
ORD-002398,2025-10-20,East,J. Kim,SMB,Accessories,USB-C Hub,1,63.72,0.011,63.02,No
ORD-002399,2025-10-20,North,R. Diaz,Enterprise,Accessories,Webcam HD,4,115.84,0.073,429.53,No
ORD-002400,2025-10-20,East,L. Nguyen,Mid-Market,Software,SecureGuard License,2,394.46,0.144,675.32,No
ORD-002401,2025-10-20,West,T. Brooks,Mid-Market,Hardware,Titan Desktop,2,1455.42,0.071,2704.17,No
ORD-002402,2025-10-20,North,R. Diaz,SMB,Services,Custom Training,1,895.66,0.046,854.46,No
ORD-002403,2025-10-20,East,J. Kim,SMB,Software,SecureGuard License,2,378.64,0.031,733.8,No
ORD-002404,2025-10-20,North,R. Diaz,Mid-Market,Hardware,Nimbus Monitor,2,1759.53,0.115,3114.37,No
ORD-002405,2025-10-21,North,R. Diaz,SMB,Services,Onboarding Package,1,763.15,0.056,720.41,No
ORD-002406,2025-10-21,East,J. Kim,SMB,Accessories,Wireless Mouse,2,58.62,0.057,110.56,No
ORD-002407,2025-10-21,South,M. Okafor,Mid-Market,Services,Custom Training,1,617.97,0.105,553.08,No
ORD-002408,2025-10-21,South,S. Patel,SMB,Software,SecureGuard License,1,320.59,0.038,308.41,No
ORD-002409,2025-10-21,West,D. Rossi,Enterprise,Software,DataLens License,1,415.67,0.028,404.03,No
ORD-002410,2025-10-21,North,A. Chen,Enterprise,Software,SecureGuard License,1,178.87,0.142,153.47,No
ORD-002411,2025-10-21,South,M. Okafor,SMB,Services,Priority Support,1,686.24,0.027,667.71,No
ORD-002412,2025-10-21,West,D. Rossi,Enterprise,Software,DataLens License,1,569.47,0.085,521.07,No
ORD-002413,2025-10-21,East,J. Kim,Mid-Market,Accessories,USB-C Hub,5,89.1,0.142,382.24,No
ORD-002414,2025-10-21,West,T. Brooks,Enterprise,Accessories,USB-C Hub,6,62.58,0.146,320.66,No
ORD-002415,2025-10-21,North,R. Diaz,Mid-Market,Accessories,USB-C Hub,4,55.63,0.054,210.5,No
ORD-002416,2025-10-21,South,M. Okafor,SMB,Hardware,Falcon Laptop,1,1901.34,0.012,1878.52,No
ORD-002417,2025-10-21,South,S. Patel,SMB,Software,DataLens License,2,197.11,0.026,383.97,No
ORD-002418,2025-10-22,West,D. Rossi,SMB,Accessories,Webcam HD,1,88.9,0.078,81.97,No
ORD-002419,2025-10-22,South,M. Okafor,SMB,Accessories,Laptop Sleeve,2,55.17,0.037,106.26,No
ORD-002420,2025-10-22,South,M. Okafor,Mid-Market,Accessories,Laptop Sleeve,4,82.24,0.009,326.0,No
ORD-002421,2025-10-22,East,J. Kim,Mid-Market,Software,DataLens License,2,220.71,0.064,413.17,No
ORD-002422,2025-10-22,East,L. Nguyen,SMB,Hardware,Titan Desktop,1,1851.07,0.029,1797.39,No
ORD-002423,2025-10-22,East,L. Nguyen,Mid-Market,Software,DataLens License,3,395.21,0.149,1008.97,Yes
ORD-002424,2025-10-22,East,J. Kim,SMB,Accessories,Webcam HD,3,113.06,0.038,326.29,No
ORD-002425,2025-10-22,West,D. Rossi,Mid-Market,Software,SecureGuard License,1,128.98,0.061,121.11,No
ORD-002426,2025-10-23,North,A. Chen,SMB,Services,Priority Support,2,1463.07,0.005,2911.51,No
ORD-002427,2025-10-23,South,M. Okafor,SMB,Services,Custom Training,1,787.48,0.027,766.22,No
ORD-002428,2025-10-23,West,D. Rossi,Enterprise,Accessories,Laptop Sleeve,3,29.06,0.22,68.0,No
ORD-002429,2025-10-23,West,T. Brooks,SMB,Accessories,Wireless Mouse,2,103.31,0.004,205.79,No
ORD-002430,2025-10-23,West,T. Brooks,Enterprise,Software,DataLens License,1,291.52,0.007,289.48,No
ORD-002431,2025-10-23,South,M. Okafor,SMB,Services,Onboarding Package,2,315.18,0.025,614.6,No
ORD-002432,2025-10-23,East,J. Kim,SMB,Services,Onboarding Package,1,1156.27,0.072,1073.02,No
ORD-002433,2025-10-23,East,L. Nguyen,SMB,Software,DataLens License,1,253.0,0.079,233.01,No
ORD-002434,2025-10-23,East,L. Nguyen,SMB,Services,Custom Training,3,1075.23,0.009,3196.66,No
ORD-002435,2025-10-23,East,J. Kim,Enterprise,Accessories,Wireless Mouse,2,25.52,0.247,38.43,No
ORD-002436,2025-10-24,West,T. Brooks,Mid-Market,Accessories,USB-C Hub,1,45.37,0.002,45.28,No
ORD-002437,2025-10-24,North,R. Diaz,Enterprise,Accessories,Laptop Sleeve,2,70.32,0.049,133.75,No
ORD-002438,2025-10-24,North,A. Chen,SMB,Hardware,Titan Desktop,1,2385.96,0.025,2326.31,No
ORD-002439,2025-10-24,South,S. Patel,SMB,Services,Onboarding Package,3,708.94,0.048,2024.73,No
ORD-002440,2025-10-24,West,T. Brooks,Enterprise,Services,Onboarding Package,3,336.54,0.213,794.57,No
ORD-002441,2025-10-24,East,J. Kim,Mid-Market,Accessories,Wireless Mouse,2,59.59,0.049,113.34,No
ORD-002442,2025-10-24,North,A. Chen,Mid-Market,Hardware,Falcon Laptop,2,2230.53,0.105,3992.65,No
ORD-002443,2025-10-24,West,D. Rossi,SMB,Software,DataLens License,1,379.36,0.012,374.81,No
ORD-002444,2025-10-24,North,R. Diaz,Mid-Market,Software,SecureGuard License,2,327.88,0.144,561.33,No
ORD-002445,2025-10-24,North,R. Diaz,SMB,Services,Onboarding Package,1,1475.15,0.035,1423.52,No
ORD-002446,2025-10-24,North,A. Chen,Enterprise,Software,SecureGuard License,3,211.59,0.194,511.62,No
ORD-002447,2025-10-24,North,A. Chen,SMB,Hardware,Nimbus Monitor,1,1410.61,0.065,1318.92,No
ORD-002448,2025-10-24,East,J. Kim,SMB,Services,Onboarding Package,1,670.11,0.006,666.09,No
ORD-002449,2025-10-24,West,T. Brooks,Enterprise,Accessories,USB-C Hub,1,26.34,0.229,20.31,No
ORD-002450,2025-10-24,South,S. Patel,SMB,Hardware,Falcon Laptop,1,1865.72,0.061,1751.91,No
ORD-002451,2025-10-24,North,A. Chen,SMB,Accessories,Webcam HD,3,17.52,0.015,51.77,No
ORD-002452,2025-10-24,North,A. Chen,Enterprise,Software,DataLens License,1,485.85,0.083,445.52,No
ORD-002453,2025-10-25,East,J. Kim,Mid-Market,Hardware,Titan Desktop,1,1629.26,0.11,1450.04,No
ORD-002454,2025-10-25,East,J. Kim,Mid-Market,Hardware,Titan Desktop,2,981.99,0.019,1926.66,No
ORD-002455,2025-10-25,South,M. Okafor,Mid-Market,Software,DataLens License,4,484.88,0.118,1710.66,No
ORD-002456,2025-10-25,East,L. Nguyen,SMB,Services,Custom Training,5,425.86,0.031,2063.29,No
ORD-002457,2025-10-25,East,L. Nguyen,Mid-Market,Software,FlowSuite License,2,517.41,0.119,911.68,No
ORD-002458,2025-10-25,West,T. Brooks,SMB,Services,Onboarding Package,1,1309.01,0.058,1233.09,No
ORD-002459,2025-10-25,West,D. Rossi,Enterprise,Accessories,Wireless Mouse,4,49.24,0.034,190.26,No
ORD-002460,2025-10-25,North,A. Chen,Enterprise,Accessories,Webcam HD,5,86.9,0.213,341.95,No
ORD-002461,2025-10-25,South,S. Patel,Mid-Market,Software,DataLens License,2,392.48,0.057,740.22,No
ORD-002462,2025-10-25,West,D. Rossi,Enterprise,Software,FlowSuite License,1,460.98,0.2,368.78,No
ORD-002463,2025-10-25,North,R. Diaz,SMB,Hardware,Falcon Laptop,3,2436.66,0.011,7229.57,No
ORD-002464,2025-10-25,East,L. Nguyen,Mid-Market,Software,SecureGuard License,2,521.14,0.013,1028.73,No
ORD-002465,2025-10-25,East,L. Nguyen,SMB,Accessories,Webcam HD,2,54.19,0.025,105.67,No
ORD-002466,2025-10-25,South,M. Okafor,Enterprise,Software,SecureGuard License,2,523.38,0.077,966.16,No
ORD-002467,2025-10-25,West,D. Rossi,SMB,Hardware,Falcon Laptop,1,1427.98,0.001,1426.55,No
ORD-002468,2025-10-25,North,A. Chen,SMB,Accessories,USB-C Hub,1,85.08,0.048,81.0,Yes
ORD-002469,2025-10-26,East,J. Kim,Mid-Market,Accessories,Laptop Sleeve,4,100.62,0.138,346.94,No
ORD-002470,2025-10-26,North,A. Chen,Mid-Market,Hardware,Titan Desktop,1,933.99,0.1,840.59,No
ORD-002471,2025-10-26,East,L. Nguyen,Enterprise,Services,Onboarding Package,1,750.92,0.01,743.41,No
ORD-002472,2025-10-26,East,J. Kim,Mid-Market,Hardware,Titan Desktop,2,2136.36,0.002,4264.17,No
ORD-002473,2025-10-26,West,T. Brooks,Mid-Market,Accessories,Wireless Mouse,3,77.29,0.035,223.75,No
ORD-002474,2025-10-27,South,M. Okafor,SMB,Hardware,Nimbus Monitor,2,1116.73,0.038,2148.59,No
ORD-002475,2025-10-27,North,A. Chen,Mid-Market,Software,SecureGuard License,1,392.87,0.069,365.76,No
ORD-002476,2025-10-27,West,D. Rossi,Mid-Market,Services,Priority Support,1,1209.96,0.033,1170.03,No
ORD-002477,2025-10-27,South,S. Patel,Mid-Market,Hardware,Titan Desktop,2,1862.93,0.137,3215.42,No
ORD-002478,2025-10-27,South,M. Okafor,Mid-Market,Software,FlowSuite License,1,489.88,0.056,462.45,No
ORD-002479,2025-10-27,West,T. Brooks,SMB,Software,DataLens License,4,456.31,0.065,1706.6,No
ORD-002480,2025-10-27,South,M. Okafor,Mid-Market,Services,Priority Support,4,981.79,0.144,3361.65,No
ORD-002481,2025-10-27,East,L. Nguyen,SMB,Software,SecureGuard License,1,224.66,0.012,221.96,No
ORD-002482,2025-10-27,East,J. Kim,Mid-Market,Accessories,Wireless Mouse,2,107.16,0.086,195.89,No
ORD-002483,2025-10-27,North,A. Chen,Enterprise,Software,SecureGuard License,1,346.04,0.157,291.71,No
ORD-002484,2025-10-27,East,L. Nguyen,Enterprise,Software,SecureGuard License,1,519.42,0.105,464.88,No
ORD-002485,2025-10-27,East,J. Kim,SMB,Accessories,Laptop Sleeve,2,43.74,0.057,82.49,No
ORD-002486,2025-10-27,East,L. Nguyen,SMB,Software,DataLens License,2,156.26,0.079,287.83,No
ORD-002487,2025-10-27,East,L. Nguyen,SMB,Services,Custom Training,4,1326.26,0.043,5076.92,No
ORD-002488,2025-10-27,East,L. Nguyen,Mid-Market,Services,Onboarding Package,1,1434.58,0.003,1430.28,No
ORD-002489,2025-10-27,East,J. Kim,SMB,Services,Custom Training,2,1390.76,0.021,2723.11,No
ORD-002490,2025-10-27,West,D. Rossi,Mid-Market,Services,Custom Training,2,547.23,0.128,954.37,No
ORD-002491,2025-10-27,West,T. Brooks,Enterprise,Software,SecureGuard License,2,564.87,0.122,991.91,No
ORD-002492,2025-10-28,North,R. Diaz,Mid-Market,Software,SecureGuard License,1,194.78,0.023,190.3,No
ORD-002493,2025-10-28,South,S. Patel,Enterprise,Accessories,USB-C Hub,1,114.56,0.025,111.7,No
ORD-002494,2025-10-28,East,L. Nguyen,Enterprise,Software,DataLens License,1,223.51,0.243,169.2,No
ORD-002495,2025-10-28,East,L. Nguyen,Mid-Market,Services,Onboarding Package,4,301.43,0.12,1061.03,No
ORD-002496,2025-10-28,East,J. Kim,Mid-Market,Software,FlowSuite License,1,388.79,0.0,388.79,No
ORD-002497,2025-10-29,South,M. Okafor,SMB,Software,SecureGuard License,1,283.46,0.04,272.12,No
ORD-002498,2025-10-29,North,R. Diaz,SMB,Hardware,Titan Desktop,2,2114.36,0.048,4025.74,No
ORD-002499,2025-10-29,South,S. Patel,Mid-Market,Software,SecureGuard License,1,484.6,0.003,483.15,No
ORD-002500,2025-10-29,South,S. Patel,Mid-Market,Accessories,Laptop Sleeve,6,77.95,0.015,460.68,No
ORD-002501,2025-10-29,East,J. Kim,Mid-Market,Hardware,Titan Desktop,1,1868.65,0.088,1704.21,No
ORD-002502,2025-10-29,East,L. Nguyen,SMB,Accessories,USB-C Hub,2,21.94,0.006,43.62,No
ORD-002503,2025-10-29,South,S. Patel,Mid-Market,Services,Onboarding Package,4,1379.95,0.065,5161.01,No
ORD-002504,2025-10-29,South,M. Okafor,SMB,Accessories,USB-C Hub,3,17.6,0.056,49.84,No
ORD-002505,2025-10-29,South,S. Patel,Mid-Market,Accessories,USB-C Hub,2,86.58,0.042,165.89,No
ORD-002506,2025-10-29,North,A. Chen,SMB,Software,DataLens License,2,393.03,0.016,773.48,No
ORD-002507,2025-10-29,West,D. Rossi,SMB,Accessories,Webcam HD,2,39.56,0.021,77.46,No
ORD-002508,2025-10-29,East,L. Nguyen,Enterprise,Accessories,Wireless Mouse,4,19.08,0.243,57.77,No
ORD-002509,2025-10-29,South,M. Okafor,SMB,Accessories,Laptop Sleeve,2,68.59,0.018,134.71,Yes
ORD-002510,2025-10-29,West,T. Brooks,SMB,Hardware,Nimbus Monitor,1,1136.78,0.017,1117.45,No
ORD-002511,2025-10-29,West,D. Rossi,SMB,Hardware,Nimbus Monitor,2,1357.31,0.001,2711.91,No
ORD-002512,2025-10-29,West,T. Brooks,Mid-Market,Software,FlowSuite License,2,562.25,0.014,1108.76,No
ORD-002513,2025-10-30,West,T. Brooks,Enterprise,Hardware,Nimbus Monitor,2,2465.92,0.097,4453.45,No
ORD-002514,2025-10-30,East,J. Kim,SMB,Hardware,Titan Desktop,1,2157.62,0.006,2144.67,No
ORD-002515,2025-10-30,West,T. Brooks,Enterprise,Software,DataLens License,1,555.13,0.227,429.12,No
ORD-002516,2025-10-30,North,A. Chen,Mid-Market,Accessories,Webcam HD,1,97.85,0.071,90.9,No
ORD-002517,2025-10-30,East,J. Kim,SMB,Accessories,USB-C Hub,2,62.22,0.072,115.48,No
ORD-002518,2025-10-30,North,R. Diaz,SMB,Software,FlowSuite License,2,304.76,0.071,566.24,No
ORD-002519,2025-10-30,West,T. Brooks,Enterprise,Hardware,Nimbus Monitor,1,2468.71,0.143,2115.68,No
ORD-002520,2025-10-30,West,D. Rossi,SMB,Software,SecureGuard License,1,534.75,0.074,495.18,No
ORD-002521,2025-10-30,North,R. Diaz,SMB,Hardware,Titan Desktop,1,1783.21,0.054,1686.92,No
ORD-002522,2025-10-30,South,M. Okafor,Mid-Market,Services,Onboarding Package,1,1030.31,0.033,996.31,No
ORD-002523,2025-10-30,South,S. Patel,Enterprise,Software,DataLens License,1,475.09,0.149,404.3,No
ORD-002524,2025-10-30,West,T. Brooks,Mid-Market,Accessories,Wireless Mouse,3,43.41,0.062,122.16,No
ORD-002525,2025-10-30,North,R. Diaz,Mid-Market,Hardware,Falcon Laptop,3,1134.5,0.106,3042.73,No
ORD-002526,2025-10-30,West,D. Rossi,SMB,Accessories,Webcam HD,4,91.82,0.019,360.3,No
ORD-002527,2025-10-31,East,J. Kim,SMB,Software,DataLens License,1,302.05,0.023,295.1,No
ORD-002528,2025-10-31,North,R. Diaz,SMB,Hardware,Titan Desktop,1,1972.76,0.051,1872.15,No
ORD-002529,2025-10-31,North,R. Diaz,Enterprise,Software,FlowSuite License,3,585.78,0.204,1398.84,No
ORD-002530,2025-10-31,North,A. Chen,Enterprise,Accessories,Laptop Sleeve,5,39.47,0.224,153.14,No
ORD-002531,2025-10-31,East,J. Kim,Enterprise,Accessories,Laptop Sleeve,1,57.16,0.222,44.47,No
ORD-002532,2025-10-31,West,D. Rossi,Enterprise,Software,DataLens License,4,592.43,0.032,2293.89,No
ORD-002533,2025-10-31,South,S. Patel,Mid-Market,Accessories,Laptop Sleeve,3,20.5,0.015,60.58,No
ORD-002534,2025-10-31,North,R. Diaz,SMB,Services,Onboarding Package,2,891.78,0.002,1779.99,No
ORD-002535,2025-10-31,West,D. Rossi,SMB,Hardware,Titan Desktop,1,942.39,0.01,932.97,No
ORD-002536,2025-10-31,East,J. Kim,Enterprise,Services,Priority Support,1,783.93,0.228,605.19,No
ORD-002537,2025-11-01,West,T. Brooks,SMB,Services,Onboarding Package,3,471.66,0.05,1344.23,No
ORD-002538,2025-11-01,North,R. Diaz,SMB,Accessories,Laptop Sleeve,3,63.27,0.072,176.14,No
ORD-002539,2025-11-01,North,A. Chen,Enterprise,Software,SecureGuard License,1,565.62,0.007,561.66,Yes
ORD-002540,2025-11-01,East,J. Kim,Enterprise,Accessories,Laptop Sleeve,4,33.65,0.154,113.87,No
ORD-002541,2025-11-01,North,R. Diaz,SMB,Accessories,Wireless Mouse,2,106.92,0.068,199.3,No
ORD-002542,2025-11-01,West,D. Rossi,Mid-Market,Software,FlowSuite License,2,317.86,0.133,551.17,No
ORD-002543,2025-11-01,East,J. Kim,SMB,Hardware,Titan Desktop,2,2295.45,0.049,4365.95,No
ORD-002544,2025-11-01,North,R. Diaz,Mid-Market,Hardware,Nimbus Monitor,1,1333.49,0.06,1253.48,No
ORD-002545,2025-11-01,West,D. Rossi,Enterprise,Services,Custom Training,4,928.76,0.16,3120.63,No
ORD-002546,2025-11-02,East,L. Nguyen,SMB,Hardware,Titan Desktop,1,1349.41,0.08,1241.46,No
ORD-002547,2025-11-02,East,J. Kim,SMB,Hardware,Nimbus Monitor,4,1901.53,0.027,7400.75,No
ORD-002548,2025-11-02,North,A. Chen,SMB,Software,DataLens License,4,135.24,0.045,516.62,No
ORD-002549,2025-11-02,North,A. Chen,SMB,Hardware,Nimbus Monitor,1,2001.03,0.045,1910.98,No
ORD-002550,2025-11-02,West,D. Rossi,Mid-Market,Hardware,Falcon Laptop,2,1244.11,0.075,2301.6,No
ORD-002551,2025-11-02,North,R. Diaz,Enterprise,Hardware,Nimbus Monitor,1,1348.87,0.219,1053.47,No
ORD-002552,2025-11-02,South,M. Okafor,Mid-Market,Software,SecureGuard License,1,216.96,0.056,204.81,No
ORD-002553,2025-11-02,East,J. Kim,Enterprise,Hardware,Nimbus Monitor,1,2181.94,0.232,1675.73,No
ORD-002554,2025-11-02,East,J. Kim,SMB,Software,DataLens License,1,150.04,0.075,138.79,No
ORD-002555,2025-11-03,North,R. Diaz,SMB,Software,FlowSuite License,1,392.15,0.008,389.01,No
ORD-002556,2025-11-03,West,T. Brooks,Enterprise,Accessories,Webcam HD,4,66.88,0.237,204.12,No
ORD-002557,2025-11-03,South,M. Okafor,SMB,Accessories,Wireless Mouse,2,16.74,0.074,31.0,No
ORD-002558,2025-11-03,West,D. Rossi,SMB,Software,DataLens License,1,566.71,0.014,558.78,No
ORD-002559,2025-11-03,South,M. Okafor,SMB,Accessories,USB-C Hub,3,15.9,0.077,44.03,Yes
ORD-002560,2025-11-03,West,T. Brooks,SMB,Hardware,Falcon Laptop,2,1999.7,0.074,3703.44,No
ORD-002561,2025-11-03,South,S. Patel,SMB,Hardware,Titan Desktop,1,2020.51,0.022,1976.06,No
ORD-002562,2025-11-03,East,J. Kim,SMB,Software,FlowSuite License,1,268.03,0.037,258.11,No
ORD-002563,2025-11-03,West,D. Rossi,SMB,Services,Onboarding Package,1,1396.44,0.054,1321.03,No
ORD-002564,2025-11-03,South,S. Patel,SMB,Hardware,Titan Desktop,2,2299.46,0.049,4373.57,No
ORD-002565,2025-11-03,East,L. Nguyen,SMB,Accessories,Webcam HD,3,54.82,0.01,162.82,No
ORD-002566,2025-11-03,North,A. Chen,Mid-Market,Accessories,USB-C Hub,3,62.73,0.03,182.54,No
ORD-002567,2025-11-03,West,T. Brooks,SMB,Hardware,Nimbus Monitor,1,1019.61,0.048,970.67,No
ORD-002568,2025-11-03,North,R. Diaz,Mid-Market,Software,SecureGuard License,1,422.67,0.111,375.75,No
ORD-002569,2025-11-03,South,M. Okafor,SMB,Hardware,Falcon Laptop,1,1697.99,0.058,1599.51,No
ORD-002570,2025-11-03,South,S. Patel,SMB,Accessories,Webcam HD,5,25.45,0.052,120.63,No
ORD-002571,2025-11-03,West,D. Rossi,SMB,Accessories,Laptop Sleeve,3,93.52,0.057,264.57,No
ORD-002572,2025-11-04,North,A. Chen,SMB,Accessories,Webcam HD,1,64.68,0.023,63.19,No
ORD-002573,2025-11-04,South,M. Okafor,Enterprise,Accessories,Laptop Sleeve,6,73.86,0.178,364.28,No
ORD-002574,2025-11-04,East,J. Kim,Enterprise,Accessories,Laptop Sleeve,3,26.15,0.098,70.76,No
ORD-002575,2025-11-04,South,M. Okafor,SMB,Services,Priority Support,1,433.57,0.062,406.69,No
ORD-002576,2025-11-04,South,S. Patel,Enterprise,Accessories,Webcam HD,5,28.31,0.156,119.47,No
ORD-002577,2025-11-04,East,J. Kim,Mid-Market,Accessories,Webcam HD,1,44.49,0.052,42.18,No
ORD-002578,2025-11-04,West,T. Brooks,Enterprise,Software,FlowSuite License,1,121.27,0.161,101.75,No
ORD-002579,2025-11-04,South,S. Patel,Mid-Market,Hardware,Falcon Laptop,3,1395.77,0.123,3672.27,No
ORD-002580,2025-11-04,North,R. Diaz,Mid-Market,Accessories,Wireless Mouse,6,116.96,0.004,698.95,No
ORD-002581,2025-11-04,East,L. Nguyen,Mid-Market,Accessories,USB-C Hub,2,95.08,0.01,188.26,No
ORD-002582,2025-11-04,North,A. Chen,Mid-Market,Accessories,Wireless Mouse,3,115.47,0.008,343.64,No
ORD-002583,2025-11-04,North,A. Chen,Mid-Market,Accessories,Wireless Mouse,1,85.93,0.043,82.24,No
ORD-002584,2025-11-04,North,A. Chen,SMB,Software,FlowSuite License,1,479.85,0.072,445.3,No
ORD-002585,2025-11-04,East,J. Kim,Mid-Market,Software,SecureGuard License,2,286.41,0.082,525.85,No
ORD-002586,2025-11-04,East,L. Nguyen,Mid-Market,Accessories,Webcam HD,4,104.24,0.096,376.93,No
ORD-002587,2025-11-05,South,M. Okafor,SMB,Services,Onboarding Package,2,1342.15,0.065,2509.82,No
ORD-002588,2025-11-05,East,L. Nguyen,Mid-Market,Software,FlowSuite License,3,392.41,0.148,1003.0,No
ORD-002589,2025-11-05,West,T. Brooks,SMB,Hardware,Nimbus Monitor,1,1844.41,0.075,1706.08,No
ORD-002590,2025-11-05,South,S. Patel,SMB,Hardware,Falcon Laptop,3,2375.89,0.033,6892.46,No
ORD-002591,2025-11-05,East,J. Kim,Mid-Market,Software,DataLens License,2,281.06,0.02,550.88,No
ORD-002592,2025-11-05,North,R. Diaz,Enterprise,Hardware,Falcon Laptop,2,1474.0,0.004,2936.21,No
ORD-002593,2025-11-05,West,D. Rossi,SMB,Services,Onboarding Package,1,1115.42,0.056,1052.96,No
ORD-002594,2025-11-05,West,D. Rossi,SMB,Accessories,USB-C Hub,5,79.49,0.063,372.41,No
ORD-002595,2025-11-05,South,S. Patel,Enterprise,Accessories,USB-C Hub,7,98.05,0.224,532.61,No
ORD-002596,2025-11-05,East,J. Kim,SMB,Accessories,Webcam HD,1,45.92,0.054,43.44,No
ORD-002597,2025-11-05,North,R. Diaz,Enterprise,Accessories,Wireless Mouse,7,77.78,0.128,474.77,No
ORD-002598,2025-11-05,North,R. Diaz,Mid-Market,Accessories,Wireless Mouse,7,56.45,0.021,386.85,Yes
ORD-002599,2025-11-05,East,J. Kim,SMB,Hardware,Titan Desktop,3,2409.33,0.044,6909.96,No
ORD-002600,2025-11-05,West,T. Brooks,SMB,Accessories,Laptop Sleeve,1,20.91,0.058,19.7,No
ORD-002601,2025-11-06,West,D. Rossi,Mid-Market,Software,SecureGuard License,2,328.09,0.067,612.22,No
ORD-002602,2025-11-06,East,J. Kim,SMB,Hardware,Titan Desktop,2,1899.05,0.054,3593.0,No
ORD-002603,2025-11-06,North,A. Chen,SMB,Software,DataLens License,2,320.2,0.064,599.41,No
ORD-002604,2025-11-06,East,J. Kim,SMB,Accessories,Wireless Mouse,3,78.75,0.076,218.3,No
ORD-002605,2025-11-06,East,J. Kim,SMB,Software,DataLens License,2,428.76,0.044,819.79,No
ORD-002606,2025-11-06,East,J. Kim,Enterprise,Software,FlowSuite License,2,148.74,0.154,251.67,No
ORD-002607,2025-11-06,West,T. Brooks,Enterprise,Hardware,Nimbus Monitor,2,1100.39,0.223,1710.01,No
ORD-002608,2025-11-06,West,D. Rossi,Mid-Market,Software,FlowSuite License,2,572.9,0.093,1039.24,No
ORD-002609,2025-11-06,West,T. Brooks,Enterprise,Hardware,Titan Desktop,2,2091.0,0.077,3859.99,No
ORD-002610,2025-11-06,East,L. Nguyen,SMB,Software,DataLens License,4,326.16,0.006,1296.81,Yes
ORD-002611,2025-11-06,West,T. Brooks,SMB,Software,DataLens License,3,445.85,0.016,1316.15,No
ORD-002612,2025-11-06,North,A. Chen,SMB,Hardware,Falcon Laptop,1,1555.75,0.013,1535.53,No
ORD-002613,2025-11-06,South,M. Okafor,Mid-Market,Hardware,Titan Desktop,1,1951.65,0.004,1943.84,No
ORD-002614,2025-11-06,South,S. Patel,Mid-Market,Hardware,Nimbus Monitor,4,2329.78,0.11,8294.02,No
ORD-002615,2025-11-07,North,R. Diaz,Mid-Market,Accessories,Laptop Sleeve,1,49.3,0.042,47.23,No
ORD-002616,2025-11-07,East,L. Nguyen,Enterprise,Hardware,Falcon Laptop,1,1478.42,0.232,1135.43,Yes
ORD-002617,2025-11-07,North,A. Chen,Enterprise,Accessories,USB-C Hub,4,32.96,0.128,114.96,No
ORD-002618,2025-11-07,West,D. Rossi,SMB,Hardware,Nimbus Monitor,2,1346.58,0.06,2531.57,No
ORD-002619,2025-11-07,East,L. Nguyen,SMB,Software,SecureGuard License,2,486.39,0.0,972.78,No
ORD-002620,2025-11-07,West,T. Brooks,SMB,Accessories,USB-C Hub,5,26.58,0.01,131.57,No
ORD-002621,2025-11-07,West,D. Rossi,Mid-Market,Software,DataLens License,2,486.85,0.005,968.83,No
ORD-002622,2025-11-07,South,S. Patel,Enterprise,Accessories,Laptop Sleeve,1,80.32,0.213,63.21,No
ORD-002623,2025-11-07,South,S. Patel,SMB,Accessories,Wireless Mouse,2,103.31,0.069,192.36,Yes
ORD-002624,2025-11-07,South,S. Patel,SMB,Services,Priority Support,2,506.81,0.061,951.79,Yes
ORD-002625,2025-11-07,North,R. Diaz,Mid-Market,Hardware,Titan Desktop,1,1059.79,0.128,924.14,No
ORD-002626,2025-11-07,East,L. Nguyen,SMB,Software,DataLens License,3,538.83,0.047,1540.51,No
ORD-002627,2025-11-07,West,T. Brooks,SMB,Software,SecureGuard License,2,246.63,0.03,478.46,No
ORD-002628,2025-11-07,North,A. Chen,Enterprise,Accessories,USB-C Hub,2,53.41,0.202,85.24,No
ORD-002629,2025-11-07,East,L. Nguyen,SMB,Software,FlowSuite License,1,219.48,0.016,215.97,No
ORD-002630,2025-11-07,East,J. Kim,SMB,Services,Onboarding Package,1,886.81,0.032,858.43,No
ORD-002631,2025-11-07,East,L. Nguyen,Mid-Market,Accessories,USB-C Hub,5,54.38,0.056,256.67,No
ORD-002632,2025-11-07,North,A. Chen,Mid-Market,Software,FlowSuite License,1,169.48,0.02,166.09,No
ORD-002633,2025-11-07,North,A. Chen,SMB,Accessories,Wireless Mouse,2,16.14,0.007,32.05,No
ORD-002634,2025-11-08,West,D. Rossi,Enterprise,Accessories,Wireless Mouse,2,55.95,0.128,97.58,Yes
ORD-002635,2025-11-08,West,D. Rossi,Mid-Market,Accessories,Laptop Sleeve,3,87.61,0.143,225.25,Yes
ORD-002636,2025-11-08,South,M. Okafor,Mid-Market,Accessories,Wireless Mouse,6,117.87,0.115,625.89,No
ORD-002637,2025-11-08,North,A. Chen,Mid-Market,Software,SecureGuard License,1,484.41,0.023,473.27,No
ORD-002638,2025-11-08,East,J. Kim,Enterprise,Hardware,Nimbus Monitor,2,1059.56,0.019,2078.86,No
ORD-002639,2025-11-08,West,T. Brooks,SMB,Services,Onboarding Package,4,1314.45,0.073,4873.98,No
ORD-002640,2025-11-08,South,S. Patel,Mid-Market,Software,DataLens License,1,469.45,0.09,427.2,No
ORD-002641,2025-11-08,East,J. Kim,SMB,Accessories,Webcam HD,3,15.96,0.017,47.07,No
ORD-002642,2025-11-08,North,A. Chen,SMB,Hardware,Falcon Laptop,1,1612.86,0.02,1580.6,No
ORD-002643,2025-11-08,West,T. Brooks,Mid-Market,Hardware,Titan Desktop,2,1167.45,0.068,2176.13,No
ORD-002644,2025-11-08,South,S. Patel,SMB,Software,FlowSuite License,2,222.26,0.012,439.19,No
ORD-002645,2025-11-08,North,A. Chen,Mid-Market,Accessories,Webcam HD,2,15.68,0.141,26.94,No
ORD-002646,2025-11-08,North,A. Chen,Mid-Market,Hardware,Falcon Laptop,2,1755.25,0.013,3464.86,No
ORD-002647,2025-11-08,East,J. Kim,SMB,Hardware,Nimbus Monitor,3,1464.8,0.029,4266.96,Yes
ORD-002648,2025-11-09,North,A. Chen,Mid-Market,Software,FlowSuite License,1,521.14,0.005,518.53,No
ORD-002649,2025-11-09,North,R. Diaz,Mid-Market,Accessories,Wireless Mouse,4,85.6,0.044,327.33,No
ORD-002650,2025-11-09,East,J. Kim,Enterprise,Software,FlowSuite License,1,427.67,0.187,347.7,No
ORD-002651,2025-11-09,North,R. Diaz,SMB,Hardware,Nimbus Monitor,2,1848.6,0.017,3634.35,No
ORD-002652,2025-11-09,South,S. Patel,SMB,Hardware,Titan Desktop,2,1563.21,0.051,2966.97,No
ORD-002653,2025-11-09,West,D. Rossi,Mid-Market,Hardware,Titan Desktop,1,923.27,0.144,790.32,No
ORD-002654,2025-11-09,North,R. Diaz,Mid-Market,Accessories,USB-C Hub,6,50.29,0.091,274.28,No
ORD-002655,2025-11-09,South,M. Okafor,SMB,Accessories,USB-C Hub,4,64.53,0.048,245.73,No
ORD-002656,2025-11-09,South,M. Okafor,SMB,Software,SecureGuard License,1,580.3,0.039,557.67,No
ORD-002657,2025-11-09,North,R. Diaz,Mid-Market,Accessories,USB-C Hub,1,96.63,0.055,91.32,No
ORD-002658,2025-11-09,West,T. Brooks,Enterprise,Software,FlowSuite License,1,435.49,0.041,417.63,No
ORD-002659,2025-11-09,West,D. Rossi,SMB,Services,Custom Training,1,505.62,0.027,491.97,No
ORD-002660,2025-11-09,East,L. Nguyen,SMB,Services,Custom Training,2,386.83,0.074,716.41,No
ORD-002661,2025-11-09,South,M. Okafor,Mid-Market,Accessories,Webcam HD,4,97.91,0.143,335.64,No
ORD-002662,2025-11-09,East,J. Kim,SMB,Services,Onboarding Package,1,693.59,0.029,673.48,No
ORD-002663,2025-11-10,West,D. Rossi,SMB,Accessories,Laptop Sleeve,3,106.57,0.022,312.68,No
ORD-002664,2025-11-10,East,J. Kim,SMB,Services,Onboarding Package,3,833.16,0.001,2496.98,No
ORD-002665,2025-11-10,North,R. Diaz,Enterprise,Accessories,Webcam HD,4,69.42,0.124,243.25,No
ORD-002666,2025-11-10,South,M. Okafor,Mid-Market,Software,FlowSuite License,1,288.08,0.002,287.5,No
ORD-002667,2025-11-10,North,A. Chen,SMB,Software,SecureGuard License,1,421.11,0.009,417.32,No
ORD-002668,2025-11-10,East,L. Nguyen,Mid-Market,Accessories,USB-C Hub,3,37.01,0.061,104.26,No
ORD-002669,2025-11-10,East,J. Kim,Mid-Market,Accessories,Webcam HD,2,80.68,0.056,152.32,No
ORD-002670,2025-11-10,West,T. Brooks,Enterprise,Hardware,Falcon Laptop,2,1596.58,0.128,2784.44,No
ORD-002671,2025-11-10,North,A. Chen,SMB,Accessories,Webcam HD,1,31.37,0.055,29.64,No
ORD-002672,2025-11-10,East,J. Kim,Mid-Market,Hardware,Titan Desktop,1,1169.96,0.136,1010.85,No
ORD-002673,2025-11-10,North,A. Chen,SMB,Software,SecureGuard License,1,546.5,0.013,539.4,No
ORD-002674,2025-11-10,West,T. Brooks,Enterprise,Accessories,USB-C Hub,2,70.8,0.103,127.02,No
ORD-002675,2025-11-10,South,S. Patel,Mid-Market,Accessories,Webcam HD,2,53.06,0.067,99.01,Yes
ORD-002676,2025-11-10,West,T. Brooks,SMB,Services,Custom Training,1,1389.31,0.022,1358.75,No
ORD-002677,2025-11-10,West,T. Brooks,Mid-Market,Accessories,Wireless Mouse,4,85.6,0.023,334.52,No
ORD-002678,2025-11-10,North,A. Chen,SMB,Accessories,Wireless Mouse,5,17.09,0.043,81.78,No
ORD-002679,2025-11-10,North,R. Diaz,Mid-Market,Accessories,Wireless Mouse,1,53.38,0.121,46.92,No
ORD-002680,2025-11-11,North,A. Chen,Enterprise,Accessories,Webcam HD,2,62.27,0.226,96.39,No
ORD-002681,2025-11-11,West,D. Rossi,SMB,Services,Onboarding Package,3,468.64,0.065,1314.54,No
ORD-002682,2025-11-11,North,R. Diaz,SMB,Accessories,Webcam HD,3,30.83,0.035,89.25,No
ORD-002683,2025-11-11,West,D. Rossi,Mid-Market,Services,Onboarding Package,1,1246.52,0.114,1104.42,No
ORD-002684,2025-11-11,East,J. Kim,SMB,Accessories,Wireless Mouse,5,74.91,0.077,345.71,No
ORD-002685,2025-11-11,East,L. Nguyen,Mid-Market,Services,Priority Support,2,859.17,0.046,1639.3,No
ORD-002686,2025-11-11,North,A. Chen,Mid-Market,Accessories,USB-C Hub,2,73.16,0.067,136.52,No
ORD-002687,2025-11-11,West,T. Brooks,Mid-Market,Accessories,Wireless Mouse,1,42.91,0.071,39.86,No
ORD-002688,2025-11-11,South,S. Patel,Mid-Market,Services,Priority Support,1,815.42,0.133,706.97,No
ORD-002689,2025-11-12,West,D. Rossi,Enterprise,Hardware,Nimbus Monitor,3,902.46,0.004,2696.55,No
ORD-002690,2025-11-12,South,M. Okafor,SMB,Accessories,Webcam HD,6,76.05,0.046,435.31,No
ORD-002691,2025-11-12,South,S. Patel,SMB,Accessories,Wireless Mouse,2,64.05,0.017,125.92,No
ORD-002692,2025-11-12,North,A. Chen,SMB,Software,FlowSuite License,1,231.71,0.037,223.14,No
ORD-002693,2025-11-12,South,S. Patel,Mid-Market,Software,SecureGuard License,1,474.02,0.13,412.4,No
ORD-002694,2025-11-12,South,M. Okafor,SMB,Hardware,Titan Desktop,1,1430.81,0.038,1376.44,No
ORD-002695,2025-11-12,West,T. Brooks,Mid-Market,Accessories,USB-C Hub,2,42.27,0.113,74.99,No
ORD-002696,2025-11-12,West,T. Brooks,SMB,Accessories,USB-C Hub,4,44.5,0.004,177.29,No
ORD-002697,2025-11-12,West,D. Rossi,Mid-Market,Software,FlowSuite License,1,162.97,0.099,146.84,No
ORD-002698,2025-11-12,East,L. Nguyen,SMB,Software,SecureGuard License,1,279.89,0.046,267.02,No
ORD-002699,2025-11-12,North,A. Chen,Mid-Market,Accessories,USB-C Hub,7,62.34,0.01,432.02,No
ORD-002700,2025-11-12,South,S. Patel,Mid-Market,Software,DataLens License,2,509.02,0.066,950.85,No
ORD-002701,2025-11-12,South,S. Patel,SMB,Software,DataLens License,2,229.69,0.057,433.2,No
ORD-002702,2025-11-12,North,R. Diaz,SMB,Software,SecureGuard License,2,395.68,0.041,758.91,No
ORD-002703,2025-11-13,North,A. Chen,Enterprise,Software,DataLens License,1,285.84,0.158,240.68,No
ORD-002704,2025-11-13,West,T. Brooks,SMB,Accessories,USB-C Hub,5,64.83,0.065,303.08,Yes
ORD-002705,2025-11-13,East,J. Kim,Enterprise,Hardware,Nimbus Monitor,3,2265.08,0.208,5381.83,No
ORD-002706,2025-11-13,West,T. Brooks,Mid-Market,Software,SecureGuard License,1,531.15,0.149,452.01,No
ORD-002707,2025-11-13,East,L. Nguyen,SMB,Hardware,Nimbus Monitor,2,2462.27,0.021,4821.12,No
ORD-002708,2025-11-13,East,L. Nguyen,SMB,Software,FlowSuite License,1,371.86,0.058,350.29,No
ORD-002709,2025-11-13,West,D. Rossi,Enterprise,Software,SecureGuard License,1,591.5,0.187,480.89,No
ORD-002710,2025-11-13,North,A. Chen,Mid-Market,Services,Priority Support,3,966.85,0.093,2630.8,No
ORD-002711,2025-11-13,East,L. Nguyen,SMB,Accessories,Laptop Sleeve,2,40.39,0.036,77.87,No
ORD-002712,2025-11-13,North,A. Chen,Mid-Market,Hardware,Falcon Laptop,2,2037.46,0.133,3532.96,No
ORD-002713,2025-11-13,West,D. Rossi,SMB,Services,Onboarding Package,1,838.19,0.03,813.04,No
ORD-002714,2025-11-13,West,D. Rossi,Mid-Market,Hardware,Falcon Laptop,3,1437.53,0.014,4252.21,No
ORD-002715,2025-11-13,West,T. Brooks,Mid-Market,Software,FlowSuite License,1,466.65,0.007,463.38,No
ORD-002716,2025-11-13,East,J. Kim,Mid-Market,Accessories,Wireless Mouse,2,89.45,0.062,167.81,No
ORD-002717,2025-11-13,South,M. Okafor,Enterprise,Accessories,Wireless Mouse,3,117.2,0.203,280.23,No
ORD-002718,2025-11-13,North,A. Chen,Mid-Market,Software,FlowSuite License,2,368.22,0.037,709.19,No
ORD-002719,2025-11-13,West,T. Brooks,Mid-Market,Accessories,USB-C Hub,3,114.34,0.049,326.21,No
ORD-002720,2025-11-13,North,A. Chen,SMB,Software,SecureGuard License,2,582.61,0.014,1148.91,No
ORD-002721,2025-11-14,West,T. Brooks,SMB,Accessories,Laptop Sleeve,2,65.12,0.019,127.77,No
ORD-002722,2025-11-14,South,M. Okafor,SMB,Accessories,USB-C Hub,4,50.28,0.03,195.09,No
ORD-002723,2025-11-14,South,S. Patel,SMB,Hardware,Falcon Laptop,1,2346.28,0.051,2226.62,No
ORD-002724,2025-11-14,East,J. Kim,Mid-Market,Software,FlowSuite License,3,206.03,0.046,589.66,No
ORD-002725,2025-11-14,South,M. Okafor,Enterprise,Hardware,Titan Desktop,1,904.92,0.095,818.95,No
ORD-002726,2025-11-14,North,R. Diaz,Enterprise,Software,FlowSuite License,2,210.45,0.202,335.88,No
ORD-002727,2025-11-14,North,R. Diaz,SMB,Services,Onboarding Package,2,971.69,0.048,1850.1,No
ORD-002728,2025-11-14,North,R. Diaz,Mid-Market,Software,DataLens License,1,375.21,0.14,322.68,No
ORD-002729,2025-11-14,East,J. Kim,Enterprise,Software,SecureGuard License,2,423.76,0.203,675.47,No
ORD-002730,2025-11-14,South,M. Okafor,Enterprise,Software,SecureGuard License,1,252.15,0.063,236.26,No
ORD-002731,2025-11-14,East,L. Nguyen,Enterprise,Services,Custom Training,2,1375.99,0.204,2190.58,No
ORD-002732,2025-11-14,North,R. Diaz,SMB,Software,SecureGuard License,1,397.02,0.04,381.14,No
ORD-002733,2025-11-14,West,D. Rossi,SMB,Software,FlowSuite License,1,578.43,0.051,548.93,No
ORD-002734,2025-11-14,South,M. Okafor,Mid-Market,Accessories,Laptop Sleeve,4,106.52,0.013,420.54,No
ORD-002735,2025-11-14,North,R. Diaz,SMB,Hardware,Titan Desktop,3,1609.91,0.079,4448.18,No
ORD-002736,2025-11-14,East,L. Nguyen,Mid-Market,Hardware,Titan Desktop,2,2295.9,0.149,3907.62,No
ORD-002737,2025-11-14,North,A. Chen,SMB,Accessories,Laptop Sleeve,3,35.56,0.015,105.08,No
ORD-002738,2025-11-14,North,A. Chen,Enterprise,Accessories,Wireless Mouse,3,35.42,0.088,96.91,No
ORD-002739,2025-11-15,East,J. Kim,SMB,Accessories,USB-C Hub,2,89.1,0.04,171.07,Yes
ORD-002740,2025-11-15,East,L. Nguyen,Mid-Market,Software,DataLens License,1,171.83,0.119,151.38,No
ORD-002741,2025-11-15,South,M. Okafor,SMB,Accessories,Laptop Sleeve,3,84.95,0.075,235.74,No
ORD-002742,2025-11-15,North,A. Chen,SMB,Software,SecureGuard License,1,138.74,0.019,136.1,Yes
ORD-002743,2025-11-15,East,J. Kim,Mid-Market,Accessories,USB-C Hub,5,57.64,0.128,251.31,No
ORD-002744,2025-11-15,East,L. Nguyen,Mid-Market,Software,SecureGuard License,2,475.17,0.095,860.06,Yes
ORD-002745,2025-11-15,West,D. Rossi,SMB,Accessories,Wireless Mouse,4,117.43,0.027,457.04,Yes
ORD-002746,2025-11-15,East,L. Nguyen,Enterprise,Accessories,Webcam HD,5,108.6,0.127,474.04,No
ORD-002747,2025-11-15,North,A. Chen,Mid-Market,Services,Onboarding Package,2,877.35,0.081,1612.57,Yes
ORD-002748,2025-11-15,North,R. Diaz,SMB,Services,Custom Training,1,900.06,0.046,858.66,No
ORD-002749,2025-11-16,North,A. Chen,Mid-Market,Accessories,Wireless Mouse,5,33.56,0.059,157.9,No
ORD-002750,2025-11-16,East,L. Nguyen,Enterprise,Accessories,Wireless Mouse,4,52.19,0.111,185.59,No
ORD-002751,2025-11-16,West,D. Rossi,Mid-Market,Software,SecureGuard License,1,575.76,0.108,513.58,No
ORD-002752,2025-11-16,West,D. Rossi,Mid-Market,Software,SecureGuard License,1,156.94,0.125,137.32,No
ORD-002753,2025-11-16,North,R. Diaz,Mid-Market,Services,Priority Support,1,781.63,0.075,723.01,No
ORD-002754,2025-11-16,South,S. Patel,SMB,Services,Custom Training,1,1003.44,0.025,978.35,No
ORD-002755,2025-11-16,East,J. Kim,Enterprise,Software,DataLens License,1,481.1,0.158,405.09,No
ORD-002756,2025-11-16,South,M. Okafor,SMB,Hardware,Titan Desktop,1,1298.97,0.068,1210.64,No
ORD-002757,2025-11-16,West,T. Brooks,SMB,Accessories,Webcam HD,4,78.72,0.039,302.6,No
ORD-002758,2025-11-16,South,M. Okafor,Mid-Market,Services,Custom Training,1,1125.06,0.111,1000.18,No
ORD-002759,2025-11-16,North,R. Diaz,Mid-Market,Software,FlowSuite License,3,473.81,0.027,1383.05,No
ORD-002760,2025-11-17,North,A. Chen,Mid-Market,Accessories,USB-C Hub,3,51.66,0.009,153.59,No
ORD-002761,2025-11-17,North,A. Chen,SMB,Accessories,Laptop Sleeve,6,36.59,0.054,207.68,No
ORD-002762,2025-11-17,West,D. Rossi,Enterprise,Accessories,Wireless Mouse,1,24.5,0.021,23.99,No
ORD-002763,2025-11-17,East,L. Nguyen,SMB,Hardware,Nimbus Monitor,2,1075.48,0.077,1985.34,No
ORD-002764,2025-11-17,North,A. Chen,Mid-Market,Accessories,USB-C Hub,3,77.11,0.056,218.38,No
ORD-002765,2025-11-17,West,T. Brooks,SMB,Accessories,Webcam HD,2,15.01,0.026,29.24,No
ORD-002766,2025-11-17,North,A. Chen,SMB,Accessories,Webcam HD,3,71.28,0.046,204.0,No
ORD-002767,2025-11-17,South,S. Patel,SMB,Software,FlowSuite License,1,578.61,0.08,532.32,No
ORD-002768,2025-11-17,North,R. Diaz,Enterprise,Hardware,Falcon Laptop,3,1218.87,0.059,3440.87,No
ORD-002769,2025-11-17,East,J. Kim,Mid-Market,Software,FlowSuite License,1,150.05,0.115,132.79,No
ORD-002770,2025-11-17,North,A. Chen,Mid-Market,Hardware,Titan Desktop,1,1866.02,0.015,1838.03,No
ORD-002771,2025-11-17,East,L. Nguyen,SMB,Hardware,Nimbus Monitor,2,2438.66,0.079,4492.01,No
ORD-002772,2025-11-17,South,S. Patel,Mid-Market,Accessories,USB-C Hub,6,68.49,0.126,359.16,No
ORD-002773,2025-11-17,West,T. Brooks,SMB,Software,DataLens License,3,560.35,0.045,1605.4,No
ORD-002774,2025-11-17,North,R. Diaz,SMB,Services,Onboarding Package,1,1338.7,0.061,1257.04,No
ORD-002775,2025-11-17,South,S. Patel,Mid-Market,Hardware,Nimbus Monitor,5,2327.38,0.132,10100.83,No
ORD-002776,2025-11-17,East,L. Nguyen,SMB,Software,FlowSuite License,1,149.67,0.01,148.17,No
ORD-002777,2025-11-17,East,J. Kim,SMB,Accessories,Webcam HD,1,26.65,0.025,25.98,No
ORD-002778,2025-11-18,East,J. Kim,SMB,Accessories,USB-C Hub,3,45.48,0.062,127.98,Yes
ORD-002779,2025-11-18,East,L. Nguyen,Mid-Market,Hardware,Nimbus Monitor,1,1213.62,0.01,1201.48,No
ORD-002780,2025-11-18,East,J. Kim,Enterprise,Services,Custom Training,2,669.98,0.041,1285.02,No
ORD-002781,2025-11-18,East,L. Nguyen,SMB,Hardware,Nimbus Monitor,3,1648.3,0.055,4672.93,No
ORD-002782,2025-11-18,North,R. Diaz,Mid-Market,Services,Onboarding Package,2,1089.74,0.059,2050.89,No
ORD-002783,2025-11-18,North,A. Chen,SMB,Software,FlowSuite License,1,574.44,0.008,569.84,No
ORD-002784,2025-11-18,North,R. Diaz,SMB,Software,SecureGuard License,2,435.88,0.075,806.38,No
ORD-002785,2025-11-18,North,R. Diaz,SMB,Hardware,Titan Desktop,3,1081.74,0.068,3024.55,No
ORD-002786,2025-11-18,South,S. Patel,SMB,Software,FlowSuite License,1,521.69,0.044,498.74,No
ORD-002787,2025-11-18,West,T. Brooks,SMB,Accessories,Wireless Mouse,4,92.15,0.062,345.75,No
ORD-002788,2025-11-18,South,M. Okafor,Mid-Market,Services,Custom Training,1,682.41,0.084,625.09,No
ORD-002789,2025-11-18,South,S. Patel,Enterprise,Accessories,Wireless Mouse,1,115.58,0.196,92.93,No
ORD-002790,2025-11-18,North,A. Chen,Mid-Market,Hardware,Titan Desktop,1,1486.81,0.121,1306.91,No
ORD-002791,2025-11-18,East,L. Nguyen,Mid-Market,Hardware,Nimbus Monitor,1,1563.69,0.149,1330.7,No
ORD-002792,2025-11-18,East,J. Kim,Mid-Market,Accessories,USB-C Hub,2,66.63,0.121,117.14,No
ORD-002793,2025-11-18,East,J. Kim,Mid-Market,Accessories,USB-C Hub,1,23.91,0.095,21.64,No
ORD-002794,2025-11-18,South,M. Okafor,SMB,Services,Priority Support,1,1035.83,0.063,970.57,No
ORD-002795,2025-11-18,East,L. Nguyen,Enterprise,Hardware,Titan Desktop,1,1582.9,0.232,1215.67,No
ORD-002796,2025-11-18,West,T. Brooks,Mid-Market,Software,DataLens License,2,385.43,0.048,733.86,No
ORD-002797,2025-11-19,West,T. Brooks,SMB,Services,Onboarding Package,2,980.91,0.043,1877.46,No
ORD-002798,2025-11-19,West,T. Brooks,SMB,Accessories,Laptop Sleeve,3,102.56,0.062,288.6,No
ORD-002799,2025-11-19,South,S. Patel,SMB,Software,SecureGuard License,2,312.21,0.023,610.06,No
ORD-002800,2025-11-19,South,M. Okafor,SMB,Software,SecureGuard License,2,428.11,0.076,791.15,No
ORD-002801,2025-11-19,South,S. Patel,SMB,Accessories,Webcam HD,2,96.97,0.028,188.51,No
ORD-002802,2025-11-19,West,D. Rossi,SMB,Software,DataLens License,2,287.84,0.077,531.35,No
ORD-002803,2025-11-19,East,L. Nguyen,Enterprise,Accessories,Webcam HD,2,79.46,0.123,139.37,No
ORD-002804,2025-11-19,East,L. Nguyen,Mid-Market,Software,FlowSuite License,1,463.28,0.108,413.25,No
ORD-002805,2025-11-19,South,S. Patel,SMB,Software,DataLens License,2,190.12,0.042,364.27,No
ORD-002806,2025-11-19,West,D. Rossi,Mid-Market,Hardware,Falcon Laptop,3,952.51,0.051,2711.8,No
ORD-002807,2025-11-19,West,T. Brooks,Mid-Market,Accessories,Webcam HD,3,77.5,0.113,206.23,No
ORD-002808,2025-11-19,North,R. Diaz,Mid-Market,Accessories,USB-C Hub,1,75.64,0.097,68.3,No
ORD-002809,2025-11-20,South,S. Patel,Enterprise,Software,SecureGuard License,3,230.59,0.076,639.2,No
ORD-002810,2025-11-20,East,J. Kim,SMB,Accessories,Wireless Mouse,4,67.37,0.066,251.69,No
ORD-002811,2025-11-20,West,T. Brooks,Enterprise,Accessories,Laptop Sleeve,3,74.32,0.107,199.1,No
ORD-002812,2025-11-20,East,J. Kim,Mid-Market,Accessories,USB-C Hub,3,34.04,0.067,95.28,No
ORD-002813,2025-11-20,West,D. Rossi,SMB,Hardware,Titan Desktop,2,1587.2,0.049,3018.85,No
ORD-002814,2025-11-20,North,A. Chen,Enterprise,Accessories,Webcam HD,4,52.42,0.002,209.26,No
ORD-002815,2025-11-20,West,T. Brooks,Mid-Market,Software,SecureGuard License,2,195.08,0.143,334.37,No
ORD-002816,2025-11-20,East,J. Kim,Mid-Market,Accessories,Webcam HD,2,18.43,0.098,33.25,No
ORD-002817,2025-11-20,West,T. Brooks,SMB,Accessories,Webcam HD,3,106.3,0.027,310.29,No
ORD-002818,2025-11-20,North,R. Diaz,Enterprise,Accessories,Wireless Mouse,6,102.03,0.075,566.27,No
ORD-002819,2025-11-20,South,S. Patel,SMB,Accessories,Laptop Sleeve,3,74.32,0.057,210.25,No
ORD-002820,2025-11-20,North,R. Diaz,Mid-Market,Services,Custom Training,3,1045.47,0.019,3076.82,No
ORD-002821,2025-11-20,West,D. Rossi,SMB,Services,Priority Support,1,474.87,0.017,466.8,No
ORD-002822,2025-11-20,North,R. Diaz,Mid-Market,Hardware,Nimbus Monitor,2,1886.57,0.03,3659.95,No
ORD-002823,2025-11-20,North,A. Chen,Mid-Market,Hardware,Titan Desktop,1,930.35,0.082,854.06,No
ORD-002824,2025-11-21,North,A. Chen,Enterprise,Hardware,Titan Desktop,2,2461.56,0.009,4878.81,No
ORD-002825,2025-11-21,East,J. Kim,SMB,Hardware,Titan Desktop,5,1099.84,0.018,5400.21,No
ORD-002826,2025-11-21,North,R. Diaz,Mid-Market,Accessories,Wireless Mouse,5,24.03,0.116,106.21,No
ORD-002827,2025-11-21,East,J. Kim,SMB,Hardware,Falcon Laptop,2,2050.84,0.007,4072.97,No
ORD-002828,2025-11-21,West,D. Rossi,SMB,Services,Onboarding Package,1,653.56,0.013,645.06,No
ORD-002829,2025-11-21,South,M. Okafor,SMB,Software,SecureGuard License,1,238.36,0.05,226.44,No
ORD-002830,2025-11-21,East,J. Kim,Mid-Market,Services,Priority Support,3,779.25,0.069,2176.45,No
ORD-002831,2025-11-21,North,R. Diaz,Enterprise,Accessories,Webcam HD,2,38.71,0.184,63.17,No
ORD-002832,2025-11-21,North,A. Chen,Mid-Market,Services,Onboarding Package,2,986.64,0.113,1750.3,No
ORD-002833,2025-11-21,East,J. Kim,Enterprise,Software,FlowSuite License,3,120.45,0.21,285.47,No
ORD-002834,2025-11-21,East,J. Kim,Mid-Market,Accessories,Wireless Mouse,2,55.42,0.12,97.54,No
ORD-002835,2025-11-21,West,T. Brooks,SMB,Accessories,Wireless Mouse,1,71.4,0.053,67.62,No
ORD-002836,2025-11-21,North,A. Chen,SMB,Accessories,Webcam HD,5,79.92,0.071,371.23,No
ORD-002837,2025-11-21,West,T. Brooks,SMB,Software,FlowSuite License,1,312.94,0.002,312.31,No
ORD-002838,2025-11-22,East,J. Kim,SMB,Software,FlowSuite License,2,193.5,0.02,379.26,No
ORD-002839,2025-11-22,East,L. Nguyen,Mid-Market,Accessories,USB-C Hub,6,44.42,0.109,237.47,No
ORD-002840,2025-11-22,North,R. Diaz,Enterprise,Hardware,Falcon Laptop,1,1652.68,0.132,1434.53,No
ORD-002841,2025-11-22,South,S. Patel,SMB,Accessories,Laptop Sleeve,1,46.07,0.006,45.79,Yes
ORD-002842,2025-11-22,North,A. Chen,Enterprise,Accessories,Laptop Sleeve,4,84.32,0.057,318.06,No
ORD-002843,2025-11-22,West,D. Rossi,Mid-Market,Software,DataLens License,1,188.47,0.149,160.39,No
ORD-002844,2025-11-22,North,R. Diaz,Enterprise,Hardware,Falcon Laptop,1,1650.39,0.203,1315.36,No
ORD-002845,2025-11-22,South,M. Okafor,Mid-Market,Software,SecureGuard License,3,410.73,0.057,1161.96,No
ORD-002846,2025-11-22,North,R. Diaz,Mid-Market,Software,FlowSuite License,1,453.96,0.092,412.2,No
ORD-002847,2025-11-22,West,T. Brooks,Enterprise,Hardware,Falcon Laptop,1,2238.73,0.011,2214.1,No
ORD-002848,2025-11-22,North,R. Diaz,Mid-Market,Services,Priority Support,1,1310.12,0.122,1150.29,No
ORD-002849,2025-11-23,South,S. Patel,Enterprise,Accessories,USB-C Hub,1,61.31,0.125,53.65,No
ORD-002850,2025-11-23,East,L. Nguyen,SMB,Software,FlowSuite License,1,273.51,0.049,260.11,Yes
ORD-002851,2025-11-23,South,M. Okafor,Mid-Market,Software,FlowSuite License,3,150.72,0.123,396.54,No
ORD-002852,2025-11-23,South,S. Patel,Mid-Market,Accessories,Webcam HD,5,33.96,0.126,148.41,No
ORD-002853,2025-11-23,West,T. Brooks,SMB,Software,SecureGuard License,2,521.9,0.027,1015.62,No
ORD-002854,2025-11-23,West,D. Rossi,SMB,Accessories,Webcam HD,6,111.56,0.065,625.85,No
ORD-002855,2025-11-23,North,R. Diaz,SMB,Hardware,Nimbus Monitor,2,2197.13,0.03,4262.43,No
ORD-002856,2025-11-23,East,J. Kim,Mid-Market,Services,Onboarding Package,1,902.09,0.079,830.82,No
ORD-002857,2025-11-23,North,R. Diaz,Mid-Market,Accessories,Webcam HD,2,97.22,0.142,166.83,No
ORD-002858,2025-11-23,East,L. Nguyen,SMB,Software,SecureGuard License,1,224.8,0.045,214.68,No
ORD-002859,2025-11-23,South,M. Okafor,SMB,Software,FlowSuite License,1,424.91,0.032,411.31,No
ORD-002860,2025-11-23,South,S. Patel,SMB,Hardware,Falcon Laptop,3,1032.67,0.056,2924.52,No
ORD-002861,2025-11-23,East,L. Nguyen,Mid-Market,Services,Priority Support,2,974.98,0.023,1905.11,No
ORD-002862,2025-11-23,West,D. Rossi,Mid-Market,Software,FlowSuite License,1,172.9,0.053,163.74,No
ORD-002863,2025-11-23,North,R. Diaz,SMB,Services,Priority Support,3,379.72,0.041,1092.45,No
ORD-002864,2025-11-23,East,L. Nguyen,SMB,Accessories,USB-C Hub,2,51.62,0.044,98.7,No
ORD-002865,2025-11-23,West,D. Rossi,Mid-Market,Accessories,USB-C Hub,2,15.26,0.052,28.93,No
ORD-002866,2025-11-23,West,D. Rossi,SMB,Software,SecureGuard License,1,416.89,0.011,412.3,No
ORD-002867,2025-11-23,East,L. Nguyen,SMB,Hardware,Nimbus Monitor,1,2155.98,0.0,2155.98,No
ORD-002868,2025-11-24,West,T. Brooks,SMB,Services,Priority Support,1,934.68,0.017,918.79,No
ORD-002869,2025-11-24,South,M. Okafor,Mid-Market,Accessories,Webcam HD,4,62.18,0.105,222.6,No
ORD-002870,2025-11-24,West,T. Brooks,SMB,Software,DataLens License,1,138.13,0.019,135.51,No
ORD-002871,2025-11-24,South,S. Patel,SMB,Hardware,Nimbus Monitor,1,1292.41,0.007,1283.36,No
ORD-002872,2025-11-24,West,T. Brooks,Enterprise,Software,SecureGuard License,1,213.4,0.051,202.52,No
ORD-002873,2025-11-24,East,J. Kim,SMB,Software,SecureGuard License,2,589.89,0.073,1093.66,No
ORD-002874,2025-11-24,West,D. Rossi,Enterprise,Accessories,Webcam HD,2,26.74,0.226,41.39,Yes
ORD-002875,2025-11-24,West,D. Rossi,SMB,Services,Onboarding Package,1,653.75,0.058,615.83,No
ORD-002876,2025-11-24,West,T. Brooks,SMB,Hardware,Nimbus Monitor,1,2353.92,0.037,2266.82,No
ORD-002877,2025-11-24,East,L. Nguyen,SMB,Hardware,Falcon Laptop,1,1664.9,0.0,1664.9,No
ORD-002878,2025-11-24,West,D. Rossi,Enterprise,Services,Custom Training,1,1351.35,0.224,1048.65,No
ORD-002879,2025-11-24,West,D. Rossi,SMB,Software,DataLens License,2,166.84,0.033,322.67,No
ORD-002880,2025-11-25,South,S. Patel,SMB,Services,Onboarding Package,1,539.27,0.01,533.88,No
ORD-002881,2025-11-25,South,S. Patel,Enterprise,Accessories,Webcam HD,6,58.59,0.037,338.53,No
ORD-002882,2025-11-25,South,S. Patel,Mid-Market,Services,Onboarding Package,2,964.02,0.14,1658.11,No
ORD-002883,2025-11-25,North,R. Diaz,Enterprise,Software,SecureGuard License,2,175.54,0.062,329.31,No
ORD-002884,2025-11-25,East,J. Kim,Mid-Market,Hardware,Nimbus Monitor,1,2438.49,0.117,2153.19,No
ORD-002885,2025-11-25,North,A. Chen,SMB,Hardware,Nimbus Monitor,1,1442.79,0.001,1441.35,No
ORD-002886,2025-11-25,South,S. Patel,Mid-Market,Accessories,Webcam HD,3,54.72,0.073,152.18,No
ORD-002887,2025-11-25,East,L. Nguyen,Enterprise,Accessories,USB-C Hub,3,115.39,0.037,333.36,No
ORD-002888,2025-11-25,East,J. Kim,SMB,Software,DataLens License,4,546.9,0.046,2086.97,No
ORD-002889,2025-11-25,North,R. Diaz,Mid-Market,Software,DataLens License,5,343.35,0.05,1630.91,No
ORD-002890,2025-11-25,East,J. Kim,SMB,Accessories,Wireless Mouse,5,54.01,0.05,256.55,No
ORD-002891,2025-11-25,West,T. Brooks,Mid-Market,Accessories,Webcam HD,3,59.96,0.023,175.74,No
ORD-002892,2025-11-25,North,R. Diaz,Mid-Market,Accessories,Webcam HD,2,64.77,0.076,119.69,No
ORD-002893,2025-11-25,North,A. Chen,Mid-Market,Software,FlowSuite License,1,123.74,0.136,106.91,No
ORD-002894,2025-11-25,East,J. Kim,SMB,Hardware,Titan Desktop,1,1417.1,0.018,1391.59,No
ORD-002895,2025-11-26,South,S. Patel,SMB,Hardware,Falcon Laptop,1,1225.1,0.066,1144.24,Yes
ORD-002896,2025-11-26,North,A. Chen,SMB,Services,Custom Training,5,784.17,0.044,3748.33,No
ORD-002897,2025-11-26,North,R. Diaz,Mid-Market,Software,SecureGuard License,1,526.33,0.085,481.59,No
ORD-002898,2025-11-26,North,A. Chen,SMB,Software,SecureGuard License,1,424.57,0.052,402.49,No
ORD-002899,2025-11-26,West,D. Rossi,Mid-Market,Software,SecureGuard License,2,280.55,0.123,492.08,No
ORD-002900,2025-11-26,North,A. Chen,SMB,Hardware,Nimbus Monitor,1,993.19,0.023,970.35,No
ORD-002901,2025-11-26,South,M. Okafor,Enterprise,Accessories,Laptop Sleeve,2,20.37,0.013,40.21,No
ORD-002902,2025-11-26,West,D. Rossi,Enterprise,Accessories,Laptop Sleeve,5,80.07,0.031,387.94,No
ORD-002903,2025-11-26,East,J. Kim,Enterprise,Accessories,Laptop Sleeve,2,91.04,0.117,160.78,No
ORD-002904,2025-11-26,North,A. Chen,SMB,Services,Onboarding Package,1,363.48,0.026,354.03,No
ORD-002905,2025-11-27,West,T. Brooks,SMB,Hardware,Falcon Laptop,1,2070.47,0.053,1960.74,No
ORD-002906,2025-11-27,South,M. Okafor,SMB,Software,FlowSuite License,1,356.28,0.022,348.44,No
ORD-002907,2025-11-27,South,M. Okafor,Mid-Market,Software,DataLens License,3,241.05,0.138,623.36,No
ORD-002908,2025-11-27,South,S. Patel,Enterprise,Services,Custom Training,1,1298.27,0.243,982.79,No
ORD-002909,2025-11-27,East,L. Nguyen,Mid-Market,Accessories,Wireless Mouse,6,60.27,0.061,339.56,No
ORD-002910,2025-11-27,East,J. Kim,Mid-Market,Software,DataLens License,2,478.67,0.068,892.24,No
ORD-002911,2025-11-27,East,J. Kim,Mid-Market,Accessories,USB-C Hub,2,63.78,0.056,120.42,No
ORD-002912,2025-11-27,West,T. Brooks,Mid-Market,Accessories,Webcam HD,1,113.55,0.092,103.1,Yes
ORD-002913,2025-11-27,East,L. Nguyen,Mid-Market,Hardware,Nimbus Monitor,2,1494.55,0.047,2848.61,No
ORD-002914,2025-11-27,South,M. Okafor,Mid-Market,Software,DataLens License,1,407.94,0.075,377.34,No
ORD-002915,2025-11-27,East,L. Nguyen,SMB,Software,FlowSuite License,3,357.65,0.078,989.26,No
ORD-002916,2025-11-27,East,L. Nguyen,Enterprise,Accessories,Laptop Sleeve,8,118.43,0.149,806.27,No
ORD-002917,2025-11-27,East,J. Kim,SMB,Services,Priority Support,1,1202.83,0.08,1106.6,No
ORD-002918,2025-11-27,East,L. Nguyen,SMB,Services,Custom Training,2,1044.79,0.059,1966.29,No
ORD-002919,2025-11-28,West,T. Brooks,Enterprise,Software,FlowSuite License,2,551.03,0.158,927.93,No
ORD-002920,2025-11-28,West,D. Rossi,SMB,Accessories,USB-C Hub,3,56.37,0.03,164.04,No
ORD-002921,2025-11-28,East,J. Kim,Mid-Market,Hardware,Nimbus Monitor,1,2076.49,0.035,2003.81,No
ORD-002922,2025-11-28,West,D. Rossi,Enterprise,Accessories,Wireless Mouse,3,65.67,0.111,175.14,Yes
ORD-002923,2025-11-28,South,S. Patel,SMB,Software,DataLens License,2,213.76,0.04,410.42,No
ORD-002924,2025-11-28,South,M. Okafor,SMB,Services,Onboarding Package,1,886.58,0.069,825.41,No
ORD-002925,2025-11-28,East,J. Kim,SMB,Accessories,Laptop Sleeve,1,78.14,0.021,76.5,No
ORD-002926,2025-11-28,East,J. Kim,SMB,Hardware,Falcon Laptop,1,1649.24,0.034,1593.17,No
ORD-002927,2025-11-28,East,J. Kim,Mid-Market,Services,Onboarding Package,1,1069.84,0.028,1039.88,No
ORD-002928,2025-11-28,South,M. Okafor,Enterprise,Services,Onboarding Package,1,1207.59,0.099,1088.04,No
ORD-002929,2025-11-28,North,R. Diaz,Enterprise,Software,DataLens License,3,391.22,0.07,1091.5,No
ORD-002930,2025-11-29,East,L. Nguyen,Enterprise,Software,FlowSuite License,1,331.09,0.07,307.91,No
ORD-002931,2025-11-29,South,S. Patel,SMB,Accessories,USB-C Hub,2,102.36,0.051,194.28,No
ORD-002932,2025-11-29,West,D. Rossi,Mid-Market,Services,Priority Support,2,1252.76,0.025,2442.88,No
ORD-002933,2025-11-29,East,L. Nguyen,Mid-Market,Accessories,Wireless Mouse,4,106.12,0.118,374.39,No
ORD-002934,2025-11-29,West,D. Rossi,SMB,Accessories,Webcam HD,5,44.96,0.027,218.73,No
ORD-002935,2025-11-29,East,J. Kim,SMB,Hardware,Titan Desktop,1,1518.98,0.011,1502.27,No
ORD-002936,2025-11-29,North,R. Diaz,Enterprise,Services,Custom Training,1,412.99,0.085,377.89,No
ORD-002937,2025-11-29,East,L. Nguyen,Mid-Market,Hardware,Titan Desktop,1,2453.03,0.069,2283.77,No
ORD-002938,2025-11-29,West,D. Rossi,SMB,Accessories,Laptop Sleeve,3,25.19,0.065,70.66,No
ORD-002939,2025-11-29,West,D. Rossi,Enterprise,Accessories,Laptop Sleeve,4,90.7,0.158,305.48,No
ORD-002940,2025-11-29,West,D. Rossi,Mid-Market,Hardware,Nimbus Monitor,1,1858.12,0.063,1741.06,No
ORD-002941,2025-11-29,North,A. Chen,Enterprise,Accessories,USB-C Hub,4,52.65,0.036,203.02,No
ORD-002942,2025-11-29,East,L. Nguyen,SMB,Accessories,Webcam HD,4,53.3,0.037,205.31,No
ORD-002943,2025-11-30,East,J. Kim,SMB,Accessories,USB-C Hub,8,105.35,0.012,832.69,No
ORD-002944,2025-11-30,West,T. Brooks,SMB,Services,Onboarding Package,1,800.97,0.042,767.33,No
ORD-002945,2025-11-30,East,L. Nguyen,Mid-Market,Accessories,USB-C Hub,2,34.45,0.044,65.87,Yes
ORD-002946,2025-11-30,West,T. Brooks,SMB,Software,FlowSuite License,3,250.45,0.056,709.27,No
ORD-002947,2025-11-30,East,J. Kim,Enterprise,Software,FlowSuite License,3,276.73,0.151,704.83,No
ORD-002948,2025-11-30,South,M. Okafor,SMB,Accessories,Laptop Sleeve,2,37.18,0.041,71.31,No
ORD-002949,2025-11-30,North,A. Chen,Enterprise,Services,Custom Training,1,883.75,0.087,806.86,No
ORD-002950,2025-11-30,West,T. Brooks,Enterprise,Hardware,Nimbus Monitor,1,1923.61,0.102,1727.4,No
ORD-002951,2025-11-30,North,R. Diaz,Enterprise,Accessories,USB-C Hub,3,61.72,0.14,159.24,No
ORD-002952,2025-11-30,South,M. Okafor,Enterprise,Software,SecureGuard License,2,144.81,0.167,241.25,No
ORD-002953,2025-11-30,South,S. Patel,Mid-Market,Accessories,Wireless Mouse,3,72.18,0.126,189.26,No
ORD-002954,2025-11-30,West,D. Rossi,Mid-Market,Accessories,USB-C Hub,4,110.26,0.001,440.6,No
ORD-002955,2025-11-30,West,D. Rossi,SMB,Services,Priority Support,2,806.74,0.035,1557.01,No
ORD-002956,2025-12-01,East,L. Nguyen,SMB,Accessories,Laptop Sleeve,3,107.7,0.039,310.5,No
ORD-002957,2025-12-01,North,R. Diaz,SMB,Services,Onboarding Package,1,538.48,0.001,537.94,No
ORD-002958,2025-12-01,East,J. Kim,Mid-Market,Software,SecureGuard License,1,294.24,0.075,272.17,No
ORD-002959,2025-12-01,West,D. Rossi,Mid-Market,Accessories,Webcam HD,5,80.31,0.016,395.13,No
ORD-002960,2025-12-01,East,L. Nguyen,SMB,Hardware,Nimbus Monitor,2,1468.03,0.026,2859.72,Yes
ORD-002961,2025-12-01,North,R. Diaz,SMB,Hardware,Falcon Laptop,2,1357.34,0.065,2538.23,No
ORD-002962,2025-12-01,West,T. Brooks,SMB,Software,FlowSuite License,1,414.22,0.024,404.28,No
ORD-002963,2025-12-01,West,D. Rossi,Mid-Market,Software,FlowSuite License,2,328.9,0.019,645.3,No
ORD-002964,2025-12-01,North,A. Chen,SMB,Hardware,Nimbus Monitor,3,2205.5,0.057,6239.36,No
ORD-002965,2025-12-01,North,R. Diaz,Enterprise,Accessories,Laptop Sleeve,4,99.36,0.092,360.88,No
ORD-002966,2025-12-01,East,L. Nguyen,SMB,Software,DataLens License,1,178.95,0.008,177.52,No
ORD-002967,2025-12-01,West,D. Rossi,Mid-Market,Accessories,Laptop Sleeve,1,68.93,0.053,65.28,No
ORD-002968,2025-12-02,West,D. Rossi,Enterprise,Accessories,Laptop Sleeve,7,51.28,0.2,287.17,No
ORD-002969,2025-12-02,South,M. Okafor,Mid-Market,Accessories,Webcam HD,2,85.68,0.069,159.54,No
ORD-002970,2025-12-02,West,T. Brooks,Mid-Market,Accessories,Wireless Mouse,3,113.64,0.018,334.78,Yes
ORD-002971,2025-12-02,North,A. Chen,SMB,Hardware,Titan Desktop,2,2402.33,0.036,4631.69,No
ORD-002972,2025-12-02,East,J. Kim,Mid-Market,Hardware,Falcon Laptop,4,2109.59,0.099,7602.96,No
ORD-002973,2025-12-02,East,L. Nguyen,Enterprise,Accessories,USB-C Hub,4,93.8,0.085,343.31,No
ORD-002974,2025-12-02,North,R. Diaz,SMB,Accessories,USB-C Hub,5,93.17,0.043,445.82,No
ORD-002975,2025-12-02,North,R. Diaz,SMB,Software,DataLens License,1,301.77,0.079,277.93,No
ORD-002976,2025-12-02,North,R. Diaz,SMB,Software,SecureGuard License,1,292.27,0.018,287.01,No
ORD-002977,2025-12-02,West,D. Rossi,SMB,Accessories,Webcam HD,1,43.43,0.01,43.0,No
ORD-002978,2025-12-02,South,S. Patel,SMB,Software,FlowSuite License,1,556.69,0.013,549.45,No
ORD-002979,2025-12-02,West,T. Brooks,SMB,Hardware,Falcon Laptop,1,2324.73,0.009,2303.81,No
ORD-002980,2025-12-02,West,T. Brooks,SMB,Accessories,USB-C Hub,3,106.78,0.078,295.35,No
ORD-002981,2025-12-02,East,L. Nguyen,Mid-Market,Hardware,Falcon Laptop,4,2402.74,0.146,8207.76,No
ORD-002982,2025-12-03,West,D. Rossi,SMB,Software,FlowSuite License,2,408.76,0.037,787.27,No
ORD-002983,2025-12-03,East,J. Kim,Mid-Market,Software,DataLens License,2,576.44,0.137,994.94,No
ORD-002984,2025-12-03,East,J. Kim,SMB,Accessories,USB-C Hub,4,81.16,0.035,313.28,Yes
ORD-002985,2025-12-03,South,S. Patel,Mid-Market,Software,DataLens License,2,355.78,0.05,675.98,No
ORD-002986,2025-12-03,North,A. Chen,SMB,Software,SecureGuard License,1,396.36,0.04,380.51,No
ORD-002987,2025-12-03,East,L. Nguyen,SMB,Hardware,Falcon Laptop,1,2471.77,0.036,2382.79,No
ORD-002988,2025-12-03,West,T. Brooks,Enterprise,Accessories,Wireless Mouse,4,38.96,0.103,139.79,No
ORD-002989,2025-12-03,East,J. Kim,SMB,Services,Priority Support,1,375.54,0.057,354.13,No
ORD-002990,2025-12-03,North,R. Diaz,Enterprise,Software,DataLens License,1,129.33,0.063,121.18,No
ORD-002991,2025-12-03,East,J. Kim,SMB,Services,Onboarding Package,1,1261.39,0.021,1234.9,No
ORD-002992,2025-12-04,East,J. Kim,Mid-Market,Accessories,Laptop Sleeve,2,105.82,0.024,206.56,No
ORD-002993,2025-12-04,East,J. Kim,SMB,Accessories,USB-C Hub,5,113.88,0.079,524.42,No
ORD-002994,2025-12-04,South,M. Okafor,Enterprise,Accessories,USB-C Hub,2,34.32,0.199,54.98,No
ORD-002995,2025-12-04,North,A. Chen,SMB,Hardware,Titan Desktop,2,2267.07,0.031,4393.58,No
ORD-002996,2025-12-04,North,R. Diaz,SMB,Hardware,Titan Desktop,2,1305.56,0.039,2509.29,No
ORD-002997,2025-12-04,West,T. Brooks,SMB,Accessories,Webcam HD,1,83.05,0.042,79.56,No
ORD-002998,2025-12-04,East,J. Kim,Mid-Market,Accessories,Laptop Sleeve,4,65.95,0.118,232.67,No
ORD-002999,2025-12-04,South,M. Okafor,SMB,Software,FlowSuite License,1,354.6,0.053,335.81,No
ORD-003000,2025-12-04,West,D. Rossi,SMB,Accessories,Wireless Mouse,6,24.83,0.009,147.64,No
ORD-003001,2025-12-04,North,A. Chen,SMB,Software,FlowSuite License,4,459.69,0.053,1741.31,No
ORD-003002,2025-12-05,North,R. Diaz,SMB,Software,DataLens License,2,588.01,0.036,1133.68,No
ORD-003003,2025-12-05,East,J. Kim,Enterprise,Hardware,Nimbus Monitor,2,1125.55,0.225,1744.6,No
ORD-003004,2025-12-05,East,J. Kim,SMB,Software,DataLens License,2,137.28,0.053,260.01,No
ORD-003005,2025-12-05,South,M. Okafor,SMB,Software,FlowSuite License,1,299.7,0.02,293.71,No
ORD-003006,2025-12-05,South,M. Okafor,Mid-Market,Services,Custom Training,1,920.75,0.149,783.56,No
ORD-003007,2025-12-05,East,J. Kim,Enterprise,Software,DataLens License,4,340.53,0.245,1028.4,No
ORD-003008,2025-12-05,South,S. Patel,SMB,Software,SecureGuard License,2,583.97,0.069,1087.35,No
ORD-003009,2025-12-05,North,A. Chen,SMB,Hardware,Titan Desktop,1,1126.39,0.028,1094.85,No
ORD-003010,2025-12-05,South,S. Patel,SMB,Software,FlowSuite License,2,315.22,0.051,598.29,No
ORD-003011,2025-12-05,South,M. Okafor,SMB,Hardware,Titan Desktop,1,1647.52,0.024,1607.98,Yes
ORD-003012,2025-12-05,East,L. Nguyen,Enterprise,Accessories,USB-C Hub,2,107.0,0.018,210.15,No
ORD-003013,2025-12-05,North,A. Chen,Enterprise,Accessories,Webcam HD,1,43.13,0.132,37.44,Yes
ORD-003014,2025-12-05,West,D. Rossi,Mid-Market,Hardware,Titan Desktop,1,1137.58,0.12,1001.07,No
ORD-003015,2025-12-06,West,T. Brooks,SMB,Accessories,Webcam HD,3,41.82,0.012,123.95,Yes
ORD-003016,2025-12-06,North,A. Chen,SMB,Hardware,Falcon Laptop,1,2099.89,0.057,1980.2,No
ORD-003017,2025-12-06,West,D. Rossi,SMB,Accessories,USB-C Hub,5,47.37,0.035,228.56,No
ORD-003018,2025-12-06,North,A. Chen,Mid-Market,Accessories,Laptop Sleeve,2,42.43,0.11,75.53,No
ORD-003019,2025-12-06,South,M. Okafor,SMB,Software,SecureGuard License,2,444.53,0.012,878.39,No
ORD-003020,2025-12-06,West,D. Rossi,SMB,Accessories,Webcam HD,1,101.06,0.056,95.4,No
ORD-003021,2025-12-06,West,D. Rossi,Enterprise,Software,DataLens License,1,381.79,0.156,322.23,No
ORD-003022,2025-12-06,North,R. Diaz,Mid-Market,Accessories,USB-C Hub,1,97.04,0.098,87.53,No
ORD-003023,2025-12-06,North,R. Diaz,Enterprise,Hardware,Falcon Laptop,1,1789.55,0.009,1773.44,No
ORD-003024,2025-12-06,North,R. Diaz,SMB,Hardware,Nimbus Monitor,1,2419.29,0.061,2271.71,No
ORD-003025,2025-12-06,North,A. Chen,Mid-Market,Accessories,Wireless Mouse,5,114.31,0.068,532.68,No
ORD-003026,2025-12-06,East,J. Kim,Mid-Market,Software,SecureGuard License,1,157.46,0.06,148.01,No
ORD-003027,2025-12-06,North,A. Chen,SMB,Software,SecureGuard License,4,270.36,0.033,1045.75,No
ORD-003028,2025-12-06,West,D. Rossi,SMB,Software,FlowSuite License,1,221.45,0.059,208.38,No
ORD-003029,2025-12-06,West,T. Brooks,Mid-Market,Accessories,USB-C Hub,1,25.04,0.048,23.84,No
ORD-003030,2025-12-06,North,A. Chen,SMB,Software,DataLens License,4,211.18,0.027,821.91,No
ORD-003031,2025-12-06,West,T. Brooks,SMB,Hardware,Falcon Laptop,4,1211.93,0.06,4556.86,No
ORD-003032,2025-12-06,North,R. Diaz,SMB,Software,DataLens License,1,307.73,0.054,291.11,No
ORD-003033,2025-12-07,North,A. Chen,SMB,Hardware,Falcon Laptop,2,1857.99,0.017,3652.81,No
ORD-003034,2025-12-07,North,R. Diaz,Enterprise,Software,FlowSuite License,2,239.32,0.132,415.46,No
ORD-003035,2025-12-07,South,S. Patel,Mid-Market,Accessories,Webcam HD,2,20.89,0.146,35.68,No
ORD-003036,2025-12-07,South,M. Okafor,Mid-Market,Services,Onboarding Package,3,634.39,0.102,1709.05,No
ORD-003037,2025-12-07,East,L. Nguyen,SMB,Accessories,Wireless Mouse,2,94.34,0.014,186.04,No
ORD-003038,2025-12-07,West,T. Brooks,Enterprise,Hardware,Nimbus Monitor,3,2428.7,0.088,6644.92,No
ORD-003039,2025-12-07,East,L. Nguyen,SMB,Hardware,Nimbus Monitor,1,2217.27,0.063,2077.58,No
ORD-003040,2025-12-07,East,L. Nguyen,Mid-Market,Accessories,Webcam HD,3,43.68,0.092,118.98,No
ORD-003041,2025-12-08,West,T. Brooks,Enterprise,Hardware,Falcon Laptop,1,2149.88,0.021,2104.73,No
ORD-003042,2025-12-08,East,J. Kim,SMB,Hardware,Nimbus Monitor,1,1576.82,0.061,1480.63,No
ORD-003043,2025-12-08,South,M. Okafor,SMB,Accessories,Wireless Mouse,3,29.71,0.046,85.03,No
ORD-003044,2025-12-08,East,L. Nguyen,SMB,Accessories,Laptop Sleeve,3,56.23,0.047,160.76,No
ORD-003045,2025-12-08,East,J. Kim,SMB,Hardware,Nimbus Monitor,2,1248.1,0.011,2468.74,No
ORD-003046,2025-12-08,South,M. Okafor,SMB,Accessories,Laptop Sleeve,1,102.61,0.008,101.79,No
ORD-003047,2025-12-08,West,T. Brooks,SMB,Software,FlowSuite License,1,503.42,0.08,463.15,No
ORD-003048,2025-12-08,South,S. Patel,Mid-Market,Software,FlowSuite License,2,586.19,0.055,1107.9,No
ORD-003049,2025-12-08,East,L. Nguyen,Enterprise,Software,DataLens License,1,546.43,0.203,435.5,No
ORD-003050,2025-12-08,North,A. Chen,Mid-Market,Services,Custom Training,1,680.37,0.009,674.25,No
ORD-003051,2025-12-08,North,R. Diaz,Enterprise,Hardware,Falcon Laptop,5,1816.41,0.099,8182.93,No
ORD-003052,2025-12-08,North,R. Diaz,Mid-Market,Software,DataLens License,4,425.2,0.123,1491.6,No
ORD-003053,2025-12-08,West,D. Rossi,Mid-Market,Hardware,Nimbus Monitor,1,1624.88,0.065,1519.26,No
ORD-003054,2025-12-08,South,S. Patel,Mid-Market,Services,Custom Training,3,1476.83,0.028,4306.44,No
ORD-003055,2025-12-08,East,L. Nguyen,SMB,Accessories,Wireless Mouse,3,40.24,0.001,120.6,Yes
ORD-003056,2025-12-08,East,J. Kim,Mid-Market,Software,DataLens License,1,384.6,0.034,371.52,No
ORD-003057,2025-12-08,North,R. Diaz,Enterprise,Services,Onboarding Package,1,1246.13,0.074,1153.92,No
ORD-003058,2025-12-09,West,T. Brooks,Mid-Market,Hardware,Falcon Laptop,6,1256.67,0.05,7163.02,No
ORD-003059,2025-12-09,East,J. Kim,SMB,Accessories,Laptop Sleeve,3,93.7,0.053,266.2,No
ORD-003060,2025-12-09,East,L. Nguyen,SMB,Services,Custom Training,1,622.18,0.026,606.0,No
ORD-003061,2025-12-09,West,T. Brooks,SMB,Hardware,Nimbus Monitor,4,1473.55,0.03,5717.37,No
ORD-003062,2025-12-09,South,M. Okafor,Enterprise,Software,FlowSuite License,4,559.41,0.07,2081.01,No
ORD-003063,2025-12-09,West,T. Brooks,Mid-Market,Hardware,Nimbus Monitor,1,1896.45,0.117,1674.57,Yes
ORD-003064,2025-12-09,East,J. Kim,Enterprise,Accessories,USB-C Hub,5,71.06,0.074,329.01,No
ORD-003065,2025-12-09,East,J. Kim,Enterprise,Hardware,Falcon Laptop,1,1932.48,0.018,1897.7,No
ORD-003066,2025-12-09,North,A. Chen,Mid-Market,Software,DataLens License,1,350.95,0.004,349.55,No
ORD-003067,2025-12-09,West,D. Rossi,Mid-Market,Services,Custom Training,1,1356.59,0.105,1214.15,No
ORD-003068,2025-12-09,East,J. Kim,Enterprise,Accessories,Wireless Mouse,4,57.23,0.075,211.75,No
ORD-003069,2025-12-09,North,A. Chen,SMB,Hardware,Titan Desktop,1,1332.3,0.052,1263.02,No
ORD-003070,2025-12-09,East,J. Kim,Enterprise,Services,Onboarding Package,1,721.3,0.191,583.53,No
ORD-003071,2025-12-09,East,J. Kim,SMB,Hardware,Nimbus Monitor,2,2099.76,0.069,3909.75,No
ORD-003072,2025-12-09,North,A. Chen,SMB,Software,FlowSuite License,1,346.94,0.059,326.47,Yes
ORD-003073,2025-12-09,East,L. Nguyen,Enterprise,Hardware,Titan Desktop,1,1281.54,0.165,1070.09,No
ORD-003074,2025-12-09,South,S. Patel,Enterprise,Services,Priority Support,2,1223.08,0.081,2248.02,No
ORD-003075,2025-12-09,North,A. Chen,Mid-Market,Accessories,Wireless Mouse,5,30.64,0.042,146.77,No
ORD-003076,2025-12-10,South,M. Okafor,SMB,Accessories,USB-C Hub,3,45.67,0.028,133.17,No
ORD-003077,2025-12-10,North,A. Chen,Enterprise,Software,SecureGuard License,1,378.95,0.155,320.21,No
ORD-003078,2025-12-10,North,A. Chen,Mid-Market,Hardware,Titan Desktop,3,1341.34,0.129,3504.92,No
ORD-003079,2025-12-10,North,R. Diaz,Mid-Market,Software,SecureGuard License,1,158.74,0.101,142.71,No
ORD-003080,2025-12-10,North,R. Diaz,Enterprise,Software,SecureGuard License,1,347.7,0.021,340.4,No
ORD-003081,2025-12-10,West,D. Rossi,SMB,Hardware,Falcon Laptop,1,964.64,0.077,890.36,No
ORD-003082,2025-12-10,North,R. Diaz,SMB,Software,SecureGuard License,3,524.68,0.03,1526.82,No
ORD-003083,2025-12-10,East,L. Nguyen,Mid-Market,Accessories,USB-C Hub,2,20.56,0.056,38.82,Yes
ORD-003084,2025-12-10,North,R. Diaz,Enterprise,Software,FlowSuite License,4,272.71,0.052,1034.12,No
ORD-003085,2025-12-10,West,T. Brooks,SMB,Software,DataLens License,1,232.55,0.08,213.95,No
ORD-003086,2025-12-10,North,R. Diaz,Enterprise,Software,DataLens License,1,230.24,0.095,208.37,No
ORD-003087,2025-12-10,West,T. Brooks,Mid-Market,Hardware,Nimbus Monitor,2,949.53,0.117,1676.87,No
ORD-003088,2025-12-10,East,L. Nguyen,SMB,Services,Custom Training,3,337.98,0.008,1005.83,No
ORD-003089,2025-12-10,East,L. Nguyen,SMB,Services,Priority Support,1,1123.78,0.017,1104.68,No
ORD-003090,2025-12-10,West,T. Brooks,Enterprise,Software,DataLens License,1,147.65,0.139,127.13,No
ORD-003091,2025-12-10,North,R. Diaz,Mid-Market,Software,FlowSuite License,4,244.65,0.114,867.04,No
ORD-003092,2025-12-11,North,R. Diaz,Mid-Market,Hardware,Nimbus Monitor,1,1365.63,0.14,1174.44,No
ORD-003093,2025-12-11,South,S. Patel,Mid-Market,Accessories,USB-C Hub,3,100.99,0.044,289.64,No
ORD-003094,2025-12-11,North,R. Diaz,Mid-Market,Accessories,Laptop Sleeve,1,74.79,0.115,66.19,No
ORD-003095,2025-12-11,South,S. Patel,SMB,Software,DataLens License,2,368.17,0.011,728.24,No
ORD-003096,2025-12-11,North,A. Chen,Mid-Market,Software,SecureGuard License,1,593.76,0.054,561.7,No
ORD-003097,2025-12-11,South,S. Patel,SMB,Software,FlowSuite License,1,338.38,0.046,322.81,No
ORD-003098,2025-12-11,East,J. Kim,SMB,Services,Custom Training,1,892.79,0.029,866.9,No
ORD-003099,2025-12-11,South,S. Patel,Enterprise,Services,Custom Training,1,518.7,0.223,403.03,No
ORD-003100,2025-12-11,North,R. Diaz,SMB,Software,SecureGuard License,1,452.86,0.02,443.8,No
ORD-003101,2025-12-11,North,A. Chen,Enterprise,Accessories,USB-C Hub,5,116.95,0.082,536.8,No
ORD-003102,2025-12-11,North,R. Diaz,Mid-Market,Hardware,Titan Desktop,1,1410.95,0.114,1250.1,No
ORD-003103,2025-12-11,North,R. Diaz,SMB,Hardware,Titan Desktop,2,1924.83,0.013,3799.61,No
ORD-003104,2025-12-11,East,J. Kim,Enterprise,Software,DataLens License,4,300.15,0.109,1069.73,No
ORD-003105,2025-12-11,South,M. Okafor,Enterprise,Accessories,Laptop Sleeve,2,77.01,0.168,128.14,No
ORD-003106,2025-12-11,South,S. Patel,SMB,Software,FlowSuite License,3,571.29,0.016,1686.45,No
ORD-003107,2025-12-11,East,J. Kim,Mid-Market,Software,SecureGuard License,1,445.72,0.149,379.31,No
ORD-003108,2025-12-11,North,R. Diaz,SMB,Accessories,Wireless Mouse,1,66.88,0.054,63.27,No
ORD-003109,2025-12-11,North,A. Chen,Mid-Market,Software,DataLens License,2,445.96,0.002,890.14,No
ORD-003110,2025-12-11,South,S. Patel,Mid-Market,Accessories,Wireless Mouse,3,31.14,0.026,90.99,No
ORD-003111,2025-12-11,West,D. Rossi,Enterprise,Hardware,Titan Desktop,1,2121.38,0.206,1684.38,No
ORD-003112,2025-12-11,North,A. Chen,Mid-Market,Accessories,Webcam HD,2,25.43,0.016,50.05,No
ORD-003113,2025-12-11,South,M. Okafor,Mid-Market,Accessories,Webcam HD,3,59.13,0.1,159.65,No
ORD-003114,2025-12-11,South,S. Patel,Mid-Market,Accessories,Webcam HD,5,62.68,0.033,303.06,No
ORD-003115,2025-12-11,South,S. Patel,SMB,Accessories,Laptop Sleeve,1,34.8,0.062,32.64,No
ORD-003116,2025-12-11,South,M. Okafor,Mid-Market,Hardware,Titan Desktop,1,1379.66,0.036,1329.99,No
ORD-003117,2025-12-11,East,J. Kim,SMB,Services,Priority Support,1,1130.99,0.054,1069.92,No
ORD-003118,2025-12-12,West,T. Brooks,Mid-Market,Hardware,Nimbus Monitor,3,1779.54,0.072,4954.24,No
ORD-003119,2025-12-12,East,J. Kim,SMB,Software,SecureGuard License,1,586.85,0.058,552.81,No
ORD-003120,2025-12-12,East,J. Kim,Mid-Market,Software,SecureGuard License,1,275.17,0.137,237.47,No
ORD-003121,2025-12-12,East,J. Kim,SMB,Software,FlowSuite License,1,314.95,0.066,294.16,No
ORD-003122,2025-12-12,East,L. Nguyen,SMB,Accessories,Webcam HD,4,57.38,0.068,213.91,No
ORD-003123,2025-12-12,North,R. Diaz,Enterprise,Hardware,Titan Desktop,1,1225.18,0.167,1020.57,No
ORD-003124,2025-12-12,East,J. Kim,Enterprise,Accessories,Wireless Mouse,2,52.73,0.058,99.34,No
ORD-003125,2025-12-12,North,R. Diaz,SMB,Accessories,Laptop Sleeve,3,32.29,0.04,93.0,No
ORD-003126,2025-12-12,North,A. Chen,Mid-Market,Hardware,Nimbus Monitor,2,2147.92,0.073,3982.24,No
ORD-003127,2025-12-12,North,R. Diaz,Mid-Market,Accessories,USB-C Hub,3,68.36,0.147,174.93,No
ORD-003128,2025-12-12,North,R. Diaz,SMB,Accessories,Laptop Sleeve,2,101.32,0.01,200.61,Yes
ORD-003129,2025-12-12,East,J. Kim,Mid-Market,Accessories,Laptop Sleeve,3,106.44,0.123,280.04,Yes
ORD-003130,2025-12-12,North,R. Diaz,Enterprise,Accessories,Webcam HD,2,66.47,0.243,100.64,No
ORD-003131,2025-12-12,East,L. Nguyen,SMB,Accessories,Laptop Sleeve,1,95.31,0.017,93.69,No
ORD-003132,2025-12-12,West,D. Rossi,SMB,Services,Custom Training,1,1131.6,0.021,1107.84,No
ORD-003133,2025-12-12,South,M. Okafor,SMB,Hardware,Nimbus Monitor,2,1236.85,0.018,2429.17,No
ORD-003134,2025-12-12,East,J. Kim,SMB,Accessories,Laptop Sleeve,3,80.68,0.078,223.16,No
ORD-003135,2025-12-12,South,S. Patel,Mid-Market,Software,FlowSuite License,1,575.87,0.062,540.17,No
ORD-003136,2025-12-12,South,M. Okafor,Mid-Market,Hardware,Falcon Laptop,1,1251.43,0.108,1116.28,No
ORD-003137,2025-12-12,East,L. Nguyen,SMB,Software,SecureGuard License,1,312.63,0.02,306.38,No
ORD-003138,2025-12-12,North,R. Diaz,SMB,Accessories,USB-C Hub,2,54.22,0.035,104.64,No
ORD-003139,2025-12-12,East,L. Nguyen,Mid-Market,Accessories,USB-C Hub,2,92.56,0.06,174.01,No
ORD-003140,2025-12-13,West,D. Rossi,Mid-Market,Hardware,Titan Desktop,2,2079.56,0.097,3755.69,No
ORD-003141,2025-12-13,East,J. Kim,Enterprise,Accessories,USB-C Hub,2,21.74,0.071,40.39,Yes
ORD-003142,2025-12-13,South,M. Okafor,Mid-Market,Hardware,Nimbus Monitor,1,1868.12,0.106,1670.1,No
ORD-003143,2025-12-13,South,S. Patel,SMB,Accessories,Laptop Sleeve,1,97.11,0.068,90.51,No
ORD-003144,2025-12-13,East,J. Kim,Mid-Market,Accessories,Wireless Mouse,2,115.86,0.078,213.65,No
ORD-003145,2025-12-13,West,T. Brooks,Mid-Market,Accessories,Wireless Mouse,4,114.26,0.01,452.47,No
ORD-003146,2025-12-13,North,R. Diaz,Mid-Market,Accessories,Wireless Mouse,3,66.95,0.148,171.12,No
ORD-003147,2025-12-13,South,S. Patel,Mid-Market,Hardware,Titan Desktop,1,903.96,0.117,798.2,No
ORD-003148,2025-12-13,North,R. Diaz,Enterprise,Software,FlowSuite License,2,524.12,0.195,843.83,No
ORD-003149,2025-12-13,West,D. Rossi,SMB,Services,Priority Support,1,543.07,0.078,500.71,No
ORD-003150,2025-12-13,South,M. Okafor,SMB,Accessories,Webcam HD,1,97.6,0.03,94.67,No
ORD-003151,2025-12-14,South,S. Patel,Mid-Market,Accessories,USB-C Hub,8,109.98,0.002,878.08,No
ORD-003152,2025-12-14,West,T. Brooks,SMB,Software,SecureGuard License,1,161.37,0.027,157.01,No
ORD-003153,2025-12-14,North,R. Diaz,SMB,Hardware,Titan Desktop,3,1051.15,0.059,2967.4,No
ORD-003154,2025-12-14,North,R. Diaz,SMB,Hardware,Titan Desktop,1,1846.81,0.037,1778.48,No
ORD-003155,2025-12-14,East,J. Kim,SMB,Software,DataLens License,1,352.18,0.005,350.42,No
ORD-003156,2025-12-14,North,R. Diaz,SMB,Software,SecureGuard License,1,128.53,0.018,126.22,No
ORD-003157,2025-12-14,North,A. Chen,Enterprise,Services,Custom Training,1,1022.35,0.186,832.19,No
ORD-003158,2025-12-14,East,L. Nguyen,Mid-Market,Accessories,USB-C Hub,2,97.45,0.026,189.83,No
ORD-003159,2025-12-14,North,R. Diaz,Mid-Market,Accessories,USB-C Hub,2,93.34,0.125,163.34,Yes
ORD-003160,2025-12-14,East,L. Nguyen,SMB,Hardware,Falcon Laptop,1,2332.23,0.017,2292.58,No
ORD-003161,2025-12-14,North,A. Chen,Mid-Market,Accessories,Wireless Mouse,2,41.83,0.114,74.12,Yes
ORD-003162,2025-12-14,North,A. Chen,Mid-Market,Software,SecureGuard License,1,586.82,0.072,544.57,No
ORD-003163,2025-12-14,West,D. Rossi,Mid-Market,Software,SecureGuard License,1,566.43,0.011,560.2,No
ORD-003164,2025-12-14,West,T. Brooks,Mid-Market,Accessories,Webcam HD,4,26.49,0.009,105.01,No
ORD-003165,2025-12-14,North,R. Diaz,SMB,Software,DataLens License,1,201.29,0.017,197.87,No
ORD-003166,2025-12-14,East,L. Nguyen,SMB,Accessories,USB-C Hub,3,102.99,0.038,297.23,No
ORD-003167,2025-12-14,West,T. Brooks,SMB,Hardware,Nimbus Monitor,2,1974.19,0.023,3857.57,No
ORD-003168,2025-12-14,South,S. Patel,SMB,Software,SecureGuard License,3,121.33,0.008,361.08,No
ORD-003169,2025-12-15,South,M. Okafor,SMB,Hardware,Titan Desktop,1,1849.56,0.011,1829.21,No
ORD-003170,2025-12-15,North,A. Chen,SMB,Hardware,Falcon Laptop,1,1154.82,0.027,1123.64,No
ORD-003171,2025-12-15,North,A. Chen,Enterprise,Services,Custom Training,1,620.93,0.158,522.82,No
ORD-003172,2025-12-15,West,D. Rossi,Enterprise,Hardware,Falcon Laptop,1,1768.81,0.239,1346.06,No
ORD-003173,2025-12-15,East,L. Nguyen,SMB,Hardware,Nimbus Monitor,1,1296.65,0.074,1200.7,No
ORD-003174,2025-12-15,South,M. Okafor,SMB,Services,Custom Training,1,632.95,0.041,607.0,No
ORD-003175,2025-12-15,West,T. Brooks,SMB,Hardware,Titan Desktop,2,1650.6,0.074,3056.91,No
ORD-003176,2025-12-15,North,R. Diaz,Mid-Market,Services,Custom Training,1,1244.02,0.099,1120.86,No
ORD-003177,2025-12-15,South,M. Okafor,Enterprise,Hardware,Titan Desktop,3,2408.64,0.049,6871.85,No
ORD-003178,2025-12-16,South,M. Okafor,SMB,Accessories,Laptop Sleeve,4,68.87,0.072,255.65,No
ORD-003179,2025-12-16,East,J. Kim,Mid-Market,Services,Onboarding Package,1,1376.64,0.061,1292.66,No
ORD-003180,2025-12-16,North,A. Chen,Mid-Market,Hardware,Titan Desktop,1,907.98,0.094,822.63,No
ORD-003181,2025-12-16,South,S. Patel,Enterprise,Software,DataLens License,2,549.01,0.156,926.73,No
ORD-003182,2025-12-16,North,A. Chen,Enterprise,Accessories,Wireless Mouse,5,84.9,0.037,408.79,No
ORD-003183,2025-12-16,South,M. Okafor,SMB,Software,DataLens License,1,129.85,0.008,128.81,No
ORD-003184,2025-12-16,West,T. Brooks,SMB,Accessories,Wireless Mouse,5,115.24,0.038,554.3,No
ORD-003185,2025-12-16,East,J. Kim,Mid-Market,Accessories,Laptop Sleeve,4,73.32,0.099,264.25,No
ORD-003186,2025-12-16,West,D. Rossi,SMB,Services,Priority Support,1,334.52,0.06,314.45,No
ORD-003187,2025-12-16,East,J. Kim,Mid-Market,Accessories,USB-C Hub,1,102.92,0.042,98.6,No
ORD-003188,2025-12-16,South,S. Patel,Enterprise,Accessories,USB-C Hub,3,37.64,0.207,89.55,No
ORD-003189,2025-12-16,South,M. Okafor,Enterprise,Software,SecureGuard License,1,251.45,0.249,188.84,No
ORD-003190,2025-12-16,West,T. Brooks,SMB,Hardware,Titan Desktop,1,1182.32,0.063,1107.83,No
ORD-003191,2025-12-16,East,J. Kim,Mid-Market,Software,SecureGuard License,1,562.52,0.103,504.58,No
ORD-003192,2025-12-16,South,S. Patel,Mid-Market,Software,FlowSuite License,2,308.06,0.047,587.16,No
ORD-003193,2025-12-17,South,S. Patel,Mid-Market,Software,FlowSuite License,1,219.9,0.022,215.06,No
ORD-003194,2025-12-17,North,A. Chen,SMB,Accessories,USB-C Hub,1,31.55,0.007,31.33,No
ORD-003195,2025-12-17,West,T. Brooks,SMB,Accessories,Wireless Mouse,1,35.7,0.043,34.16,No
ORD-003196,2025-12-17,South,M. Okafor,Enterprise,Accessories,Webcam HD,6,102.39,0.178,504.99,No
ORD-003197,2025-12-17,West,D. Rossi,SMB,Services,Priority Support,2,415.21,0.031,804.68,No
ORD-003198,2025-12-17,East,J. Kim,Mid-Market,Accessories,Wireless Mouse,3,68.6,0.149,175.14,No
ORD-003199,2025-12-17,West,D. Rossi,Mid-Market,Accessories,Wireless Mouse,4,25.66,0.076,94.84,No
ORD-003200,2025-12-17,West,T. Brooks,Mid-Market,Hardware,Falcon Laptop,2,1447.44,0.121,2544.6,No
ORD-003201,2025-12-17,West,T. Brooks,Enterprise,Software,SecureGuard License,1,472.16,0.097,426.36,No
ORD-003202,2025-12-17,West,D. Rossi,Mid-Market,Hardware,Titan Desktop,4,1634.05,0.142,5608.06,No
ORD-003203,2025-12-17,North,R. Diaz,Mid-Market,Accessories,USB-C Hub,2,59.93,0.061,112.55,No
ORD-003204,2025-12-17,South,M. Okafor,Enterprise,Services,Custom Training,1,524.17,0.235,400.99,No
ORD-003205,2025-12-17,East,J. Kim,Enterprise,Hardware,Falcon Laptop,1,1063.54,0.027,1034.82,No
ORD-003206,2025-12-18,East,J. Kim,SMB,Accessories,Laptop Sleeve,3,96.0,0.038,277.06,No
ORD-003207,2025-12-18,West,D. Rossi,SMB,Software,FlowSuite License,1,542.94,0.033,525.02,No
ORD-003208,2025-12-18,East,J. Kim,Mid-Market,Software,FlowSuite License,1,549.48,0.057,518.16,No
ORD-003209,2025-12-18,West,T. Brooks,Mid-Market,Software,FlowSuite License,2,499.91,0.071,928.83,No
ORD-003210,2025-12-18,East,J. Kim,Mid-Market,Services,Custom Training,1,991.08,0.111,881.07,No
ORD-003211,2025-12-18,North,R. Diaz,Mid-Market,Hardware,Nimbus Monitor,1,1040.16,0.037,1001.67,No
ORD-003212,2025-12-18,East,J. Kim,SMB,Accessories,USB-C Hub,3,31.78,0.054,90.19,No
ORD-003213,2025-12-18,North,R. Diaz,SMB,Accessories,Webcam HD,4,30.44,0.057,114.82,No
ORD-003214,2025-12-18,South,S. Patel,SMB,Accessories,Laptop Sleeve,2,36.76,0.044,70.29,No
ORD-003215,2025-12-18,North,A. Chen,SMB,Accessories,Laptop Sleeve,3,33.9,0.027,98.95,No
ORD-003216,2025-12-18,East,L. Nguyen,Enterprise,Software,FlowSuite License,1,418.07,0.152,354.52,No
ORD-003217,2025-12-19,West,T. Brooks,Enterprise,Accessories,Webcam HD,3,46.24,0.04,133.17,No
ORD-003218,2025-12-19,South,M. Okafor,Mid-Market,Services,Priority Support,2,602.84,0.021,1180.36,No
ORD-003219,2025-12-19,South,S. Patel,SMB,Services,Priority Support,1,1473.7,0.018,1447.17,No
ORD-003220,2025-12-19,North,A. Chen,SMB,Accessories,Webcam HD,2,90.47,0.055,170.99,No
ORD-003221,2025-12-19,West,T. Brooks,Enterprise,Software,FlowSuite License,3,579.9,0.06,1635.32,No
ORD-003222,2025-12-19,South,S. Patel,Enterprise,Accessories,Wireless Mouse,4,21.72,0.178,71.42,No
ORD-003223,2025-12-19,North,A. Chen,SMB,Accessories,USB-C Hub,3,45.49,0.014,134.56,No
ORD-003224,2025-12-19,East,L. Nguyen,SMB,Software,FlowSuite License,3,535.91,0.027,1564.32,No
ORD-003225,2025-12-19,South,S. Patel,Mid-Market,Hardware,Nimbus Monitor,1,1994.66,0.022,1950.78,No
ORD-003226,2025-12-19,North,R. Diaz,Mid-Market,Accessories,Laptop Sleeve,2,101.44,0.109,180.77,No
ORD-003227,2025-12-19,North,R. Diaz,Mid-Market,Hardware,Falcon Laptop,1,2262.94,0.068,2109.06,No
ORD-003228,2025-12-19,East,J. Kim,Mid-Market,Software,FlowSuite License,3,395.61,0.008,1177.34,No
ORD-003229,2025-12-20,East,L. Nguyen,Mid-Market,Accessories,Webcam HD,3,43.46,0.104,116.82,No
ORD-003230,2025-12-20,South,M. Okafor,Mid-Market,Software,SecureGuard License,2,581.19,0.12,1022.89,No
ORD-003231,2025-12-20,West,D. Rossi,SMB,Accessories,USB-C Hub,4,76.25,0.029,296.15,No
ORD-003232,2025-12-20,West,T. Brooks,Mid-Market,Software,DataLens License,1,570.47,0.038,548.79,No
ORD-003233,2025-12-20,North,A. Chen,Mid-Market,Software,FlowSuite License,1,242.48,0.136,209.5,No
ORD-003234,2025-12-20,South,S. Patel,Enterprise,Hardware,Falcon Laptop,4,1689.92,0.244,5110.32,No
ORD-003235,2025-12-20,North,A. Chen,Mid-Market,Services,Onboarding Package,1,1035.51,0.122,909.18,No
ORD-003236,2025-12-20,East,L. Nguyen,Mid-Market,Hardware,Titan Desktop,2,1752.52,0.0,3505.04,No
ORD-003237,2025-12-20,West,D. Rossi,Enterprise,Accessories,Webcam HD,2,62.69,0.185,102.18,No
ORD-003238,2025-12-20,North,A. Chen,Mid-Market,Accessories,USB-C Hub,3,33.63,0.021,98.77,Yes
ORD-003239,2025-12-20,South,S. Patel,Mid-Market,Software,DataLens License,1,189.37,0.064,177.25,No
ORD-003240,2025-12-20,South,M. Okafor,Mid-Market,Hardware,Titan Desktop,1,1530.66,0.137,1320.96,No
ORD-003241,2025-12-20,North,R. Diaz,SMB,Hardware,Falcon Laptop,1,2103.01,0.057,1983.14,No
ORD-003242,2025-12-20,South,S. Patel,SMB,Services,Onboarding Package,1,1462.94,0.034,1413.2,No
ORD-003243,2025-12-20,North,A. Chen,Mid-Market,Accessories,Laptop Sleeve,4,72.09,0.043,275.96,No
ORD-003244,2025-12-21,North,R. Diaz,Enterprise,Hardware,Titan Desktop,2,1898.8,0.078,3501.39,No
ORD-003245,2025-12-21,West,D. Rossi,Mid-Market,Accessories,Wireless Mouse,4,93.47,0.035,360.79,No
ORD-003246,2025-12-21,East,J. Kim,SMB,Services,Onboarding Package,1,1299.56,0.062,1218.99,No
ORD-003247,2025-12-21,West,D. Rossi,SMB,Accessories,Laptop Sleeve,1,63.82,0.026,62.16,No
ORD-003248,2025-12-21,North,A. Chen,SMB,Accessories,Webcam HD,1,111.08,0.008,110.19,No
ORD-003249,2025-12-21,North,A. Chen,SMB,Hardware,Falcon Laptop,3,1889.76,0.001,5663.61,No
ORD-003250,2025-12-21,North,A. Chen,Mid-Market,Accessories,Laptop Sleeve,2,48.32,0.133,83.79,No
ORD-003251,2025-12-21,East,J. Kim,SMB,Accessories,Wireless Mouse,1,36.07,0.022,35.28,No
ORD-003252,2025-12-21,South,S. Patel,Mid-Market,Accessories,Wireless Mouse,1,34.23,0.056,32.31,No
ORD-003253,2025-12-21,East,J. Kim,Mid-Market,Accessories,Wireless Mouse,2,45.7,0.116,80.8,No
ORD-003254,2025-12-21,East,L. Nguyen,Enterprise,Accessories,Wireless Mouse,2,54.87,0.015,108.09,No
ORD-003255,2025-12-21,East,J. Kim,SMB,Hardware,Nimbus Monitor,1,2390.12,0.051,2268.22,No
ORD-003256,2025-12-21,West,T. Brooks,Mid-Market,Accessories,Webcam HD,4,100.23,0.023,391.7,No
ORD-003257,2025-12-21,West,T. Brooks,SMB,Services,Onboarding Package,2,451.85,0.017,888.34,No
ORD-003258,2025-12-21,East,L. Nguyen,SMB,Hardware,Falcon Laptop,1,1352.43,0.074,1252.35,Yes
ORD-003259,2025-12-21,South,S. Patel,Mid-Market,Software,FlowSuite License,2,584.09,0.002,1165.84,No
ORD-003260,2025-12-21,East,L. Nguyen,Mid-Market,Services,Priority Support,1,932.12,0.007,925.6,No
ORD-003261,2025-12-21,North,R. Diaz,SMB,Hardware,Falcon Laptop,1,1776.72,0.025,1732.3,No
ORD-003262,2025-12-22,North,A. Chen,Enterprise,Hardware,Falcon Laptop,3,1843.57,0.125,4839.37,No
ORD-003263,2025-12-22,East,J. Kim,SMB,Accessories,Webcam HD,1,71.66,0.0,71.66,No
ORD-003264,2025-12-22,West,D. Rossi,SMB,Accessories,Wireless Mouse,3,111.91,0.018,329.69,No
ORD-003265,2025-12-22,East,L. Nguyen,SMB,Hardware,Falcon Laptop,1,1703.28,0.059,1602.79,No
ORD-003266,2025-12-22,North,R. Diaz,Mid-Market,Software,SecureGuard License,1,294.95,0.034,284.92,No
ORD-003267,2025-12-22,South,S. Patel,SMB,Software,SecureGuard License,1,381.08,0.04,365.84,No
ORD-003268,2025-12-22,West,D. Rossi,Enterprise,Software,SecureGuard License,1,203.16,0.141,174.51,No
ORD-003269,2025-12-22,East,L. Nguyen,Mid-Market,Accessories,Wireless Mouse,4,103.23,0.135,357.18,No
ORD-003270,2025-12-23,North,R. Diaz,Mid-Market,Services,Onboarding Package,1,565.55,0.012,558.76,No
ORD-003271,2025-12-23,East,J. Kim,Enterprise,Accessories,Webcam HD,3,112.98,0.072,314.54,No
ORD-003272,2025-12-23,East,L. Nguyen,Enterprise,Hardware,Nimbus Monitor,2,1118.32,0.047,2131.52,No
ORD-003273,2025-12-23,South,M. Okafor,SMB,Accessories,Wireless Mouse,1,17.77,0.056,16.77,No
ORD-003274,2025-12-23,South,M. Okafor,SMB,Accessories,Laptop Sleeve,3,25.27,0.013,74.82,No
ORD-003275,2025-12-23,North,A. Chen,Mid-Market,Accessories,Webcam HD,2,90.7,0.007,180.13,No
ORD-003276,2025-12-23,South,S. Patel,SMB,Software,SecureGuard License,1,230.06,0.06,216.26,No
ORD-003277,2025-12-23,East,J. Kim,Mid-Market,Accessories,Webcam HD,3,107.64,0.059,303.87,No
ORD-003278,2025-12-23,West,T. Brooks,Enterprise,Accessories,Wireless Mouse,5,40.2,0.121,176.68,No
ORD-003279,2025-12-23,West,T. Brooks,Enterprise,Services,Priority Support,1,963.58,0.116,851.8,No
ORD-003280,2025-12-23,North,A. Chen,SMB,Software,DataLens License,1,295.66,0.062,277.33,No
ORD-003281,2025-12-23,West,T. Brooks,Enterprise,Hardware,Falcon Laptop,4,2069.77,0.052,7848.57,No
ORD-003282,2025-12-23,West,D. Rossi,SMB,Hardware,Falcon Laptop,2,2444.72,0.042,4684.08,No
ORD-003283,2025-12-23,North,A. Chen,SMB,Accessories,USB-C Hub,2,36.14,0.003,72.06,No
ORD-003284,2025-12-23,East,J. Kim,SMB,Software,DataLens License,1,522.99,0.02,512.53,No
ORD-003285,2025-12-24,South,S. Patel,Mid-Market,Services,Priority Support,2,1429.41,0.036,2755.9,No
ORD-003286,2025-12-24,North,R. Diaz,SMB,Accessories,Laptop Sleeve,1,96.45,0.016,94.91,No
ORD-003287,2025-12-24,North,A. Chen,SMB,Software,FlowSuite License,2,257.68,0.057,485.98,No
ORD-003288,2025-12-24,East,L. Nguyen,Mid-Market,Software,SecureGuard License,1,596.47,0.11,530.86,No
ORD-003289,2025-12-24,South,M. Okafor,SMB,Services,Onboarding Package,1,977.96,0.074,905.59,No
ORD-003290,2025-12-24,West,D. Rossi,Mid-Market,Accessories,Webcam HD,4,78.97,0.139,271.97,No
ORD-003291,2025-12-24,West,D. Rossi,Mid-Market,Software,FlowSuite License,3,343.13,0.057,970.71,No
ORD-003292,2025-12-24,North,R. Diaz,SMB,Software,FlowSuite License,1,294.85,0.064,275.98,No
ORD-003293,2025-12-24,West,D. Rossi,SMB,Software,FlowSuite License,1,534.06,0.061,501.48,No
ORD-003294,2025-12-24,East,J. Kim,Mid-Market,Accessories,Wireless Mouse,4,49.85,0.077,184.05,No
ORD-003295,2025-12-24,South,M. Okafor,Mid-Market,Services,Priority Support,5,1289.52,0.147,5499.8,No
ORD-003296,2025-12-24,South,M. Okafor,Mid-Market,Hardware,Falcon Laptop,1,1986.11,0.128,1731.89,No
ORD-003297,2025-12-24,East,J. Kim,SMB,Accessories,Wireless Mouse,2,46.09,0.022,90.15,No
ORD-003298,2025-12-24,West,T. Brooks,Mid-Market,Hardware,Nimbus Monitor,1,1751.79,0.062,1643.18,No
ORD-003299,2025-12-24,East,J. Kim,Mid-Market,Accessories,USB-C Hub,3,105.5,0.036,305.11,No
ORD-003300,2025-12-24,West,D. Rossi,Mid-Market,Hardware,Titan Desktop,1,1435.4,0.111,1276.07,No
ORD-003301,2025-12-24,South,M. Okafor,Enterprise,Software,DataLens License,1,476.47,0.171,394.99,No
ORD-003302,2025-12-25,South,M. Okafor,SMB,Accessories,USB-C Hub,1,100.27,0.074,92.85,No
ORD-003303,2025-12-25,South,S. Patel,Mid-Market,Services,Custom Training,1,1215.34,0.072,1127.84,No
ORD-003304,2025-12-25,North,A. Chen,Enterprise,Accessories,Wireless Mouse,1,31.19,0.132,27.07,Yes
ORD-003305,2025-12-25,North,A. Chen,Enterprise,Accessories,Webcam HD,9,67.35,0.064,567.36,No
ORD-003306,2025-12-25,West,D. Rossi,SMB,Software,SecureGuard License,1,202.32,0.001,202.12,No
ORD-003307,2025-12-25,South,M. Okafor,SMB,Services,Priority Support,2,433.86,0.001,866.85,No
ORD-003308,2025-12-25,West,T. Brooks,SMB,Software,DataLens License,3,343.04,0.06,967.37,No
ORD-003309,2025-12-25,West,T. Brooks,Enterprise,Accessories,Wireless Mouse,1,114.23,0.06,107.38,No
ORD-003310,2025-12-25,North,A. Chen,Enterprise,Accessories,Laptop Sleeve,2,41.32,0.163,69.17,No
ORD-003311,2025-12-25,West,D. Rossi,SMB,Hardware,Nimbus Monitor,3,1798.48,0.02,5287.53,No
ORD-003312,2025-12-25,South,M. Okafor,SMB,Software,DataLens License,1,491.75,0.044,470.11,No
ORD-003313,2025-12-25,West,D. Rossi,Mid-Market,Services,Onboarding Package,5,1350.43,0.037,6502.32,No
ORD-003314,2025-12-25,East,J. Kim,SMB,Services,Custom Training,1,372.33,0.08,342.54,No
ORD-003315,2025-12-25,South,M. Okafor,SMB,Hardware,Nimbus Monitor,2,2334.45,0.042,4472.81,No
ORD-003316,2025-12-25,North,R. Diaz,Mid-Market,Accessories,Webcam HD,2,82.16,0.147,140.16,Yes
ORD-003317,2025-12-26,West,D. Rossi,SMB,Hardware,Nimbus Monitor,1,2296.27,0.039,2206.72,No
ORD-003318,2025-12-26,West,D. Rossi,Enterprise,Hardware,Titan Desktop,2,1250.79,0.103,2243.92,No
ORD-003319,2025-12-26,North,A. Chen,Mid-Market,Accessories,Wireless Mouse,4,35.1,0.15,119.34,No
ORD-003320,2025-12-26,North,A. Chen,Enterprise,Software,DataLens License,2,350.31,0.004,697.82,No
ORD-003321,2025-12-26,West,D. Rossi,SMB,Hardware,Titan Desktop,1,2368.3,0.019,2323.3,No
ORD-003322,2025-12-26,East,L. Nguyen,SMB,Hardware,Nimbus Monitor,1,1612.09,0.057,1520.2,No
ORD-003323,2025-12-26,South,S. Patel,Mid-Market,Accessories,Laptop Sleeve,2,106.34,0.019,208.64,No
ORD-003324,2025-12-26,West,D. Rossi,SMB,Services,Onboarding Package,2,902.52,0.043,1727.42,No
ORD-003325,2025-12-26,East,L. Nguyen,SMB,Hardware,Titan Desktop,1,2026.15,0.078,1868.11,No
ORD-003326,2025-12-26,West,T. Brooks,SMB,Accessories,Webcam HD,2,56.47,0.018,110.91,Yes
ORD-003327,2025-12-26,South,M. Okafor,SMB,Software,FlowSuite License,1,350.7,0.074,324.75,No
ORD-003328,2025-12-26,West,D. Rossi,SMB,Software,DataLens License,2,340.16,0.045,649.71,No
ORD-003329,2025-12-26,North,A. Chen,Mid-Market,Software,SecureGuard License,1,285.28,0.061,267.88,No
ORD-003330,2025-12-26,East,L. Nguyen,Enterprise,Accessories,Wireless Mouse,1,64.88,0.054,61.38,No
ORD-003331,2025-12-26,East,J. Kim,Mid-Market,Hardware,Titan Desktop,2,2284.47,0.025,4454.72,No
ORD-003332,2025-12-26,West,D. Rossi,Mid-Market,Software,SecureGuard License,1,501.87,0.131,436.13,No
ORD-003333,2025-12-26,West,D. Rossi,Enterprise,Software,DataLens License,3,153.77,0.223,358.44,No
ORD-003334,2025-12-26,West,T. Brooks,Mid-Market,Software,FlowSuite License,1,565.62,0.072,524.9,No
ORD-003335,2025-12-26,East,J. Kim,SMB,Software,FlowSuite License,2,517.53,0.025,1009.18,No
ORD-003336,2025-12-26,East,J. Kim,SMB,Hardware,Nimbus Monitor,2,2108.7,0.012,4166.79,No
ORD-003337,2025-12-27,North,A. Chen,Enterprise,Accessories,Laptop Sleeve,5,96.12,0.129,418.6,No
ORD-003338,2025-12-27,East,L. Nguyen,SMB,Accessories,Wireless Mouse,3,68.31,0.038,197.14,No
ORD-003339,2025-12-27,North,A. Chen,SMB,Accessories,Laptop Sleeve,4,101.19,0.074,374.81,No
ORD-003340,2025-12-27,East,L. Nguyen,SMB,Hardware,Titan Desktop,1,2444.89,0.038,2351.98,No
ORD-003341,2025-12-27,East,L. Nguyen,Mid-Market,Hardware,Titan Desktop,2,1563.64,0.04,3002.19,No
ORD-003342,2025-12-27,East,J. Kim,SMB,Accessories,Webcam HD,8,77.91,0.063,584.01,No
ORD-003343,2025-12-27,South,S. Patel,SMB,Software,DataLens License,2,335.94,0.063,629.55,Yes
ORD-003344,2025-12-27,South,M. Okafor,SMB,Hardware,Falcon Laptop,1,1523.71,0.075,1409.43,No
ORD-003345,2025-12-27,East,J. Kim,Mid-Market,Services,Priority Support,1,308.86,0.047,294.34,No
ORD-003346,2025-12-27,North,A. Chen,Enterprise,Hardware,Falcon Laptop,2,1703.04,0.07,3167.65,No
ORD-003347,2025-12-27,East,L. Nguyen,Enterprise,Accessories,Webcam HD,4,30.62,0.057,115.5,No
ORD-003348,2025-12-27,East,J. Kim,SMB,Accessories,Wireless Mouse,4,24.07,0.041,92.33,No
ORD-003349,2025-12-27,North,A. Chen,SMB,Software,FlowSuite License,1,362.89,0.053,343.66,No
ORD-003350,2025-12-27,South,S. Patel,Mid-Market,Software,FlowSuite License,1,514.59,0.043,492.46,No
ORD-003351,2025-12-28,West,T. Brooks,Enterprise,Accessories,Wireless Mouse,3,85.01,0.21,201.47,No
ORD-003352,2025-12-28,South,M. Okafor,SMB,Services,Priority Support,3,365.68,0.06,1031.22,No
ORD-003353,2025-12-28,North,A. Chen,Mid-Market,Software,SecureGuard License,1,160.4,0.037,154.47,No
ORD-003354,2025-12-28,North,A. Chen,Enterprise,Hardware,Falcon Laptop,3,1778.58,0.095,4828.84,No
ORD-003355,2025-12-28,East,J. Kim,SMB,Software,SecureGuard License,1,556.74,0.077,513.87,No
ORD-003356,2025-12-28,West,D. Rossi,SMB,Accessories,Laptop Sleeve,3,113.97,0.032,330.97,No
ORD-003357,2025-12-28,West,T. Brooks,Mid-Market,Software,DataLens License,1,341.96,0.027,332.73,No
ORD-003358,2025-12-29,East,J. Kim,SMB,Hardware,Titan Desktop,2,1006.64,0.008,1997.17,No
ORD-003359,2025-12-29,East,L. Nguyen,Enterprise,Accessories,Webcam HD,2,100.27,0.008,198.94,No
ORD-003360,2025-12-29,South,M. Okafor,Enterprise,Software,SecureGuard License,3,137.08,0.108,366.83,No
ORD-003361,2025-12-29,South,S. Patel,Mid-Market,Accessories,USB-C Hub,1,50.42,0.022,49.31,No
ORD-003362,2025-12-29,North,A. Chen,SMB,Accessories,Webcam HD,6,69.79,0.053,396.55,No
ORD-003363,2025-12-29,West,T. Brooks,Mid-Market,Services,Custom Training,1,782.39,0.028,760.48,No
ORD-003364,2025-12-29,North,A. Chen,SMB,Hardware,Falcon Laptop,1,1988.5,0.042,1904.98,No
ORD-003365,2025-12-29,South,S. Patel,SMB,Accessories,Webcam HD,2,37.9,0.002,75.65,No
ORD-003366,2025-12-29,South,M. Okafor,Mid-Market,Services,Onboarding Package,3,309.98,0.081,854.61,No
ORD-003367,2025-12-29,East,J. Kim,Mid-Market,Software,FlowSuite License,1,383.37,0.051,363.82,No
ORD-003368,2025-12-29,East,L. Nguyen,Enterprise,Accessories,USB-C Hub,6,48.51,0.18,238.67,No
ORD-003369,2025-12-30,West,T. Brooks,Mid-Market,Software,DataLens License,2,534.51,0.028,1039.09,No
ORD-003370,2025-12-30,East,L. Nguyen,SMB,Software,DataLens License,2,465.38,0.073,862.81,No
ORD-003371,2025-12-30,North,R. Diaz,SMB,Accessories,Webcam HD,1,104.99,0.0,104.99,No
ORD-003372,2025-12-30,East,L. Nguyen,Enterprise,Accessories,USB-C Hub,3,92.21,0.21,218.54,No
ORD-003373,2025-12-30,West,D. Rossi,SMB,Services,Onboarding Package,1,514.29,0.033,497.32,No
ORD-003374,2025-12-30,North,R. Diaz,SMB,Accessories,USB-C Hub,2,59.08,0.014,116.51,Yes
ORD-003375,2025-12-30,East,L. Nguyen,Mid-Market,Hardware,Falcon Laptop,1,1532.06,0.039,1472.31,No
ORD-003376,2025-12-31,South,M. Okafor,SMB,Hardware,Nimbus Monitor,2,1519.03,0.036,2928.69,No
ORD-003377,2025-12-31,North,R. Diaz,Enterprise,Hardware,Nimbus Monitor,1,1409.14,0.041,1351.37,No
ORD-003378,2025-12-31,North,A. Chen,Mid-Market,Accessories,Laptop Sleeve,1,45.46,0.035,43.87,No
ORD-003379,2025-12-31,North,A. Chen,Mid-Market,Software,SecureGuard License,3,573.39,0.072,1596.32,No
ORD-003380,2025-12-31,West,T. Brooks,SMB,Software,DataLens License,1,268.01,0.0,268.01,No
ORD-003381,2025-12-31,West,D. Rossi,Mid-Market,Accessories,Laptop Sleeve,3,103.49,0.058,292.46,No
ORD-003382,2025-12-31,South,S. Patel,SMB,Software,SecureGuard License,1,432.13,0.069,402.31,No
ORD-003383,2025-12-31,North,R. Diaz,SMB,Accessories,Wireless Mouse,5,72.26,0.031,350.1,No
ORD-003384,2025-12-31,North,R. Diaz,Mid-Market,Hardware,Nimbus Monitor,1,2479.29,0.079,2283.43,No
ORD-003385,2025-12-31,East,L. Nguyen,Mid-Market,Services,Priority Support,1,737.28,0.055,696.73,No
ORD-003386,2025-12-31,West,D. Rossi,Mid-Market,Services,Priority Support,1,901.82,0.006,896.41,No
ORD-003387,2025-12-31,North,R. Diaz,Mid-Market,Accessories,Webcam HD,2,66.88,0.043,128.01,No
ORD-003388,2025-12-31,North,A. Chen,SMB,Software,DataLens License,1,259.45,0.027,252.44,Yes
ORD-003389,2025-12-31,West,T. Brooks,Mid-Market,Accessories,USB-C Hub,6,57.83,0.133,300.83,No
ORD-003390,2025-12-31,North,R. Diaz,SMB,Software,FlowSuite License,1,260.77,0.051,247.47,No
ORD-003391,2025-12-31,North,R. Diaz,SMB,Software,DataLens License,3,132.29,0.073,367.9,No
ORD-003392,2025-12-31,North,A. Chen,SMB,Software,FlowSuite License,3,229.07,0.053,650.79,No
ORD-003393,2026-01-01,North,A. Chen,Enterprise,Hardware,Titan Desktop,3,1741.79,0.239,3976.51,Yes
ORD-003394,2026-01-01,East,J. Kim,Enterprise,Software,DataLens License,1,406.45,0.021,397.91,No
ORD-003395,2026-01-01,South,S. Patel,SMB,Software,FlowSuite License,1,426.36,0.069,396.94,No
ORD-003396,2026-01-01,South,M. Okafor,Mid-Market,Software,DataLens License,3,123.58,0.092,336.63,No
ORD-003397,2026-01-01,South,M. Okafor,SMB,Hardware,Nimbus Monitor,3,1926.76,0.06,5433.46,No
ORD-003398,2026-01-01,East,J. Kim,Enterprise,Accessories,Wireless Mouse,4,80.71,0.179,265.05,Yes
ORD-003399,2026-01-01,North,R. Diaz,SMB,Software,FlowSuite License,1,154.79,0.076,143.03,No
ORD-003400,2026-01-01,North,A. Chen,Enterprise,Accessories,USB-C Hub,3,31.98,0.055,90.66,No
ORD-003401,2026-01-01,North,R. Diaz,Mid-Market,Accessories,Wireless Mouse,1,107.84,0.043,103.2,No
ORD-003402,2026-01-01,South,M. Okafor,Mid-Market,Hardware,Falcon Laptop,1,1460.53,0.026,1422.56,No
ORD-003403,2026-01-01,North,R. Diaz,Mid-Market,Services,Custom Training,1,1056.32,0.145,903.15,No
ORD-003404,2026-01-01,South,S. Patel,Mid-Market,Accessories,USB-C Hub,3,38.92,0.038,112.32,No
ORD-003405,2026-01-02,South,S. Patel,SMB,Accessories,Webcam HD,4,92.35,0.007,366.81,No
ORD-003406,2026-01-02,North,A. Chen,SMB,Accessories,Wireless Mouse,2,66.67,0.001,133.21,Yes
ORD-003407,2026-01-02,North,A. Chen,SMB,Software,DataLens License,3,152.25,0.05,433.91,No
ORD-003408,2026-01-02,West,D. Rossi,Mid-Market,Software,FlowSuite License,1,467.54,0.121,410.97,No
ORD-003409,2026-01-02,West,D. Rossi,SMB,Software,SecureGuard License,1,228.81,0.038,220.12,No
ORD-003410,2026-01-02,North,R. Diaz,SMB,Services,Priority Support,3,1100.44,0.025,3218.79,No
ORD-003411,2026-01-02,East,J. Kim,Mid-Market,Hardware,Nimbus Monitor,1,2278.09,0.059,2143.68,No
ORD-003412,2026-01-02,East,L. Nguyen,Mid-Market,Accessories,USB-C Hub,1,59.15,0.116,52.29,No
ORD-003413,2026-01-02,East,J. Kim,Enterprise,Accessories,USB-C Hub,3,88.66,0.08,244.7,No
ORD-003414,2026-01-02,West,T. Brooks,SMB,Accessories,Webcam HD,2,71.4,0.044,136.52,No
ORD-003415,2026-01-02,South,S. Patel,SMB,Accessories,Webcam HD,1,46.59,0.052,44.17,No
ORD-003416,2026-01-03,North,R. Diaz,Mid-Market,Accessories,USB-C Hub,1,76.05,0.013,75.06,No
ORD-003417,2026-01-03,North,R. Diaz,Mid-Market,Accessories,Webcam HD,4,111.18,0.003,443.39,No
ORD-003418,2026-01-03,North,R. Diaz,SMB,Services,Onboarding Package,3,369.07,0.065,1035.24,No
ORD-003419,2026-01-03,East,L. Nguyen,Mid-Market,Services,Onboarding Package,2,1115.64,0.12,1963.53,No
ORD-003420,2026-01-03,South,S. Patel,Mid-Market,Accessories,USB-C Hub,4,33.45,0.03,129.79,No
ORD-003421,2026-01-03,West,T. Brooks,SMB,Accessories,Laptop Sleeve,2,36.19,0.066,67.6,No
ORD-003422,2026-01-03,East,J. Kim,Mid-Market,Accessories,Laptop Sleeve,1,82.86,0.018,81.37,No
ORD-003423,2026-01-04,East,L. Nguyen,SMB,Accessories,Wireless Mouse,1,50.58,0.011,50.02,No
ORD-003424,2026-01-04,East,J. Kim,SMB,Software,SecureGuard License,2,413.68,0.026,805.85,No
ORD-003425,2026-01-04,West,T. Brooks,SMB,Software,SecureGuard License,2,453.28,0.026,882.99,No
ORD-003426,2026-01-04,North,R. Diaz,Mid-Market,Accessories,Laptop Sleeve,2,89.88,0.123,157.65,No
ORD-003427,2026-01-04,South,S. Patel,SMB,Software,SecureGuard License,1,277.35,0.051,263.21,No
ORD-003428,2026-01-04,South,M. Okafor,Enterprise,Services,Custom Training,2,486.05,0.193,784.48,No
ORD-003429,2026-01-05,North,R. Diaz,Enterprise,Software,FlowSuite License,1,350.86,0.229,270.51,No
ORD-003430,2026-01-05,West,T. Brooks,SMB,Software,DataLens License,1,151.79,0.031,147.08,No
ORD-003431,2026-01-05,East,J. Kim,SMB,Services,Onboarding Package,1,876.44,0.067,817.72,No
ORD-003432,2026-01-05,West,D. Rossi,Mid-Market,Software,DataLens License,1,499.73,0.062,468.75,No
ORD-003433,2026-01-05,North,R. Diaz,SMB,Hardware,Falcon Laptop,2,2090.96,0.035,4035.55,No
ORD-003434,2026-01-05,South,S. Patel,SMB,Software,SecureGuard License,1,507.15,0.036,488.89,No
ORD-003435,2026-01-05,West,D. Rossi,Enterprise,Accessories,Laptop Sleeve,2,109.53,0.1,197.15,No
ORD-003436,2026-01-05,West,D. Rossi,Mid-Market,Services,Onboarding Package,2,545.79,0.008,1082.85,No
ORD-003437,2026-01-06,East,L. Nguyen,Mid-Market,Accessories,Wireless Mouse,2,69.78,0.057,131.61,No
ORD-003438,2026-01-06,South,S. Patel,Mid-Market,Software,FlowSuite License,1,517.45,0.078,477.09,No
ORD-003439,2026-01-06,West,T. Brooks,SMB,Services,Priority Support,1,1489.02,0.061,1398.19,No
ORD-003440,2026-01-06,South,S. Patel,Enterprise,Hardware,Nimbus Monitor,1,1430.24,0.165,1194.25,No
ORD-003441,2026-01-06,East,L. Nguyen,Enterprise,Accessories,Webcam HD,7,33.18,0.18,190.45,No
ORD-003442,2026-01-06,East,J. Kim,Mid-Market,Accessories,Laptop Sleeve,3,79.26,0.035,229.46,No
ORD-003443,2026-01-06,South,S. Patel,Mid-Market,Hardware,Nimbus Monitor,2,1325.18,0.086,2422.43,No
ORD-003444,2026-01-06,South,M. Okafor,SMB,Accessories,Wireless Mouse,1,97.89,0.035,94.46,No
ORD-003445,2026-01-06,North,R. Diaz,SMB,Software,SecureGuard License,3,520.24,0.056,1473.32,No
ORD-003446,2026-01-06,North,A. Chen,SMB,Software,SecureGuard License,2,121.96,0.019,239.29,No
ORD-003447,2026-01-06,West,D. Rossi,Enterprise,Hardware,Nimbus Monitor,1,1730.7,0.205,1375.91,No
ORD-003448,2026-01-06,South,S. Patel,Enterprise,Hardware,Nimbus Monitor,1,1964.55,0.065,1836.85,No
ORD-003449,2026-01-07,North,A. Chen,Mid-Market,Hardware,Nimbus Monitor,1,1401.56,0.028,1362.32,No
ORD-003450,2026-01-07,West,D. Rossi,Mid-Market,Accessories,Webcam HD,1,21.18,0.145,18.11,No
ORD-003451,2026-01-07,South,M. Okafor,Enterprise,Hardware,Falcon Laptop,2,1898.29,0.042,3637.12,No
ORD-003452,2026-01-07,South,M. Okafor,SMB,Services,Onboarding Package,1,381.41,0.006,379.12,No
ORD-003453,2026-01-07,East,L. Nguyen,Enterprise,Services,Custom Training,2,863.4,0.064,1616.28,No
ORD-003454,2026-01-07,South,S. Patel,SMB,Software,FlowSuite License,1,188.12,0.045,179.65,No
ORD-003455,2026-01-07,East,J. Kim,Mid-Market,Accessories,Webcam HD,5,52.2,0.021,255.52,Yes
ORD-003456,2026-01-07,East,J. Kim,SMB,Accessories,Laptop Sleeve,1,93.77,0.018,92.08,No
ORD-003457,2026-01-07,South,M. Okafor,SMB,Accessories,USB-C Hub,3,58.97,0.055,167.18,No
ORD-003458,2026-01-07,South,M. Okafor,Mid-Market,Accessories,USB-C Hub,6,15.86,0.146,81.27,No
ORD-003459,2026-01-07,West,D. Rossi,Enterprise,Accessories,USB-C Hub,5,67.65,0.001,337.91,No
ORD-003460,2026-01-08,East,L. Nguyen,Mid-Market,Accessories,Webcam HD,2,85.74,0.045,163.76,No
ORD-003461,2026-01-08,East,L. Nguyen,SMB,Accessories,Wireless Mouse,2,47.47,0.066,88.67,Yes
ORD-003462,2026-01-08,South,S. Patel,SMB,Hardware,Nimbus Monitor,1,1131.24,0.046,1079.2,No
ORD-003463,2026-01-08,East,L. Nguyen,SMB,Accessories,Laptop Sleeve,3,73.76,0.007,219.73,No
ORD-003464,2026-01-08,South,S. Patel,SMB,Services,Priority Support,2,1263.63,0.033,2443.86,Yes
ORD-003465,2026-01-08,South,S. Patel,SMB,Hardware,Nimbus Monitor,3,1384.75,0.073,3850.99,No
ORD-003466,2026-01-08,South,S. Patel,SMB,Accessories,Webcam HD,6,15.83,0.042,90.99,No
ORD-003467,2026-01-08,East,L. Nguyen,SMB,Services,Onboarding Package,1,548.67,0.046,523.43,No
ORD-003468,2026-01-08,West,D. Rossi,SMB,Services,Onboarding Package,1,355.37,0.046,339.02,No
ORD-003469,2026-01-08,East,J. Kim,SMB,Software,SecureGuard License,1,578.56,0.023,565.25,No
ORD-003470,2026-01-08,East,L. Nguyen,SMB,Software,SecureGuard License,1,229.34,0.007,227.73,No
ORD-003471,2026-01-08,East,J. Kim,SMB,Accessories,Wireless Mouse,2,19.78,0.03,38.37,No
ORD-003472,2026-01-08,South,M. Okafor,SMB,Services,Custom Training,1,697.09,0.011,689.42,No
ORD-003473,2026-01-08,East,L. Nguyen,Enterprise,Hardware,Titan Desktop,3,1502.01,0.204,3586.8,No
ORD-003474,2026-01-09,West,D. Rossi,SMB,Accessories,Webcam HD,2,43.81,0.031,84.9,No
ORD-003475,2026-01-09,East,J. Kim,SMB,Accessories,Wireless Mouse,5,117.69,0.013,580.8,No
ORD-003476,2026-01-09,South,M. Okafor,SMB,Accessories,Laptop Sleeve,1,27.6,0.048,26.28,No
ORD-003477,2026-01-09,West,D. Rossi,Mid-Market,Accessories,Laptop Sleeve,1,43.24,0.139,37.23,Yes
ORD-003478,2026-01-09,East,J. Kim,Enterprise,Software,FlowSuite License,1,207.86,0.185,169.41,No
ORD-003479,2026-01-09,North,R. Diaz,Mid-Market,Hardware,Titan Desktop,1,2044.77,0.048,1946.62,No
ORD-003480,2026-01-09,North,A. Chen,SMB,Accessories,Wireless Mouse,2,111.04,0.076,205.2,No
ORD-003481,2026-01-09,South,M. Okafor,SMB,Accessories,USB-C Hub,2,45.78,0.005,91.1,Yes
ORD-003482,2026-01-09,East,J. Kim,Enterprise,Software,DataLens License,1,135.14,0.245,102.03,No
ORD-003483,2026-01-10,East,J. Kim,SMB,Accessories,Wireless Mouse,4,47.46,0.058,178.83,No
ORD-003484,2026-01-10,East,J. Kim,SMB,Software,DataLens License,2,599.23,0.041,1149.32,No
ORD-003485,2026-01-10,East,L. Nguyen,Mid-Market,Accessories,Laptop Sleeve,5,69.95,0.044,334.36,No
ORD-003486,2026-01-10,East,L. Nguyen,SMB,Accessories,Laptop Sleeve,4,67.58,0.058,254.64,No
ORD-003487,2026-01-10,East,L. Nguyen,Mid-Market,Services,Custom Training,1,1400.04,0.023,1367.84,No
ORD-003488,2026-01-11,East,J. Kim,Mid-Market,Services,Priority Support,2,493.91,0.12,869.28,No
ORD-003489,2026-01-11,East,J. Kim,SMB,Accessories,Webcam HD,8,69.66,0.06,523.84,No
ORD-003490,2026-01-11,East,J. Kim,Mid-Market,Services,Priority Support,1,1447.79,0.071,1345.0,No
ORD-003491,2026-01-11,West,D. Rossi,SMB,Software,DataLens License,1,469.49,0.037,452.12,No
ORD-003492,2026-01-11,East,L. Nguyen,SMB,Hardware,Titan Desktop,1,1651.1,0.025,1609.82,No
ORD-003493,2026-01-11,North,A. Chen,Mid-Market,Software,DataLens License,1,422.79,0.02,414.33,No
ORD-003494,2026-01-11,East,J. Kim,SMB,Hardware,Falcon Laptop,1,1013.23,0.024,988.91,No
ORD-003495,2026-01-11,South,M. Okafor,Mid-Market,Services,Onboarding Package,4,494.03,0.014,1948.45,No
ORD-003496,2026-01-11,West,D. Rossi,SMB,Accessories,Webcam HD,1,22.64,0.073,20.99,Yes
ORD-003497,2026-01-11,South,M. Okafor,SMB,Software,DataLens License,1,341.73,0.023,333.87,No
ORD-003498,2026-01-11,North,R. Diaz,Mid-Market,Accessories,Webcam HD,4,97.43,0.018,382.71,No
ORD-003499,2026-01-11,East,J. Kim,Mid-Market,Software,FlowSuite License,1,170.78,0.082,156.78,No
ORD-003500,2026-01-11,West,T. Brooks,SMB,Accessories,Webcam HD,3,28.87,0.004,86.26,No
ORD-003501,2026-01-11,East,L. Nguyen,Enterprise,Accessories,Wireless Mouse,1,40.47,0.128,35.29,No
ORD-003502,2026-01-11,West,D. Rossi,Enterprise,Services,Onboarding Package,1,465.44,0.105,416.57,No
ORD-003503,2026-01-11,North,R. Diaz,SMB,Accessories,Laptop Sleeve,6,79.44,0.055,450.42,No
ORD-003504,2026-01-12,North,A. Chen,SMB,Software,SecureGuard License,1,258.74,0.036,249.43,No
ORD-003505,2026-01-12,North,A. Chen,SMB,Accessories,USB-C Hub,3,67.67,0.071,188.6,No
ORD-003506,2026-01-12,West,D. Rossi,SMB,Accessories,Wireless Mouse,5,109.04,0.054,515.76,No
ORD-003507,2026-01-12,South,M. Okafor,Enterprise,Hardware,Falcon Laptop,1,1895.87,0.101,1704.39,No
ORD-003508,2026-01-12,South,M. Okafor,Mid-Market,Software,DataLens License,1,547.38,0.021,535.89,No
ORD-003509,2026-01-12,East,J. Kim,SMB,Accessories,Laptop Sleeve,1,56.38,0.074,52.21,No
ORD-003510,2026-01-12,West,D. Rossi,Mid-Market,Services,Priority Support,1,1457.09,0.004,1451.26,No
ORD-003511,2026-01-12,South,M. Okafor,Mid-Market,Software,FlowSuite License,3,141.76,0.144,364.04,No
ORD-003512,2026-01-12,East,L. Nguyen,SMB,Hardware,Falcon Laptop,2,1067.32,0.071,1983.08,No
ORD-003513,2026-01-12,North,R. Diaz,Enterprise,Accessories,Webcam HD,4,78.28,0.186,254.88,Yes
ORD-003514,2026-01-13,North,R. Diaz,Mid-Market,Hardware,Falcon Laptop,1,1100.89,0.009,1090.98,No
ORD-003515,2026-01-13,North,A. Chen,Mid-Market,Accessories,Laptop Sleeve,7,46.14,0.08,297.14,No
ORD-003516,2026-01-13,North,A. Chen,Mid-Market,Services,Custom Training,1,610.51,0.116,539.69,No
ORD-003517,2026-01-13,East,J. Kim,Enterprise,Software,FlowSuite License,1,250.35,0.228,193.27,No
ORD-003518,2026-01-13,East,L. Nguyen,Mid-Market,Hardware,Nimbus Monitor,2,1947.92,0.101,3502.36,No
ORD-003519,2026-01-13,East,J. Kim,SMB,Software,SecureGuard License,1,248.76,0.005,247.52,No
ORD-003520,2026-01-13,East,L. Nguyen,Mid-Market,Accessories,Wireless Mouse,1,27.88,0.059,26.24,No
ORD-003521,2026-01-13,West,D. Rossi,Mid-Market,Services,Custom Training,1,1388.86,0.021,1359.69,No
ORD-003522,2026-01-13,South,M. Okafor,SMB,Accessories,Wireless Mouse,1,76.44,0.021,74.83,No
ORD-003523,2026-01-13,East,J. Kim,SMB,Hardware,Nimbus Monitor,1,1777.87,0.013,1754.76,No
ORD-003524,2026-01-13,North,A. Chen,SMB,Software,FlowSuite License,2,275.5,0.021,539.43,No
ORD-003525,2026-01-13,North,A. Chen,Mid-Market,Software,FlowSuite License,2,131.51,0.096,237.77,No
ORD-003526,2026-01-13,South,M. Okafor,SMB,Accessories,Wireless Mouse,1,39.07,0.055,36.92,No
ORD-003527,2026-01-14,East,L. Nguyen,SMB,Services,Priority Support,2,1169.09,0.072,2169.83,No
ORD-003528,2026-01-14,South,S. Patel,Mid-Market,Software,FlowSuite License,1,557.07,0.1,501.36,No
ORD-003529,2026-01-14,North,R. Diaz,Mid-Market,Services,Onboarding Package,1,940.86,0.051,892.88,No
ORD-003530,2026-01-14,East,J. Kim,SMB,Hardware,Nimbus Monitor,1,1013.52,0.007,1006.43,No
ORD-003531,2026-01-14,North,A. Chen,SMB,Software,SecureGuard License,1,295.47,0.065,276.26,No
ORD-003532,2026-01-14,North,R. Diaz,Mid-Market,Accessories,Laptop Sleeve,2,28.71,0.137,49.55,No
ORD-003533,2026-01-14,West,T. Brooks,Mid-Market,Software,SecureGuard License,2,452.63,0.101,813.83,No
ORD-003534,2026-01-15,North,A. Chen,Mid-Market,Software,SecureGuard License,1,385.41,0.115,341.09,No
ORD-003535,2026-01-15,West,D. Rossi,Enterprise,Software,SecureGuard License,1,406.42,0.199,325.54,No
ORD-003536,2026-01-15,North,R. Diaz,Enterprise,Accessories,Wireless Mouse,4,65.99,0.149,224.63,No
ORD-003537,2026-01-15,West,D. Rossi,Mid-Market,Software,SecureGuard License,2,586.62,0.099,1057.09,No
ORD-003538,2026-01-15,East,L. Nguyen,SMB,Accessories,USB-C Hub,6,109.67,0.042,630.38,No
ORD-003539,2026-01-15,West,T. Brooks,Mid-Market,Services,Onboarding Package,1,1345.09,0.045,1284.56,No
ORD-003540,2026-01-15,East,J. Kim,SMB,Accessories,Wireless Mouse,7,62.76,0.076,405.93,No
ORD-003541,2026-01-16,North,A. Chen,Mid-Market,Software,DataLens License,2,177.86,0.056,335.8,No
ORD-003542,2026-01-16,North,R. Diaz,Mid-Market,Services,Priority Support,3,1240.28,0.114,3296.66,No
ORD-003543,2026-01-16,South,S. Patel,Mid-Market,Software,FlowSuite License,1,405.81,0.103,364.01,No
ORD-003544,2026-01-16,South,S. Patel,SMB,Hardware,Nimbus Monitor,1,2377.13,0.07,2210.73,No
ORD-003545,2026-01-16,North,R. Diaz,SMB,Services,Custom Training,1,514.42,0.076,475.32,No
ORD-003546,2026-01-17,West,D. Rossi,Enterprise,Accessories,Wireless Mouse,5,46.27,0.172,191.56,Yes
ORD-003547,2026-01-17,East,L. Nguyen,SMB,Services,Priority Support,2,439.21,0.018,862.61,No
ORD-003548,2026-01-17,West,D. Rossi,Mid-Market,Software,DataLens License,1,386.22,0.04,370.77,No
ORD-003549,2026-01-17,South,S. Patel,SMB,Accessories,Webcam HD,1,101.96,0.008,101.14,No
ORD-003550,2026-01-17,East,J. Kim,Enterprise,Software,FlowSuite License,1,547.22,0.055,517.12,No
ORD-003551,2026-01-17,East,J. Kim,Enterprise,Accessories,USB-C Hub,1,58.79,0.151,49.91,No
ORD-003552,2026-01-17,East,J. Kim,SMB,Hardware,Falcon Laptop,3,2440.23,0.008,7262.12,No
ORD-003553,2026-01-18,East,L. Nguyen,Mid-Market,Software,FlowSuite License,1,315.69,0.144,270.23,No
ORD-003554,2026-01-18,East,J. Kim,SMB,Hardware,Titan Desktop,2,1390.54,0.025,2711.55,No
ORD-003555,2026-01-18,West,T. Brooks,Mid-Market,Services,Priority Support,1,518.46,0.079,477.5,No
ORD-003556,2026-01-18,North,R. Diaz,Mid-Market,Accessories,USB-C Hub,1,73.09,0.092,66.37,No
ORD-003557,2026-01-18,East,J. Kim,SMB,Services,Priority Support,3,955.07,0.028,2784.98,No
ORD-003558,2026-01-18,West,T. Brooks,Enterprise,Accessories,Wireless Mouse,2,48.56,0.166,81.0,No
ORD-003559,2026-01-18,North,A. Chen,Mid-Market,Software,DataLens License,4,386.23,0.083,1416.69,No
ORD-003560,2026-01-18,West,T. Brooks,Enterprise,Software,DataLens License,6,386.46,0.246,1748.35,No
ORD-003561,2026-01-18,South,S. Patel,SMB,Accessories,Wireless Mouse,3,94.64,0.002,283.35,No
ORD-003562,2026-01-18,West,T. Brooks,SMB,Hardware,Falcon Laptop,3,1846.26,0.037,5333.85,No
ORD-003563,2026-01-19,East,L. Nguyen,SMB,Services,Custom Training,1,1259.01,0.007,1250.2,No
ORD-003564,2026-01-19,North,A. Chen,Mid-Market,Hardware,Nimbus Monitor,2,1879.72,0.012,3714.33,Yes
ORD-003565,2026-01-19,South,M. Okafor,SMB,Hardware,Falcon Laptop,1,1011.29,0.01,1001.18,No
ORD-003566,2026-01-19,East,L. Nguyen,SMB,Software,DataLens License,2,574.79,0.069,1070.26,No
ORD-003567,2026-01-19,North,A. Chen,Mid-Market,Software,SecureGuard License,1,552.72,0.092,501.87,No
ORD-003568,2026-01-19,North,A. Chen,Mid-Market,Software,FlowSuite License,1,430.71,0.068,401.42,No
ORD-003569,2026-01-19,North,R. Diaz,SMB,Accessories,Laptop Sleeve,1,53.65,0.067,50.06,No
ORD-003570,2026-01-19,North,R. Diaz,Enterprise,Hardware,Falcon Laptop,1,1512.54,0.122,1328.01,No
ORD-003571,2026-01-19,North,A. Chen,SMB,Accessories,Laptop Sleeve,2,75.85,0.01,150.18,No
ORD-003572,2026-01-19,West,D. Rossi,SMB,Accessories,Webcam HD,5,23.88,0.077,110.21,No
ORD-003573,2026-01-19,North,A. Chen,SMB,Services,Custom Training,2,827.42,0.067,1543.97,No
ORD-003574,2026-01-19,North,A. Chen,Mid-Market,Accessories,Webcam HD,3,43.4,0.09,118.48,No
ORD-003575,2026-01-20,North,R. Diaz,Mid-Market,Software,FlowSuite License,3,123.36,0.015,364.53,No
ORD-003576,2026-01-20,North,R. Diaz,SMB,Services,Priority Support,3,1260.2,0.077,3489.49,No
ORD-003577,2026-01-20,East,L. Nguyen,SMB,Software,FlowSuite License,1,353.17,0.062,331.27,No
ORD-003578,2026-01-20,South,M. Okafor,Enterprise,Services,Priority Support,2,1015.14,0.041,1947.04,No
ORD-003579,2026-01-20,West,T. Brooks,SMB,Software,FlowSuite License,2,496.63,0.052,941.61,No
ORD-003580,2026-01-20,South,M. Okafor,Enterprise,Hardware,Falcon Laptop,3,1264.91,0.11,3377.31,No
ORD-003581,2026-01-20,North,R. Diaz,Enterprise,Software,SecureGuard License,3,503.77,0.236,1154.64,No
ORD-003582,2026-01-20,North,A. Chen,SMB,Software,SecureGuard License,2,412.8,0.043,790.1,No
ORD-003583,2026-01-20,South,S. Patel,Mid-Market,Hardware,Nimbus Monitor,2,1888.86,0.037,3637.94,No
ORD-003584,2026-01-20,North,A. Chen,SMB,Software,FlowSuite License,1,427.09,0.014,421.11,No
ORD-003585,2026-01-20,East,J. Kim,SMB,Software,DataLens License,2,422.05,0.06,793.45,No
ORD-003586,2026-01-20,North,A. Chen,SMB,Hardware,Titan Desktop,2,1044.64,0.058,1968.1,No
ORD-003587,2026-01-21,East,L. Nguyen,Enterprise,Accessories,Wireless Mouse,5,71.29,0.055,336.85,No
ORD-003588,2026-01-21,East,L. Nguyen,Enterprise,Hardware,Titan Desktop,1,1946.82,0.085,1781.34,No
ORD-003589,2026-01-21,West,D. Rossi,SMB,Software,DataLens License,2,485.61,0.069,904.21,No
ORD-003590,2026-01-21,West,D. Rossi,Mid-Market,Accessories,USB-C Hub,1,66.12,0.096,59.77,Yes
ORD-003591,2026-01-21,West,T. Brooks,Enterprise,Software,FlowSuite License,2,383.72,0.051,728.3,No
ORD-003592,2026-01-21,West,D. Rossi,SMB,Hardware,Falcon Laptop,1,1901.67,0.003,1895.96,No
ORD-003593,2026-01-21,North,A. Chen,Enterprise,Hardware,Nimbus Monitor,4,1502.31,0.014,5925.11,No
ORD-003594,2026-01-21,North,A. Chen,SMB,Hardware,Falcon Laptop,1,1001.45,0.058,943.37,No
ORD-003595,2026-01-21,East,J. Kim,SMB,Hardware,Titan Desktop,1,1296.86,0.057,1222.94,No
ORD-003596,2026-01-21,West,D. Rossi,SMB,Hardware,Nimbus Monitor,1,1989.52,0.051,1888.05,No
ORD-003597,2026-01-21,North,R. Diaz,Mid-Market,Software,FlowSuite License,1,233.79,0.072,216.96,No
ORD-003598,2026-01-21,North,A. Chen,SMB,Accessories,USB-C Hub,4,59.37,0.067,221.57,No
ORD-003599,2026-01-21,South,M. Okafor,Mid-Market,Accessories,Webcam HD,2,15.71,0.011,31.07,No
ORD-003600,2026-01-21,West,T. Brooks,Enterprise,Accessories,Laptop Sleeve,2,65.87,0.239,100.25,No
ORD-003601,2026-01-22,East,L. Nguyen,Mid-Market,Services,Onboarding Package,1,1053.98,0.003,1050.82,No
ORD-003602,2026-01-22,East,L. Nguyen,Enterprise,Accessories,Webcam HD,6,64.17,0.037,370.77,No
ORD-003603,2026-01-22,East,J. Kim,Mid-Market,Accessories,USB-C Hub,1,96.77,0.024,94.45,No
ORD-003604,2026-01-22,North,A. Chen,SMB,Accessories,Laptop Sleeve,1,36.88,0.032,35.7,No
ORD-003605,2026-01-22,West,D. Rossi,Mid-Market,Services,Custom Training,2,824.21,0.053,1561.05,No
ORD-003606,2026-01-22,East,L. Nguyen,SMB,Hardware,Titan Desktop,3,1514.94,0.024,4435.74,No
ORD-003607,2026-01-22,East,J. Kim,Enterprise,Hardware,Falcon Laptop,1,2038.05,0.07,1895.39,No
ORD-003608,2026-01-23,East,L. Nguyen,SMB,Software,FlowSuite License,1,152.39,0.056,143.86,No
ORD-003609,2026-01-23,South,M. Okafor,SMB,Hardware,Nimbus Monitor,2,2275.02,0.079,4190.59,No
ORD-003610,2026-01-23,South,S. Patel,SMB,Software,SecureGuard License,2,343.22,0.033,663.79,No
ORD-003611,2026-01-23,East,L. Nguyen,Mid-Market,Hardware,Nimbus Monitor,2,2091.84,0.058,3941.03,No
ORD-003612,2026-01-23,West,T. Brooks,SMB,Accessories,USB-C Hub,4,34.6,0.017,136.05,No
ORD-003613,2026-01-23,West,T. Brooks,Mid-Market,Services,Priority Support,1,589.38,0.063,552.25,No
ORD-003614,2026-01-23,West,T. Brooks,SMB,Hardware,Falcon Laptop,1,1843.59,0.014,1817.78,No
ORD-003615,2026-01-23,West,D. Rossi,Enterprise,Hardware,Falcon Laptop,2,1591.28,0.051,3020.25,No
ORD-003616,2026-01-23,South,M. Okafor,Enterprise,Accessories,Webcam HD,3,94.96,0.172,235.88,No
ORD-003617,2026-01-23,South,M. Okafor,SMB,Accessories,Laptop Sleeve,1,95.33,0.064,89.23,Yes
ORD-003618,2026-01-23,South,M. Okafor,Mid-Market,Software,SecureGuard License,1,221.24,0.059,208.19,No
ORD-003619,2026-01-23,West,D. Rossi,Mid-Market,Software,DataLens License,2,244.67,0.028,475.64,No
ORD-003620,2026-01-23,North,A. Chen,Mid-Market,Accessories,USB-C Hub,3,78.03,0.056,220.98,No
ORD-003621,2026-01-23,North,R. Diaz,Enterprise,Accessories,Webcam HD,1,88.2,0.013,87.05,No
ORD-003622,2026-01-23,East,L. Nguyen,SMB,Services,Onboarding Package,2,1396.73,0.073,2589.54,No
ORD-003623,2026-01-24,South,M. Okafor,SMB,Software,FlowSuite License,1,562.56,0.079,518.12,No
ORD-003624,2026-01-24,West,T. Brooks,SMB,Software,FlowSuite License,2,361.77,0.068,674.34,No
ORD-003625,2026-01-24,West,D. Rossi,SMB,Accessories,Wireless Mouse,2,77.9,0.018,153.0,No
ORD-003626,2026-01-24,North,A. Chen,Mid-Market,Hardware,Nimbus Monitor,2,1058.51,0.102,1901.08,No
ORD-003627,2026-01-24,South,M. Okafor,SMB,Accessories,Webcam HD,1,102.61,0.039,98.61,No
ORD-003628,2026-01-24,East,J. Kim,Mid-Market,Accessories,Laptop Sleeve,2,114.79,0.109,204.56,No
ORD-003629,2026-01-24,East,J. Kim,Mid-Market,Accessories,USB-C Hub,6,35.25,0.029,205.37,No
ORD-003630,2026-01-24,West,T. Brooks,Mid-Market,Software,SecureGuard License,1,420.45,0.024,410.36,No
ORD-003631,2026-01-24,East,J. Kim,Mid-Market,Services,Custom Training,1,955.5,0.012,944.03,No
ORD-003632,2026-01-24,East,L. Nguyen,Mid-Market,Accessories,Laptop Sleeve,6,35.87,0.045,205.54,No
ORD-003633,2026-01-24,West,D. Rossi,SMB,Accessories,Laptop Sleeve,1,97.91,0.017,96.25,No
ORD-003634,2026-01-25,South,S. Patel,SMB,Accessories,Webcam HD,6,40.96,0.068,229.05,No
ORD-003635,2026-01-25,South,S. Patel,SMB,Software,FlowSuite License,1,535.72,0.004,533.58,No
ORD-003636,2026-01-25,North,A. Chen,SMB,Services,Priority Support,1,382.81,0.015,377.07,No
ORD-003637,2026-01-25,South,S. Patel,Mid-Market,Services,Onboarding Package,1,662.98,0.074,613.92,No
ORD-003638,2026-01-25,South,M. Okafor,Mid-Market,Services,Onboarding Package,1,1004.24,0.087,916.87,No
ORD-003639,2026-01-25,South,M. Okafor,Mid-Market,Services,Priority Support,1,686.76,0.038,660.66,No
ORD-003640,2026-01-26,West,D. Rossi,SMB,Software,SecureGuard License,1,220.24,0.045,210.33,No
ORD-003641,2026-01-26,East,L. Nguyen,SMB,Hardware,Titan Desktop,4,2243.48,0.066,8381.64,Yes
ORD-003642,2026-01-26,West,D. Rossi,Mid-Market,Services,Onboarding Package,1,867.37,0.05,824.0,No
ORD-003643,2026-01-26,West,T. Brooks,SMB,Hardware,Falcon Laptop,1,948.78,0.024,926.01,Yes
ORD-003644,2026-01-26,North,R. Diaz,Enterprise,Software,SecureGuard License,1,583.55,0.02,571.88,No
ORD-003645,2026-01-26,South,M. Okafor,SMB,Hardware,Falcon Laptop,4,2405.26,0.041,9226.58,No
ORD-003646,2026-01-26,North,A. Chen,Mid-Market,Services,Onboarding Package,4,747.88,0.038,2877.84,No
ORD-003647,2026-01-26,South,S. Patel,SMB,Accessories,Laptop Sleeve,2,105.59,0.057,199.14,No
ORD-003648,2026-01-27,South,M. Okafor,SMB,Hardware,Nimbus Monitor,3,2203.52,0.009,6551.06,No
ORD-003649,2026-01-27,West,D. Rossi,SMB,Hardware,Titan Desktop,1,1950.34,0.057,1839.17,No
ORD-003650,2026-01-27,North,R. Diaz,Mid-Market,Accessories,Webcam HD,3,90.07,0.013,266.7,No
ORD-003651,2026-01-27,West,D. Rossi,Mid-Market,Hardware,Titan Desktop,2,951.52,0.046,1815.5,No
ORD-003652,2026-01-27,South,S. Patel,Enterprise,Accessories,Wireless Mouse,4,20.9,0.012,82.6,No
ORD-003653,2026-01-27,West,T. Brooks,Mid-Market,Accessories,USB-C Hub,3,33.02,0.067,92.42,No
ORD-003654,2026-01-27,North,A. Chen,SMB,Software,FlowSuite License,2,543.68,0.012,1074.31,No
ORD-003655,2026-01-27,South,S. Patel,SMB,Accessories,Webcam HD,3,88.13,0.048,251.7,Yes
ORD-003656,2026-01-27,West,T. Brooks,SMB,Hardware,Falcon Laptop,3,1174.52,0.046,3361.48,No
ORD-003657,2026-01-28,North,R. Diaz,Mid-Market,Hardware,Titan Desktop,3,1351.45,0.115,3588.1,No
ORD-003658,2026-01-28,West,D. Rossi,SMB,Software,DataLens License,1,190.23,0.03,184.52,No
ORD-003659,2026-01-28,North,A. Chen,SMB,Hardware,Titan Desktop,1,2256.65,0.046,2152.84,No
ORD-003660,2026-01-28,East,J. Kim,Mid-Market,Software,FlowSuite License,1,483.63,0.081,444.46,No
ORD-003661,2026-01-28,North,R. Diaz,SMB,Accessories,Wireless Mouse,1,94.38,0.054,89.28,No
ORD-003662,2026-01-28,East,L. Nguyen,Mid-Market,Accessories,Webcam HD,3,70.59,0.071,196.73,Yes
ORD-003663,2026-01-28,East,L. Nguyen,SMB,Hardware,Titan Desktop,2,2179.42,0.003,4345.76,No
ORD-003664,2026-01-29,South,S. Patel,SMB,Software,SecureGuard License,1,576.92,0.078,531.92,No
ORD-003665,2026-01-29,South,M. Okafor,Mid-Market,Accessories,USB-C Hub,3,87.47,0.045,250.6,No
ORD-003666,2026-01-29,East,J. Kim,SMB,Hardware,Nimbus Monitor,1,2207.3,0.03,2141.08,No
ORD-003667,2026-01-29,North,R. Diaz,SMB,Software,SecureGuard License,1,566.53,0.058,533.67,Yes
ORD-003668,2026-01-29,South,M. Okafor,SMB,Hardware,Nimbus Monitor,1,1799.09,0.06,1691.14,No
ORD-003669,2026-01-29,North,R. Diaz,Mid-Market,Software,DataLens License,2,454.53,0.012,898.15,No
ORD-003670,2026-01-29,South,S. Patel,Enterprise,Hardware,Titan Desktop,2,1325.2,0.038,2549.68,No
ORD-003671,2026-01-29,South,S. Patel,Enterprise,Software,DataLens License,2,533.37,0.049,1014.47,No
ORD-003672,2026-01-29,South,S. Patel,SMB,Accessories,Wireless Mouse,2,34.88,0.053,66.06,No
ORD-003673,2026-01-30,East,J. Kim,SMB,Accessories,USB-C Hub,2,83.45,0.069,155.38,No
ORD-003674,2026-01-30,East,J. Kim,SMB,Accessories,Laptop Sleeve,2,19.6,0.063,36.73,No
ORD-003675,2026-01-30,North,R. Diaz,Mid-Market,Software,DataLens License,1,525.18,0.142,450.6,No
ORD-003676,2026-01-30,North,R. Diaz,SMB,Accessories,Webcam HD,2,33.48,0.079,61.67,No
ORD-003677,2026-01-30,South,M. Okafor,Mid-Market,Software,FlowSuite License,2,335.7,0.132,582.78,No
ORD-003678,2026-01-30,North,R. Diaz,Mid-Market,Software,FlowSuite License,1,511.74,0.137,441.63,No
ORD-003679,2026-01-30,North,R. Diaz,Mid-Market,Software,SecureGuard License,1,405.3,0.101,364.36,No
ORD-003680,2026-01-30,West,D. Rossi,SMB,Software,SecureGuard License,1,373.87,0.0,373.87,No
ORD-003681,2026-01-31,East,J. Kim,Mid-Market,Hardware,Falcon Laptop,2,2208.6,0.087,4032.9,No
ORD-003682,2026-01-31,West,T. Brooks,Mid-Market,Software,FlowSuite License,1,553.67,0.024,540.38,No
ORD-003683,2026-01-31,North,R. Diaz,SMB,Software,FlowSuite License,3,576.93,0.005,1722.14,No
ORD-003684,2026-01-31,East,J. Kim,Enterprise,Accessories,Webcam HD,3,47.33,0.025,138.44,No
ORD-003685,2026-01-31,West,D. Rossi,Mid-Market,Hardware,Nimbus Monitor,3,1839.74,0.082,5066.64,No
ORD-003686,2026-01-31,North,R. Diaz,SMB,Services,Onboarding Package,2,1147.31,0.019,2251.02,No
ORD-003687,2026-01-31,West,T. Brooks,SMB,Hardware,Falcon Laptop,2,2187.79,0.06,4113.05,No
ORD-003688,2026-01-31,South,S. Patel,SMB,Services,Priority Support,2,1329.53,0.003,2651.08,No
ORD-003689,2026-01-31,South,M. Okafor,SMB,Accessories,Laptop Sleeve,4,37.89,0.024,147.92,No
ORD-003690,2026-01-31,East,J. Kim,Mid-Market,Accessories,Wireless Mouse,7,77.86,0.037,524.85,No
ORD-003691,2026-01-31,South,S. Patel,Mid-Market,Services,Custom Training,1,475.63,0.088,433.77,No
ORD-003692,2026-01-31,East,J. Kim,Enterprise,Accessories,Wireless Mouse,1,68.1,0.116,60.2,No
ORD-003693,2026-02-01,East,J. Kim,SMB,Services,Custom Training,1,508.52,0.008,504.45,No
ORD-003694,2026-02-01,North,A. Chen,SMB,Accessories,Wireless Mouse,3,50.36,0.02,148.06,No
ORD-003695,2026-02-01,East,J. Kim,Mid-Market,Services,Onboarding Package,2,931.07,0.098,1679.65,No
ORD-003696,2026-02-01,South,M. Okafor,Enterprise,Services,Onboarding Package,1,328.69,0.091,298.78,No
ORD-003697,2026-02-01,South,S. Patel,Enterprise,Accessories,Webcam HD,3,100.31,0.11,267.83,No
ORD-003698,2026-02-01,North,A. Chen,SMB,Services,Custom Training,1,450.03,0.012,444.63,No
ORD-003699,2026-02-02,South,M. Okafor,SMB,Accessories,USB-C Hub,5,38.45,0.017,188.98,No
ORD-003700,2026-02-02,South,M. Okafor,Mid-Market,Services,Priority Support,1,1233.35,0.116,1090.28,No
ORD-003701,2026-02-02,North,A. Chen,Mid-Market,Accessories,Webcam HD,1,36.61,0.049,34.82,No
ORD-003702,2026-02-02,West,T. Brooks,Mid-Market,Accessories,Laptop Sleeve,3,116.89,0.042,335.94,No
ORD-003703,2026-02-02,East,J. Kim,SMB,Hardware,Titan Desktop,3,989.79,0.008,2945.62,No
ORD-003704,2026-02-02,North,R. Diaz,Mid-Market,Services,Custom Training,3,429.51,0.141,1106.85,No
ORD-003705,2026-02-02,North,R. Diaz,SMB,Software,DataLens License,1,259.86,0.002,259.34,No
ORD-003706,2026-02-02,South,S. Patel,SMB,Hardware,Nimbus Monitor,2,1974.93,0.018,3878.76,No
ORD-003707,2026-02-02,West,D. Rossi,Enterprise,Software,FlowSuite License,2,498.7,0.178,819.86,No
ORD-003708,2026-02-02,East,L. Nguyen,SMB,Accessories,Wireless Mouse,2,25.21,0.07,46.89,No
ORD-003709,2026-02-02,South,M. Okafor,SMB,Accessories,Wireless Mouse,4,81.54,0.025,318.01,No
ORD-003710,2026-02-02,South,M. Okafor,SMB,Software,SecureGuard License,1,306.66,0.026,298.69,No
ORD-003711,2026-02-03,West,D. Rossi,SMB,Accessories,USB-C Hub,3,25.82,0.073,71.81,No
ORD-003712,2026-02-03,South,M. Okafor,SMB,Hardware,Falcon Laptop,1,2125.07,0.014,2095.32,No
ORD-003713,2026-02-03,West,T. Brooks,Mid-Market,Accessories,USB-C Hub,2,62.1,0.025,121.09,No
ORD-003714,2026-02-03,East,J. Kim,SMB,Hardware,Falcon Laptop,1,2066.71,0.033,1998.51,No
ORD-003715,2026-02-03,North,R. Diaz,SMB,Software,DataLens License,2,213.51,0.035,412.07,No
ORD-003716,2026-02-03,West,T. Brooks,SMB,Accessories,Wireless Mouse,2,35.7,0.04,68.54,No
ORD-003717,2026-02-03,West,D. Rossi,Mid-Market,Accessories,Laptop Sleeve,2,43.21,0.031,83.74,No
ORD-003718,2026-02-03,South,S. Patel,SMB,Hardware,Falcon Laptop,1,956.75,0.024,933.79,No
ORD-003719,2026-02-03,West,T. Brooks,Enterprise,Hardware,Titan Desktop,1,2459.1,0.091,2235.32,No
ORD-003720,2026-02-04,East,L. Nguyen,Mid-Market,Hardware,Nimbus Monitor,1,2125.43,0.079,1957.52,No
ORD-003721,2026-02-04,East,L. Nguyen,SMB,Services,Custom Training,1,746.04,0.003,743.8,No
ORD-003722,2026-02-04,North,A. Chen,Enterprise,Accessories,Laptop Sleeve,2,35.38,0.054,66.94,No
ORD-003723,2026-02-04,East,J. Kim,Enterprise,Hardware,Nimbus Monitor,1,1439.47,0.172,1191.88,No
ORD-003724,2026-02-04,North,A. Chen,SMB,Accessories,USB-C Hub,5,97.92,0.057,461.69,No
ORD-003725,2026-02-04,South,S. Patel,SMB,Accessories,Webcam HD,3,110.06,0.055,312.02,No
ORD-003726,2026-02-04,North,R. Diaz,SMB,Software,DataLens License,1,158.34,0.001,158.18,No
ORD-003727,2026-02-04,West,D. Rossi,Mid-Market,Software,DataLens License,1,554.35,0.128,483.39,No
ORD-003728,2026-02-04,West,D. Rossi,Mid-Market,Accessories,USB-C Hub,3,91.45,0.147,234.02,No
ORD-003729,2026-02-05,East,L. Nguyen,SMB,Hardware,Nimbus Monitor,2,1301.99,0.065,2434.72,No
ORD-003730,2026-02-05,East,J. Kim,SMB,Hardware,Falcon Laptop,1,1750.23,0.068,1631.21,No
ORD-003731,2026-02-05,West,D. Rossi,SMB,Software,SecureGuard License,1,409.89,0.007,407.02,No
ORD-003732,2026-02-05,North,R. Diaz,Mid-Market,Software,SecureGuard License,1,516.94,0.006,513.84,No
ORD-003733,2026-02-05,East,L. Nguyen,Enterprise,Services,Onboarding Package,1,1344.65,0.011,1329.86,No
ORD-003734,2026-02-05,North,A. Chen,SMB,Software,FlowSuite License,1,426.69,0.044,407.92,No
ORD-003735,2026-02-05,East,L. Nguyen,SMB,Software,SecureGuard License,1,585.93,0.06,550.77,No
ORD-003736,2026-02-05,West,D. Rossi,SMB,Software,SecureGuard License,1,574.71,0.028,558.62,No
ORD-003737,2026-02-06,South,M. Okafor,SMB,Hardware,Nimbus Monitor,1,1556.14,0.008,1543.69,No
ORD-003738,2026-02-06,South,S. Patel,Mid-Market,Services,Onboarding Package,1,706.53,0.018,693.81,No
ORD-003739,2026-02-06,West,T. Brooks,Enterprise,Software,SecureGuard License,1,573.88,0.229,442.46,No
ORD-003740,2026-02-06,North,A. Chen,SMB,Software,SecureGuard License,3,340.19,0.069,950.15,No
ORD-003741,2026-02-06,South,S. Patel,SMB,Accessories,USB-C Hub,3,96.44,0.044,276.59,No
ORD-003742,2026-02-07,North,R. Diaz,SMB,Software,DataLens License,1,502.5,0.016,494.46,No
ORD-003743,2026-02-07,North,A. Chen,Mid-Market,Software,SecureGuard License,1,226.67,0.138,195.39,No
ORD-003744,2026-02-07,East,L. Nguyen,SMB,Hardware,Titan Desktop,1,2267.03,0.077,2092.47,No
ORD-003745,2026-02-07,East,L. Nguyen,SMB,Software,SecureGuard License,2,318.08,0.076,587.81,No
ORD-003746,2026-02-07,West,D. Rossi,Enterprise,Software,FlowSuite License,1,466.39,0.207,369.85,No
ORD-003747,2026-02-07,East,L. Nguyen,SMB,Services,Custom Training,4,340.35,0.021,1332.81,No
ORD-003748,2026-02-07,South,S. Patel,Mid-Market,Accessories,USB-C Hub,1,19.05,0.05,18.1,No
ORD-003749,2026-02-08,West,T. Brooks,Enterprise,Accessories,USB-C Hub,3,19.79,0.233,45.54,No
ORD-003750,2026-02-08,South,M. Okafor,SMB,Software,FlowSuite License,1,420.77,0.065,393.42,No
ORD-003751,2026-02-08,South,S. Patel,SMB,Accessories,Laptop Sleeve,4,61.55,0.072,228.47,No
ORD-003752,2026-02-08,North,A. Chen,Enterprise,Software,FlowSuite License,2,580.05,0.121,1019.73,No
ORD-003753,2026-02-08,North,A. Chen,Mid-Market,Accessories,Laptop Sleeve,3,85.75,0.116,227.41,No
ORD-003754,2026-02-08,East,L. Nguyen,Mid-Market,Hardware,Falcon Laptop,1,2233.78,0.09,2032.74,No
ORD-003755,2026-02-08,East,J. Kim,Mid-Market,Accessories,Laptop Sleeve,3,98.85,0.125,259.48,No
ORD-003756,2026-02-08,East,J. Kim,Mid-Market,Hardware,Nimbus Monitor,2,1707.73,0.071,3172.96,No
ORD-003757,2026-02-08,East,L. Nguyen,Mid-Market,Software,FlowSuite License,2,541.42,0.051,1027.62,No
ORD-003758,2026-02-08,South,S. Patel,SMB,Services,Onboarding Package,1,1046.65,0.073,970.24,No
ORD-003759,2026-02-08,South,M. Okafor,Enterprise,Accessories,Laptop Sleeve,3,100.94,0.04,290.71,No
ORD-003760,2026-02-08,South,M. Okafor,SMB,Hardware,Nimbus Monitor,1,2356.69,0.004,2347.26,No
ORD-003761,2026-02-08,South,S. Patel,SMB,Accessories,Webcam HD,1,33.65,0.068,31.36,No
ORD-003762,2026-02-09,North,R. Diaz,Mid-Market,Hardware,Falcon Laptop,1,2487.27,0.078,2293.26,No
ORD-003763,2026-02-09,East,J. Kim,SMB,Services,Priority Support,1,769.29,0.026,749.29,No
ORD-003764,2026-02-09,West,D. Rossi,SMB,Software,SecureGuard License,1,169.26,0.031,164.01,No
ORD-003765,2026-02-09,East,J. Kim,SMB,Hardware,Falcon Laptop,2,1014.52,0.067,1893.09,No
ORD-003766,2026-02-09,East,L. Nguyen,Enterprise,Software,FlowSuite License,1,597.09,0.054,564.85,No
ORD-003767,2026-02-09,South,M. Okafor,SMB,Hardware,Nimbus Monitor,1,1648.38,0.06,1549.48,No
ORD-003768,2026-02-09,East,J. Kim,SMB,Services,Custom Training,1,725.63,0.011,717.65,No
ORD-003769,2026-02-09,South,M. Okafor,SMB,Software,SecureGuard License,2,217.86,0.048,414.81,No
ORD-003770,2026-02-09,West,D. Rossi,Enterprise,Software,SecureGuard License,1,518.22,0.152,439.45,No
ORD-003771,2026-02-09,West,T. Brooks,Mid-Market,Accessories,Laptop Sleeve,2,60.46,0.135,104.6,No
ORD-003772,2026-02-09,North,R. Diaz,SMB,Accessories,USB-C Hub,4,74.2,0.004,295.61,Yes
ORD-003773,2026-02-09,North,A. Chen,Enterprise,Software,SecureGuard License,1,387.51,0.157,326.67,No
ORD-003774,2026-02-10,West,T. Brooks,Enterprise,Services,Onboarding Package,1,883.57,0.051,838.51,No
ORD-003775,2026-02-10,East,L. Nguyen,Mid-Market,Hardware,Titan Desktop,3,2258.01,0.099,6103.4,No
ORD-003776,2026-02-10,West,T. Brooks,Enterprise,Software,DataLens License,1,369.28,0.22,288.04,No
ORD-003777,2026-02-10,West,T. Brooks,SMB,Accessories,Laptop Sleeve,2,27.15,0.018,53.32,No
ORD-003778,2026-02-11,North,R. Diaz,SMB,Services,Custom Training,2,1295.2,0.022,2533.41,No
ORD-003779,2026-02-11,North,R. Diaz,SMB,Software,DataLens License,1,531.6,0.078,490.14,No
ORD-003780,2026-02-11,East,J. Kim,Enterprise,Hardware,Nimbus Monitor,2,1976.22,0.18,3241.0,No
ORD-003781,2026-02-11,South,S. Patel,Mid-Market,Software,DataLens License,2,339.65,0.024,663.0,No
ORD-003782,2026-02-11,East,J. Kim,Mid-Market,Hardware,Falcon Laptop,1,967.23,0.085,885.02,No
ORD-003783,2026-02-11,East,J. Kim,SMB,Accessories,USB-C Hub,6,73.78,0.055,418.33,No
ORD-003784,2026-02-12,South,S. Patel,Mid-Market,Software,SecureGuard License,3,579.67,0.134,1505.98,No
ORD-003785,2026-02-12,North,A. Chen,Mid-Market,Software,DataLens License,1,202.57,0.135,175.22,No
ORD-003786,2026-02-12,East,J. Kim,Mid-Market,Hardware,Falcon Laptop,2,924.26,0.022,1807.85,No
ORD-003787,2026-02-12,West,D. Rossi,Mid-Market,Hardware,Titan Desktop,1,1398.36,0.095,1265.52,No
ORD-003788,2026-02-12,East,L. Nguyen,Mid-Market,Accessories,USB-C Hub,6,90.25,0.056,511.18,No
ORD-003789,2026-02-12,South,M. Okafor,Mid-Market,Software,SecureGuard License,1,500.04,0.065,467.54,No
ORD-003790,2026-02-12,West,T. Brooks,SMB,Hardware,Nimbus Monitor,1,1534.71,0.054,1451.84,No
ORD-003791,2026-02-13,South,M. Okafor,Mid-Market,Accessories,Laptop Sleeve,2,79.12,0.039,152.07,No
ORD-003792,2026-02-13,East,L. Nguyen,Mid-Market,Accessories,Webcam HD,4,36.23,0.093,131.44,No
ORD-003793,2026-02-13,North,R. Diaz,Enterprise,Software,FlowSuite License,3,438.11,0.017,1291.99,No
ORD-003794,2026-02-13,North,R. Diaz,SMB,Software,SecureGuard License,1,292.74,0.069,272.54,No
ORD-003795,2026-02-13,East,J. Kim,Enterprise,Software,DataLens License,2,444.76,0.212,700.94,No
ORD-003796,2026-02-13,South,M. Okafor,Mid-Market,Accessories,Webcam HD,6,21.11,0.134,109.69,No
ORD-003797,2026-02-13,South,M. Okafor,Enterprise,Services,Priority Support,1,1110.24,0.171,920.39,No
ORD-003798,2026-02-13,North,R. Diaz,Mid-Market,Software,FlowSuite License,1,479.54,0.031,464.67,No
ORD-003799,2026-02-13,North,A. Chen,Mid-Market,Software,FlowSuite License,2,479.89,0.096,867.64,No
ORD-003800,2026-02-13,East,L. Nguyen,Mid-Market,Accessories,Webcam HD,2,26.47,0.125,46.32,No
ORD-003801,2026-02-14,North,A. Chen,Mid-Market,Software,DataLens License,1,155.85,0.03,151.17,No
ORD-003802,2026-02-14,West,D. Rossi,SMB,Software,FlowSuite License,1,548.97,0.038,528.11,No
ORD-003803,2026-02-14,West,T. Brooks,SMB,Services,Custom Training,1,1095.85,0.029,1064.07,No
ORD-003804,2026-02-14,West,T. Brooks,SMB,Hardware,Nimbus Monitor,1,1565.85,0.07,1456.24,No
ORD-003805,2026-02-14,East,J. Kim,Enterprise,Hardware,Nimbus Monitor,3,2092.34,0.178,5159.71,No
ORD-003806,2026-02-14,East,L. Nguyen,Mid-Market,Software,DataLens License,1,465.4,0.064,435.61,No
ORD-003807,2026-02-14,East,L. Nguyen,Enterprise,Accessories,Wireless Mouse,4,35.09,0.175,115.8,No
ORD-003808,2026-02-14,North,R. Diaz,Mid-Market,Services,Priority Support,1,1314.77,0.014,1296.36,No
ORD-003809,2026-02-14,East,L. Nguyen,SMB,Services,Custom Training,2,914.8,0.029,1776.54,No
ORD-003810,2026-02-14,West,T. Brooks,Mid-Market,Software,FlowSuite License,1,217.96,0.101,195.95,Yes
ORD-003811,2026-02-14,East,L. Nguyen,Enterprise,Software,DataLens License,1,322.58,0.205,256.45,No
ORD-003812,2026-02-14,West,D. Rossi,Enterprise,Software,DataLens License,3,459.76,0.015,1358.59,No
ORD-003813,2026-02-14,East,J. Kim,SMB,Services,Custom Training,2,776.22,0.042,1487.24,No
ORD-003814,2026-02-14,North,A. Chen,Mid-Market,Accessories,USB-C Hub,4,49.88,0.123,174.98,No
ORD-003815,2026-02-15,South,S. Patel,Mid-Market,Hardware,Titan Desktop,2,1540.83,0.007,3060.09,No
ORD-003816,2026-02-15,East,J. Kim,SMB,Accessories,Webcam HD,1,27.74,0.072,25.74,No
ORD-003817,2026-02-15,East,J. Kim,SMB,Software,DataLens License,1,556.34,0.066,519.62,No
ORD-003818,2026-02-15,West,D. Rossi,Mid-Market,Accessories,Laptop Sleeve,3,22.81,0.025,66.72,No
ORD-003819,2026-02-15,South,M. Okafor,SMB,Accessories,USB-C Hub,1,90.18,0.029,87.56,Yes
ORD-003820,2026-02-15,East,L. Nguyen,Mid-Market,Accessories,USB-C Hub,3,84.24,0.12,222.39,No
ORD-003821,2026-02-15,North,R. Diaz,Mid-Market,Services,Onboarding Package,1,825.71,0.06,776.17,No
ORD-003822,2026-02-15,East,J. Kim,SMB,Accessories,Webcam HD,2,89.9,0.067,167.75,No
ORD-003823,2026-02-15,West,D. Rossi,Mid-Market,Hardware,Titan Desktop,1,957.39,0.137,826.23,No
ORD-003824,2026-02-16,East,J. Kim,Mid-Market,Accessories,Wireless Mouse,5,75.06,0.15,319.0,No
ORD-003825,2026-02-16,East,J. Kim,SMB,Software,DataLens License,2,233.26,0.054,441.33,No
ORD-003826,2026-02-16,North,A. Chen,Enterprise,Accessories,Webcam HD,4,66.96,0.248,201.42,No
ORD-003827,2026-02-16,West,D. Rossi,SMB,Hardware,Nimbus Monitor,1,1859.32,0.033,1797.96,No
ORD-003828,2026-02-16,East,J. Kim,SMB,Software,SecureGuard License,4,142.21,0.034,549.5,No
ORD-003829,2026-02-16,South,M. Okafor,SMB,Software,FlowSuite License,2,198.74,0.001,397.08,No
ORD-003830,2026-02-17,West,D. Rossi,SMB,Accessories,Laptop Sleeve,4,119.51,0.02,468.48,No
ORD-003831,2026-02-17,East,J. Kim,SMB,Accessories,USB-C Hub,4,53.34,0.056,201.41,No
ORD-003832,2026-02-17,East,L. Nguyen,SMB,Accessories,Webcam HD,3,47.56,0.029,138.54,No
ORD-003833,2026-02-17,West,D. Rossi,SMB,Accessories,Webcam HD,1,116.88,0.038,112.44,No
ORD-003834,2026-02-17,West,D. Rossi,Mid-Market,Accessories,USB-C Hub,3,74.22,0.004,221.77,No
ORD-003835,2026-02-17,North,A. Chen,SMB,Services,Custom Training,1,753.56,0.045,719.65,No
ORD-003836,2026-02-17,North,R. Diaz,Enterprise,Accessories,USB-C Hub,1,73.69,0.234,56.45,No
ORD-003837,2026-02-17,West,D. Rossi,Mid-Market,Services,Custom Training,3,593.99,0.107,1591.3,No
ORD-003838,2026-02-18,South,S. Patel,Enterprise,Accessories,Laptop Sleeve,5,68.68,0.092,311.81,No
ORD-003839,2026-02-18,West,D. Rossi,SMB,Software,FlowSuite License,4,546.9,0.045,2089.16,No
ORD-003840,2026-02-18,North,R. Diaz,SMB,Accessories,Laptop Sleeve,6,48.98,0.048,279.77,No
ORD-003841,2026-02-18,South,S. Patel,SMB,Software,FlowSuite License,1,523.77,0.053,496.01,No
ORD-003842,2026-02-18,North,R. Diaz,SMB,Services,Custom Training,1,513.26,0.054,485.54,No
ORD-003843,2026-02-18,North,A. Chen,SMB,Services,Custom Training,3,1450.39,0.032,4211.93,No
ORD-003844,2026-02-18,North,R. Diaz,SMB,Services,Onboarding Package,1,549.61,0.071,510.59,No
ORD-003845,2026-02-18,South,S. Patel,SMB,Accessories,Webcam HD,3,27.88,0.052,79.29,Yes
ORD-003846,2026-02-18,South,M. Okafor,SMB,Services,Priority Support,2,1188.82,0.013,2346.73,No
ORD-003847,2026-02-19,North,R. Diaz,Mid-Market,Hardware,Nimbus Monitor,1,910.97,0.108,812.59,Yes
ORD-003848,2026-02-19,North,R. Diaz,Mid-Market,Accessories,Webcam HD,1,114.84,0.105,102.78,No
ORD-003849,2026-02-19,East,J. Kim,Mid-Market,Accessories,Laptop Sleeve,4,92.93,0.083,340.87,No
ORD-003850,2026-02-19,East,J. Kim,Mid-Market,Software,FlowSuite License,1,305.0,0.037,293.71,No
ORD-003851,2026-02-19,North,R. Diaz,Enterprise,Software,FlowSuite License,3,252.07,0.131,657.15,No
ORD-003852,2026-02-19,North,R. Diaz,Mid-Market,Software,SecureGuard License,1,583.55,0.144,499.52,No
ORD-003853,2026-02-19,North,R. Diaz,SMB,Accessories,Wireless Mouse,1,15.58,0.036,15.02,No
ORD-003854,2026-02-19,East,J. Kim,SMB,Hardware,Nimbus Monitor,1,1312.81,0.031,1272.11,No
ORD-003855,2026-02-20,East,J. Kim,SMB,Hardware,Titan Desktop,2,1018.64,0.075,1884.48,No
ORD-003856,2026-02-20,West,T. Brooks,SMB,Accessories,USB-C Hub,1,47.29,0.074,43.79,No
ORD-003857,2026-02-20,West,D. Rossi,SMB,Hardware,Titan Desktop,3,2248.36,0.041,6468.53,No
ORD-003858,2026-02-20,South,S. Patel,Enterprise,Hardware,Nimbus Monitor,1,1037.89,0.041,995.34,No
ORD-003859,2026-02-20,South,S. Patel,SMB,Software,SecureGuard License,1,509.04,0.049,484.1,No
ORD-003860,2026-02-20,West,D. Rossi,Enterprise,Accessories,Laptop Sleeve,6,18.39,0.225,85.51,No
ORD-003861,2026-02-20,North,R. Diaz,SMB,Services,Priority Support,1,446.53,0.016,439.39,No
ORD-003862,2026-02-20,South,M. Okafor,Mid-Market,Software,SecureGuard License,5,304.85,0.134,1320.0,No
ORD-003863,2026-02-20,North,A. Chen,Mid-Market,Accessories,Webcam HD,2,41.64,0.143,71.37,No
ORD-003864,2026-02-20,North,R. Diaz,Mid-Market,Software,FlowSuite License,1,206.22,0.052,195.5,No
ORD-003865,2026-02-20,East,J. Kim,SMB,Accessories,Webcam HD,5,45.28,0.001,226.17,No
ORD-003866,2026-02-21,East,J. Kim,Mid-Market,Accessories,Webcam HD,2,53.99,0.145,92.32,No
ORD-003867,2026-02-21,South,S. Patel,Enterprise,Hardware,Titan Desktop,3,2165.68,0.141,5580.96,No
ORD-003868,2026-02-21,South,M. Okafor,SMB,Accessories,Wireless Mouse,4,58.67,0.013,231.63,No
ORD-003869,2026-02-22,North,A. Chen,Mid-Market,Services,Priority Support,1,308.5,0.103,276.72,No
ORD-003870,2026-02-22,East,L. Nguyen,Mid-Market,Hardware,Titan Desktop,2,1789.95,0.021,3504.72,No
ORD-003871,2026-02-22,North,R. Diaz,SMB,Services,Onboarding Package,1,518.49,0.018,509.16,No
ORD-003872,2026-02-22,North,A. Chen,Mid-Market,Hardware,Titan Desktop,3,1599.43,0.136,4145.72,No
ORD-003873,2026-02-22,North,R. Diaz,SMB,Software,DataLens License,1,550.87,0.006,547.56,No
ORD-003874,2026-02-22,North,R. Diaz,Mid-Market,Accessories,Laptop Sleeve,4,24.27,0.131,84.36,No
ORD-003875,2026-02-22,North,A. Chen,SMB,Services,Onboarding Package,2,1377.15,0.018,2704.72,No
ORD-003876,2026-02-22,West,T. Brooks,Mid-Market,Accessories,USB-C Hub,2,91.15,0.083,167.17,No
ORD-003877,2026-02-22,North,A. Chen,SMB,Software,SecureGuard License,2,589.81,0.075,1091.15,No
ORD-003878,2026-02-23,West,D. Rossi,Mid-Market,Hardware,Titan Desktop,1,2120.56,0.112,1883.06,No
ORD-003879,2026-02-23,North,A. Chen,SMB,Hardware,Nimbus Monitor,1,1639.31,0.074,1518.0,No
ORD-003880,2026-02-23,West,T. Brooks,SMB,Software,FlowSuite License,1,360.0,0.079,331.56,No
ORD-003881,2026-02-23,North,A. Chen,SMB,Accessories,USB-C Hub,1,64.04,0.015,63.08,No
ORD-003882,2026-02-23,North,A. Chen,Mid-Market,Software,SecureGuard License,1,355.27,0.085,325.07,No
ORD-003883,2026-02-23,South,S. Patel,Mid-Market,Hardware,Falcon Laptop,1,1962.07,0.118,1730.55,No
ORD-003884,2026-02-23,East,L. Nguyen,Mid-Market,Accessories,Wireless Mouse,1,49.25,0.022,48.17,No
ORD-003885,2026-02-23,South,M. Okafor,Mid-Market,Software,SecureGuard License,2,427.06,0.058,804.58,No
ORD-003886,2026-02-24,West,D. Rossi,Mid-Market,Software,SecureGuard License,1,222.4,0.127,194.16,Yes
ORD-003887,2026-02-24,West,T. Brooks,SMB,Accessories,Webcam HD,4,96.99,0.06,364.68,No
ORD-003888,2026-02-24,North,A. Chen,Mid-Market,Accessories,Webcam HD,2,70.05,0.087,127.91,No
ORD-003889,2026-02-24,West,T. Brooks,SMB,Hardware,Titan Desktop,1,1670.77,0.022,1634.01,No
ORD-003890,2026-02-24,North,R. Diaz,Mid-Market,Software,FlowSuite License,1,246.91,0.03,239.5,No
ORD-003891,2026-02-25,West,D. Rossi,SMB,Services,Priority Support,1,437.11,0.065,408.7,No
ORD-003892,2026-02-25,North,R. Diaz,SMB,Services,Onboarding Package,2,926.35,0.018,1819.35,No
ORD-003893,2026-02-25,East,J. Kim,SMB,Hardware,Nimbus Monitor,1,2047.97,0.002,2043.87,No
ORD-003894,2026-02-25,East,L. Nguyen,Enterprise,Software,SecureGuard License,1,331.26,0.076,306.08,No
ORD-003895,2026-02-25,East,L. Nguyen,Mid-Market,Hardware,Nimbus Monitor,2,2096.7,0.101,3769.87,No
ORD-003896,2026-02-25,East,J. Kim,SMB,Hardware,Titan Desktop,2,2204.75,0.063,4131.7,No
ORD-003897,2026-02-25,North,R. Diaz,SMB,Hardware,Falcon Laptop,1,1718.34,0.013,1696.0,No
ORD-003898,2026-02-26,East,L. Nguyen,Enterprise,Accessories,Laptop Sleeve,5,61.62,0.033,297.93,No
ORD-003899,2026-02-26,North,A. Chen,Mid-Market,Accessories,USB-C Hub,3,62.77,0.032,182.28,No
ORD-003900,2026-02-26,West,T. Brooks,Mid-Market,Hardware,Falcon Laptop,2,2020.07,0.055,3817.93,No
ORD-003901,2026-02-26,South,M. Okafor,Enterprise,Accessories,USB-C Hub,1,86.34,0.059,81.25,No
ORD-003902,2026-02-26,South,S. Patel,SMB,Services,Priority Support,3,1204.86,0.007,3589.28,No
ORD-003903,2026-02-26,East,J. Kim,Enterprise,Software,FlowSuite License,1,557.28,0.106,498.21,No
ORD-003904,2026-02-26,West,T. Brooks,SMB,Services,Priority Support,1,356.61,0.029,346.27,No
ORD-003905,2026-02-26,South,S. Patel,SMB,Software,FlowSuite License,2,384.23,0.028,746.94,No
ORD-003906,2026-02-26,East,L. Nguyen,Mid-Market,Accessories,Laptop Sleeve,2,66.15,0.02,129.65,No
ORD-003907,2026-02-26,East,J. Kim,SMB,Accessories,USB-C Hub,4,26.45,0.016,104.11,No
ORD-003908,2026-02-26,South,S. Patel,SMB,Accessories,Webcam HD,5,40.23,0.058,189.48,No
ORD-003909,2026-02-26,North,A. Chen,SMB,Software,DataLens License,1,312.43,0.004,311.18,No
ORD-003910,2026-02-26,East,L. Nguyen,Mid-Market,Accessories,Webcam HD,5,38.02,0.04,182.5,No
ORD-003911,2026-02-27,West,T. Brooks,SMB,Accessories,Webcam HD,2,55.76,0.004,111.07,No
ORD-003912,2026-02-27,West,D. Rossi,SMB,Accessories,USB-C Hub,3,56.63,0.028,165.13,No
ORD-003913,2026-02-27,West,D. Rossi,Mid-Market,Accessories,Laptop Sleeve,2,57.94,0.126,101.28,No
ORD-003914,2026-02-27,East,J. Kim,SMB,Services,Priority Support,1,1365.63,0.058,1286.42,No
ORD-003915,2026-02-27,North,A. Chen,Mid-Market,Software,FlowSuite License,1,235.25,0.137,203.02,No
ORD-003916,2026-02-27,South,S. Patel,Mid-Market,Hardware,Falcon Laptop,1,1672.38,0.136,1444.94,No
ORD-003917,2026-02-27,South,M. Okafor,Enterprise,Software,SecureGuard License,1,328.62,0.071,305.29,Yes
ORD-003918,2026-02-27,East,J. Kim,SMB,Accessories,Webcam HD,2,25.79,0.037,49.67,No
ORD-003919,2026-02-27,North,A. Chen,Mid-Market,Hardware,Falcon Laptop,1,1012.86,0.098,913.6,No
ORD-003920,2026-02-27,South,M. Okafor,SMB,Accessories,Laptop Sleeve,4,41.14,0.005,163.74,No
ORD-003921,2026-02-28,South,M. Okafor,SMB,Accessories,Wireless Mouse,1,44.87,0.041,43.03,No
ORD-003922,2026-02-28,West,T. Brooks,SMB,Hardware,Falcon Laptop,1,1511.47,0.069,1407.18,No
ORD-003923,2026-02-28,South,S. Patel,Mid-Market,Services,Priority Support,1,1149.54,0.077,1061.03,No
ORD-003924,2026-02-28,West,D. Rossi,SMB,Accessories,Webcam HD,3,37.65,0.018,110.92,No
ORD-003925,2026-02-28,West,D. Rossi,SMB,Accessories,Wireless Mouse,5,30.84,0.045,147.26,No
ORD-003926,2026-02-28,North,A. Chen,Enterprise,Accessories,Laptop Sleeve,3,56.11,0.113,149.31,No
ORD-003927,2026-02-28,North,R. Diaz,Enterprise,Services,Priority Support,1,628.15,0.142,538.95,No
ORD-003928,2026-02-28,North,R. Diaz,Mid-Market,Software,DataLens License,2,356.8,0.037,687.2,No
ORD-003929,2026-03-01,West,D. Rossi,Mid-Market,Hardware,Nimbus Monitor,1,1749.08,0.037,1684.36,No
ORD-003930,2026-03-01,East,J. Kim,SMB,Software,DataLens License,1,484.12,0.038,465.72,No
ORD-003931,2026-03-01,East,L. Nguyen,SMB,Services,Custom Training,1,449.04,0.074,415.81,No
ORD-003932,2026-03-01,South,M. Okafor,Mid-Market,Accessories,Wireless Mouse,2,74.42,0.126,130.09,No
ORD-003933,2026-03-01,East,J. Kim,Enterprise,Accessories,Webcam HD,1,55.71,0.026,54.26,No
ORD-003934,2026-03-01,East,J. Kim,Mid-Market,Services,Priority Support,1,981.24,0.001,980.26,No
ORD-003935,2026-03-01,West,T. Brooks,SMB,Accessories,Wireless Mouse,4,27.52,0.006,109.42,No
ORD-003936,2026-03-01,East,J. Kim,Enterprise,Software,DataLens License,1,337.05,0.199,269.98,No
ORD-003937,2026-03-01,South,M. Okafor,Mid-Market,Services,Onboarding Package,2,370.8,0.132,643.71,No
ORD-003938,2026-03-02,West,T. Brooks,Mid-Market,Software,FlowSuite License,4,218.7,0.071,812.69,No
ORD-003939,2026-03-02,North,R. Diaz,Enterprise,Software,SecureGuard License,3,412.85,0.022,1211.3,No
ORD-003940,2026-03-02,West,D. Rossi,SMB,Accessories,Laptop Sleeve,5,46.82,0.071,217.48,No
ORD-003941,2026-03-02,West,D. Rossi,SMB,Accessories,Webcam HD,4,76.93,0.01,304.64,No
ORD-003942,2026-03-02,East,L. Nguyen,SMB,Hardware,Nimbus Monitor,3,1319.12,0.027,3850.51,No
ORD-003943,2026-03-03,North,A. Chen,Mid-Market,Hardware,Falcon Laptop,1,1937.23,0.016,1906.23,No
ORD-003944,2026-03-03,East,J. Kim,SMB,Accessories,Laptop Sleeve,2,82.5,0.057,155.59,No
ORD-003945,2026-03-03,North,A. Chen,SMB,Hardware,Falcon Laptop,1,1187.39,0.011,1174.33,No
ORD-003946,2026-03-03,West,T. Brooks,Mid-Market,Software,DataLens License,2,401.12,0.088,731.64,No
ORD-003947,2026-03-03,South,S. Patel,SMB,Accessories,Laptop Sleeve,3,33.42,0.012,99.06,No
ORD-003948,2026-03-03,South,M. Okafor,SMB,Software,FlowSuite License,1,134.83,0.059,126.88,No
ORD-003949,2026-03-03,West,D. Rossi,Mid-Market,Software,SecureGuard License,1,412.65,0.086,377.16,No
ORD-003950,2026-03-03,South,M. Okafor,Mid-Market,Software,SecureGuard License,2,558.93,0.076,1032.9,No
ORD-003951,2026-03-04,West,T. Brooks,Mid-Market,Services,Custom Training,3,465.28,0.037,1344.19,No
ORD-003952,2026-03-04,West,D. Rossi,Mid-Market,Accessories,Wireless Mouse,1,88.43,0.107,78.97,No
ORD-003953,2026-03-04,North,A. Chen,Mid-Market,Software,DataLens License,1,182.03,0.063,170.56,No
ORD-003954,2026-03-04,North,R. Diaz,SMB,Software,DataLens License,1,211.41,0.04,202.95,No
ORD-003955,2026-03-04,West,T. Brooks,SMB,Services,Priority Support,1,1097.7,0.065,1026.35,No
ORD-003956,2026-03-04,South,S. Patel,Enterprise,Software,SecureGuard License,3,388.25,0.149,991.2,No
ORD-003957,2026-03-04,East,J. Kim,SMB,Accessories,USB-C Hub,8,64.68,0.01,512.27,No
ORD-003958,2026-03-04,South,M. Okafor,Mid-Market,Accessories,Wireless Mouse,1,113.12,0.12,99.55,No
ORD-003959,2026-03-04,West,D. Rossi,SMB,Hardware,Nimbus Monitor,1,1575.95,0.072,1462.48,No
ORD-003960,2026-03-04,North,R. Diaz,SMB,Accessories,Wireless Mouse,6,97.24,0.033,564.19,No
ORD-003961,2026-03-05,East,J. Kim,SMB,Hardware,Falcon Laptop,2,1048.88,0.005,2087.27,No
ORD-003962,2026-03-05,West,D. Rossi,Enterprise,Accessories,USB-C Hub,1,17.39,0.085,15.91,No
ORD-003963,2026-03-05,East,L. Nguyen,SMB,Hardware,Nimbus Monitor,1,1063.84,0.072,987.24,No
ORD-003964,2026-03-05,North,R. Diaz,Mid-Market,Hardware,Nimbus Monitor,2,2424.32,0.118,4276.5,No
ORD-003965,2026-03-05,North,A. Chen,Mid-Market,Hardware,Falcon Laptop,1,1997.83,0.115,1768.08,No
ORD-003966,2026-03-05,North,R. Diaz,SMB,Accessories,Wireless Mouse,4,95.19,0.049,362.1,No
ORD-003967,2026-03-05,North,R. Diaz,SMB,Hardware,Titan Desktop,3,1730.29,0.066,4848.27,No
ORD-003968,2026-03-05,East,J. Kim,Mid-Market,Accessories,Webcam HD,3,56.61,0.084,155.56,No
ORD-003969,2026-03-05,North,R. Diaz,SMB,Hardware,Nimbus Monitor,1,961.02,0.065,898.55,No
ORD-003970,2026-03-06,West,D. Rossi,SMB,Accessories,Laptop Sleeve,4,81.53,0.019,319.92,No
ORD-003971,2026-03-06,South,M. Okafor,Mid-Market,Accessories,Wireless Mouse,3,119.94,0.025,350.82,No
ORD-003972,2026-03-06,South,M. Okafor,SMB,Accessories,Laptop Sleeve,5,91.9,0.074,425.5,No
ORD-003973,2026-03-06,East,J. Kim,Mid-Market,Hardware,Titan Desktop,6,1308.27,0.106,7017.56,Yes
ORD-003974,2026-03-06,East,L. Nguyen,SMB,Accessories,USB-C Hub,1,67.59,0.069,62.93,No
ORD-003975,2026-03-06,East,L. Nguyen,Enterprise,Accessories,USB-C Hub,4,97.14,0.185,316.68,No
ORD-003976,2026-03-06,East,L. Nguyen,SMB,Software,DataLens License,1,569.92,0.059,536.29,No
ORD-003977,2026-03-06,North,A. Chen,Enterprise,Software,FlowSuite License,2,164.61,0.149,280.17,No
ORD-003978,2026-03-06,South,S. Patel,Mid-Market,Software,SecureGuard License,1,355.24,0.069,330.73,No
ORD-003979,2026-03-06,East,L. Nguyen,Enterprise,Accessories,Laptop Sleeve,4,77.61,0.154,262.63,No
ORD-003980,2026-03-06,South,S. Patel,Enterprise,Software,FlowSuite License,2,318.1,0.072,590.39,No
ORD-003981,2026-03-07,West,T. Brooks,SMB,Software,SecureGuard License,2,281.3,0.056,531.09,No
ORD-003982,2026-03-07,East,L. Nguyen,SMB,Software,DataLens License,2,519.8,0.024,1014.65,No
ORD-003983,2026-03-07,East,L. Nguyen,SMB,Software,DataLens License,1,412.64,0.064,386.23,No
ORD-003984,2026-03-07,West,T. Brooks,Enterprise,Hardware,Titan Desktop,1,1411.99,0.205,1122.53,No
ORD-003985,2026-03-07,North,A. Chen,SMB,Accessories,USB-C Hub,4,58.54,0.004,233.22,No
ORD-003986,2026-03-07,East,L. Nguyen,Mid-Market,Accessories,Wireless Mouse,5,60.63,0.025,295.57,No
ORD-003987,2026-03-07,North,A. Chen,Enterprise,Services,Priority Support,2,565.06,0.12,994.51,No
ORD-003988,2026-03-08,North,A. Chen,SMB,Services,Priority Support,2,512.39,0.065,958.17,No
ORD-003989,2026-03-08,North,A. Chen,Enterprise,Hardware,Titan Desktop,1,1326.15,0.185,1080.81,No
ORD-003990,2026-03-08,East,J. Kim,SMB,Accessories,Webcam HD,6,86.66,0.031,503.84,No
ORD-003991,2026-03-08,North,R. Diaz,Mid-Market,Accessories,Laptop Sleeve,1,27.34,0.088,24.93,No
ORD-003992,2026-03-08,East,J. Kim,Mid-Market,Hardware,Falcon Laptop,3,1148.59,0.047,3283.82,No
ORD-003993,2026-03-08,West,T. Brooks,Mid-Market,Software,SecureGuard License,1,248.78,0.018,244.3,No
ORD-003994,2026-03-08,East,L. Nguyen,Mid-Market,Hardware,Nimbus Monitor,1,1403.91,0.068,1308.44,No
ORD-003995,2026-03-08,South,M. Okafor,SMB,Hardware,Falcon Laptop,1,1923.66,0.048,1831.32,No
ORD-003996,2026-03-08,West,T. Brooks,Mid-Market,Hardware,Titan Desktop,1,2330.17,0.116,2059.87,No
ORD-003997,2026-03-08,South,M. Okafor,Enterprise,Software,DataLens License,1,599.97,0.066,560.37,No
ORD-003998,2026-03-09,South,M. Okafor,Mid-Market,Hardware,Titan Desktop,1,1518.42,0.133,1316.47,No
ORD-003999,2026-03-09,North,R. Diaz,Mid-Market,Accessories,Webcam HD,4,17.03,0.038,65.53,No
ORD-004000,2026-03-09,North,A. Chen,SMB,Hardware,Falcon Laptop,2,1118.42,0.067,2086.97,No
ORD-004001,2026-03-09,South,M. Okafor,SMB,Services,Onboarding Package,3,1375.44,0.006,4101.56,No
ORD-004002,2026-03-09,North,A. Chen,Mid-Market,Software,DataLens License,2,325.14,0.057,613.21,No
ORD-004003,2026-03-09,East,L. Nguyen,Mid-Market,Hardware,Titan Desktop,1,1618.11,0.077,1493.52,No
ORD-004004,2026-03-09,East,J. Kim,Enterprise,Hardware,Falcon Laptop,3,2356.5,0.177,5818.2,No
ORD-004005,2026-03-09,North,A. Chen,Enterprise,Hardware,Titan Desktop,2,2047.89,0.197,3288.91,No
ORD-004006,2026-03-09,East,L. Nguyen,Enterprise,Accessories,Laptop Sleeve,4,57.85,0.074,214.28,No
ORD-004007,2026-03-10,West,T. Brooks,SMB,Accessories,Laptop Sleeve,2,103.89,0.048,197.81,No
ORD-004008,2026-03-10,West,T. Brooks,SMB,Accessories,USB-C Hub,5,87.85,0.038,422.56,No
ORD-004009,2026-03-10,West,T. Brooks,SMB,Accessories,Webcam HD,1,64.9,0.076,59.97,No
ORD-004010,2026-03-10,North,A. Chen,Mid-Market,Hardware,Falcon Laptop,2,1951.84,0.094,3536.73,No
ORD-004011,2026-03-10,West,D. Rossi,SMB,Accessories,Wireless Mouse,3,69.24,0.032,201.07,No
ORD-004012,2026-03-10,East,L. Nguyen,Mid-Market,Accessories,USB-C Hub,2,103.24,0.107,184.39,No
ORD-004013,2026-03-10,North,A. Chen,Enterprise,Services,Priority Support,2,1165.64,0.202,1860.36,No
ORD-004014,2026-03-10,West,T. Brooks,SMB,Services,Priority Support,1,1162.33,0.073,1077.48,No
ORD-004015,2026-03-10,East,J. Kim,SMB,Services,Custom Training,1,926.46,0.003,923.68,No
ORD-004016,2026-03-11,South,M. Okafor,SMB,Software,DataLens License,1,321.12,0.038,308.92,No
ORD-004017,2026-03-11,South,M. Okafor,SMB,Services,Onboarding Package,2,914.84,0.017,1798.58,No
ORD-004018,2026-03-11,South,S. Patel,SMB,Services,Priority Support,1,418.68,0.046,399.42,No
ORD-004019,2026-03-11,North,R. Diaz,Enterprise,Hardware,Nimbus Monitor,1,2492.56,0.066,2328.05,No
ORD-004020,2026-03-11,East,L. Nguyen,SMB,Software,FlowSuite License,1,363.82,0.033,351.81,No
ORD-004021,2026-03-11,East,L. Nguyen,SMB,Services,Priority Support,2,1201.97,0.031,2329.42,No
ORD-004022,2026-03-11,South,M. Okafor,SMB,Accessories,USB-C Hub,3,60.22,0.025,176.14,Yes
ORD-004023,2026-03-11,South,M. Okafor,Enterprise,Software,DataLens License,2,164.72,0.221,256.63,No
ORD-004024,2026-03-12,South,S. Patel,SMB,Accessories,USB-C Hub,3,53.05,0.033,153.9,No
ORD-004025,2026-03-12,East,J. Kim,Enterprise,Accessories,Wireless Mouse,4,51.31,0.192,165.83,No
ORD-004026,2026-03-12,West,D. Rossi,SMB,Accessories,USB-C Hub,2,45.79,0.049,87.09,No
ORD-004027,2026-03-12,North,R. Diaz,Mid-Market,Accessories,USB-C Hub,3,44.61,0.017,131.55,No
ORD-004028,2026-03-12,East,J. Kim,SMB,Hardware,Titan Desktop,1,1362.95,0.039,1309.79,No
ORD-004029,2026-03-13,West,T. Brooks,SMB,Hardware,Titan Desktop,1,2145.05,0.023,2095.71,No
ORD-004030,2026-03-13,South,S. Patel,SMB,Services,Priority Support,1,1397.27,0.055,1320.42,No
ORD-004031,2026-03-13,West,D. Rossi,Mid-Market,Software,DataLens License,2,174.29,0.008,345.79,No
ORD-004032,2026-03-13,North,A. Chen,SMB,Accessories,Wireless Mouse,2,53.72,0.067,100.24,No
ORD-004033,2026-03-13,East,L. Nguyen,SMB,Software,FlowSuite License,2,536.71,0.054,1015.46,No
ORD-004034,2026-03-13,West,D. Rossi,Mid-Market,Accessories,Wireless Mouse,3,74.12,0.053,210.57,No
ORD-004035,2026-03-13,North,A. Chen,Enterprise,Services,Onboarding Package,1,1194.43,0.169,992.57,No
ORD-004036,2026-03-13,North,A. Chen,Enterprise,Services,Onboarding Package,1,1342.67,0.104,1203.03,No
ORD-004037,2026-03-13,East,L. Nguyen,Enterprise,Hardware,Titan Desktop,1,2010.33,0.038,1933.94,No
ORD-004038,2026-03-13,South,S. Patel,SMB,Software,FlowSuite License,1,443.29,0.058,417.58,No
ORD-004039,2026-03-13,West,D. Rossi,Mid-Market,Software,DataLens License,1,329.32,0.142,282.56,No
ORD-004040,2026-03-14,North,A. Chen,SMB,Hardware,Falcon Laptop,1,1616.14,0.028,1570.89,No
ORD-004041,2026-03-14,West,T. Brooks,SMB,Software,DataLens License,2,556.55,0.033,1076.37,No
ORD-004042,2026-03-14,South,S. Patel,SMB,Accessories,Wireless Mouse,5,85.46,0.043,408.93,No
ORD-004043,2026-03-14,West,D. Rossi,Enterprise,Hardware,Falcon Laptop,1,1155.97,0.112,1026.5,No
ORD-004044,2026-03-14,East,L. Nguyen,Enterprise,Hardware,Titan Desktop,3,1311.03,0.179,3229.07,No
ORD-004045,2026-03-15,West,D. Rossi,SMB,Software,FlowSuite License,1,514.39,0.026,501.02,No
ORD-004046,2026-03-15,East,J. Kim,SMB,Services,Onboarding Package,2,1101.04,0.023,2151.43,No
ORD-004047,2026-03-15,West,T. Brooks,SMB,Accessories,Wireless Mouse,2,31.96,0.049,60.79,No
ORD-004048,2026-03-15,North,A. Chen,SMB,Services,Onboarding Package,1,1024.69,0.032,991.9,No
ORD-004049,2026-03-15,East,L. Nguyen,SMB,Services,Priority Support,1,395.9,0.018,388.77,No
ORD-004050,2026-03-15,South,M. Okafor,Mid-Market,Software,SecureGuard License,4,546.57,0.023,2136.0,No
ORD-004051,2026-03-16,North,R. Diaz,SMB,Software,FlowSuite License,1,415.61,0.067,387.76,No
ORD-004052,2026-03-16,West,T. Brooks,Mid-Market,Accessories,Laptop Sleeve,3,53.22,0.147,136.19,No
ORD-004053,2026-03-16,East,J. Kim,Mid-Market,Software,FlowSuite License,2,134.4,0.094,243.53,No
ORD-004054,2026-03-16,East,L. Nguyen,SMB,Software,FlowSuite License,2,520.14,0.057,980.98,No
ORD-004055,2026-03-16,West,T. Brooks,Enterprise,Services,Onboarding Package,1,994.9,0.028,967.04,No
ORD-004056,2026-03-16,West,D. Rossi,Enterprise,Accessories,Webcam HD,2,74.93,0.225,116.14,Yes
ORD-004057,2026-03-16,North,A. Chen,Enterprise,Accessories,USB-C Hub,4,50.29,0.247,151.47,No
ORD-004058,2026-03-17,East,J. Kim,SMB,Software,SecureGuard License,3,426.77,0.035,1235.5,No
ORD-004059,2026-03-17,South,M. Okafor,Mid-Market,Software,FlowSuite License,2,174.22,0.072,323.35,Yes
ORD-004060,2026-03-17,East,J. Kim,Mid-Market,Hardware,Titan Desktop,2,1707.68,0.043,3268.5,No
ORD-004061,2026-03-17,West,D. Rossi,Mid-Market,Hardware,Falcon Laptop,1,2402.48,0.036,2315.99,No
ORD-004062,2026-03-17,South,S. Patel,Mid-Market,Hardware,Titan Desktop,1,2316.92,0.091,2106.08,No
ORD-004063,2026-03-17,North,R. Diaz,Mid-Market,Software,DataLens License,1,179.22,0.052,169.9,No
ORD-004064,2026-03-17,West,D. Rossi,Mid-Market,Hardware,Titan Desktop,1,1990.74,0.085,1821.53,No
ORD-004065,2026-03-17,North,R. Diaz,Mid-Market,Accessories,USB-C Hub,2,16.01,0.088,29.2,Yes
ORD-004066,2026-03-17,North,A. Chen,SMB,Software,SecureGuard License,1,543.49,0.012,536.97,No
ORD-004067,2026-03-17,South,M. Okafor,Enterprise,Hardware,Titan Desktop,1,918.77,0.055,868.24,No
ORD-004068,2026-03-17,East,L. Nguyen,Mid-Market,Accessories,Webcam HD,3,35.52,0.051,101.13,No
ORD-004069,2026-03-17,West,D. Rossi,SMB,Hardware,Titan Desktop,1,1117.79,0.052,1059.66,No
ORD-004070,2026-03-17,East,J. Kim,Mid-Market,Software,FlowSuite License,2,134.88,0.07,250.88,No
ORD-004071,2026-03-17,West,D. Rossi,SMB,Accessories,USB-C Hub,1,119.2,0.011,117.89,No
ORD-004072,2026-03-17,North,R. Diaz,SMB,Hardware,Titan Desktop,2,1261.91,0.017,2480.92,No
ORD-004073,2026-03-18,East,J. Kim,SMB,Services,Onboarding Package,1,1265.92,0.072,1174.77,No
ORD-004074,2026-03-18,South,M. Okafor,Mid-Market,Accessories,USB-C Hub,3,103.94,0.126,272.53,No
ORD-004075,2026-03-18,East,J. Kim,Mid-Market,Software,FlowSuite License,3,341.29,0.047,975.75,No
ORD-004076,2026-03-18,North,A. Chen,Mid-Market,Accessories,USB-C Hub,3,22.8,0.138,58.96,No
ORD-004077,2026-03-18,East,L. Nguyen,SMB,Hardware,Nimbus Monitor,1,2476.38,0.01,2451.62,No
ORD-004078,2026-03-18,North,A. Chen,Mid-Market,Software,DataLens License,1,253.5,0.006,251.98,No
ORD-004079,2026-03-18,West,D. Rossi,SMB,Accessories,USB-C Hub,6,82.09,0.062,462.0,No
ORD-004080,2026-03-19,South,S. Patel,SMB,Hardware,Titan Desktop,1,1946.4,0.04,1868.54,No
ORD-004081,2026-03-19,East,L. Nguyen,SMB,Services,Priority Support,1,1488.34,0.026,1449.64,No
ORD-004082,2026-03-19,East,J. Kim,Mid-Market,Accessories,Wireless Mouse,3,103.45,0.076,286.76,No
ORD-004083,2026-03-19,South,S. Patel,Mid-Market,Accessories,Wireless Mouse,3,24.05,0.013,71.21,No
ORD-004084,2026-03-19,North,R. Diaz,SMB,Accessories,Laptop Sleeve,1,33.75,0.024,32.94,Yes
ORD-004085,2026-03-19,East,J. Kim,Mid-Market,Services,Priority Support,2,956.7,0.085,1750.76,No
ORD-004086,2026-03-20,South,S. Patel,Mid-Market,Software,SecureGuard License,1,441.87,0.117,390.17,No
ORD-004087,2026-03-20,North,A. Chen,SMB,Accessories,Laptop Sleeve,4,76.73,0.019,301.09,No
ORD-004088,2026-03-20,South,S. Patel,SMB,Accessories,Laptop Sleeve,7,67.36,0.048,448.89,No
ORD-004089,2026-03-20,East,J. Kim,Mid-Market,Hardware,Falcon Laptop,1,1518.39,0.0,1518.39,No
ORD-004090,2026-03-20,East,L. Nguyen,SMB,Accessories,Wireless Mouse,3,56.04,0.028,163.41,No
ORD-004091,2026-03-20,North,A. Chen,SMB,Accessories,Wireless Mouse,4,34.9,0.071,129.69,Yes
ORD-004092,2026-03-20,West,D. Rossi,SMB,Accessories,Laptop Sleeve,1,38.31,0.004,38.16,No
ORD-004093,2026-03-20,South,M. Okafor,Enterprise,Services,Priority Support,4,441.01,0.156,1488.85,No
ORD-004094,2026-03-20,North,R. Diaz,SMB,Software,SecureGuard License,1,543.43,0.019,533.1,No
ORD-004095,2026-03-20,West,T. Brooks,SMB,Accessories,Wireless Mouse,3,69.37,0.033,201.24,Yes
ORD-004096,2026-03-20,South,S. Patel,SMB,Hardware,Nimbus Monitor,1,1556.6,0.015,1533.25,No
ORD-004097,2026-03-20,West,T. Brooks,SMB,Hardware,Nimbus Monitor,4,1296.83,0.046,4948.7,No
ORD-004098,2026-03-20,North,A. Chen,Mid-Market,Accessories,USB-C Hub,2,15.21,0.018,29.87,No
ORD-004099,2026-03-21,South,S. Patel,SMB,Software,FlowSuite License,1,446.64,0.015,439.94,No
ORD-004100,2026-03-21,East,L. Nguyen,SMB,Services,Onboarding Package,1,980.22,0.058,923.37,No
ORD-004101,2026-03-21,South,S. Patel,Mid-Market,Hardware,Titan Desktop,2,1627.49,0.108,2903.44,No
ORD-004102,2026-03-21,South,S. Patel,SMB,Hardware,Nimbus Monitor,2,2228.43,0.027,4336.52,No
ORD-004103,2026-03-21,East,L. Nguyen,Mid-Market,Software,DataLens License,1,282.49,0.105,252.83,No
ORD-004104,2026-03-21,North,R. Diaz,Enterprise,Software,FlowSuite License,1,535.51,0.097,483.57,No
ORD-004105,2026-03-21,South,S. Patel,SMB,Software,FlowSuite License,1,517.65,0.043,495.39,No
ORD-004106,2026-03-21,North,R. Diaz,Mid-Market,Services,Custom Training,1,1262.5,0.056,1191.8,No
ORD-004107,2026-03-21,West,T. Brooks,Mid-Market,Services,Priority Support,1,770.74,0.057,726.81,No
ORD-004108,2026-03-21,South,S. Patel,SMB,Accessories,USB-C Hub,6,95.62,0.022,561.1,No
ORD-004109,2026-03-21,North,A. Chen,SMB,Accessories,USB-C Hub,3,88.76,0.009,263.88,No
ORD-004110,2026-03-22,North,A. Chen,Mid-Market,Software,SecureGuard License,1,142.78,0.048,135.93,No
ORD-004111,2026-03-22,North,A. Chen,SMB,Software,DataLens License,1,422.17,0.02,413.73,No
ORD-004112,2026-03-22,South,M. Okafor,SMB,Software,FlowSuite License,1,385.02,0.029,373.85,No
ORD-004113,2026-03-22,East,L. Nguyen,Mid-Market,Hardware,Titan Desktop,2,1055.98,0.075,1953.56,No
ORD-004114,2026-03-22,North,R. Diaz,Mid-Market,Software,SecureGuard License,2,529.25,0.035,1021.45,No
ORD-004115,2026-03-22,South,S. Patel,Enterprise,Accessories,USB-C Hub,4,50.98,0.003,203.31,No
ORD-004116,2026-03-22,West,T. Brooks,SMB,Hardware,Falcon Laptop,1,1491.83,0.0,1491.83,No
ORD-004117,2026-03-22,South,S. Patel,SMB,Accessories,Webcam HD,4,70.38,0.043,269.41,Yes
ORD-004118,2026-03-22,South,S. Patel,Mid-Market,Accessories,Webcam HD,1,18.32,0.136,15.83,No
ORD-004119,2026-03-22,West,D. Rossi,SMB,Accessories,Laptop Sleeve,1,103.17,0.035,99.56,No
ORD-004120,2026-03-23,West,D. Rossi,Mid-Market,Accessories,Laptop Sleeve,2,32.34,0.066,60.41,No
ORD-004121,2026-03-23,South,S. Patel,Enterprise,Software,SecureGuard License,2,161.56,0.047,307.93,No
ORD-004122,2026-03-23,South,S. Patel,Mid-Market,Services,Custom Training,1,1028.53,0.103,922.59,No
ORD-004123,2026-03-23,West,T. Brooks,SMB,Accessories,Wireless Mouse,2,93.16,0.005,185.39,No
ORD-004124,2026-03-23,South,M. Okafor,Enterprise,Services,Onboarding Package,1,502.79,0.045,480.16,No
ORD-004125,2026-03-23,East,J. Kim,Mid-Market,Hardware,Falcon Laptop,4,2426.77,0.008,9629.42,No
ORD-004126,2026-03-23,East,J. Kim,Enterprise,Services,Onboarding Package,1,362.42,0.081,333.06,No
ORD-004127,2026-03-23,North,A. Chen,SMB,Services,Onboarding Package,1,1136.39,0.019,1114.8,No
ORD-004128,2026-03-23,North,A. Chen,SMB,Accessories,Wireless Mouse,3,114.31,0.078,316.18,No
ORD-004129,2026-03-23,East,J. Kim,SMB,Software,SecureGuard License,1,404.72,0.069,376.79,No
ORD-004130,2026-03-23,West,D. Rossi,Mid-Market,Services,Onboarding Package,2,484.46,0.023,946.63,No
ORD-004131,2026-03-24,North,A. Chen,Mid-Market,Services,Custom Training,1,1304.21,0.098,1176.4,No
ORD-004132,2026-03-24,East,J. Kim,SMB,Software,DataLens License,4,357.08,0.015,1406.9,No
ORD-004133,2026-03-24,West,D. Rossi,Mid-Market,Software,SecureGuard License,3,487.75,0.042,1401.79,No
ORD-004134,2026-03-24,West,T. Brooks,SMB,Hardware,Falcon Laptop,1,2074.62,0.011,2051.8,No
ORD-004135,2026-03-24,North,R. Diaz,SMB,Services,Custom Training,2,458.73,0.069,854.16,No
ORD-004136,2026-03-24,West,D. Rossi,SMB,Accessories,Webcam HD,6,29.0,0.066,162.52,No
ORD-004137,2026-03-25,South,S. Patel,SMB,Accessories,Wireless Mouse,2,32.68,0.049,62.16,No
ORD-004138,2026-03-25,West,T. Brooks,SMB,Accessories,USB-C Hub,4,67.27,0.061,252.67,No
ORD-004139,2026-03-25,North,R. Diaz,SMB,Accessories,Webcam HD,3,64.57,0.066,180.93,No
ORD-004140,2026-03-25,North,R. Diaz,SMB,Hardware,Nimbus Monitor,4,1616.04,0.019,6341.34,No
ORD-004141,2026-03-25,South,M. Okafor,Enterprise,Services,Priority Support,1,1240.71,0.159,1043.44,No
ORD-004142,2026-03-25,East,J. Kim,SMB,Software,SecureGuard License,2,299.82,0.033,579.85,No
ORD-004143,2026-03-25,East,J. Kim,SMB,Software,FlowSuite License,1,475.15,0.001,474.67,No
ORD-004144,2026-03-25,East,L. Nguyen,SMB,Services,Onboarding Package,2,1041.78,0.073,1931.46,No
ORD-004145,2026-03-25,East,L. Nguyen,Mid-Market,Hardware,Falcon Laptop,2,1028.15,0.045,1963.77,No
ORD-004146,2026-03-25,South,S. Patel,SMB,Software,FlowSuite License,2,131.28,0.027,255.47,No
ORD-004147,2026-03-25,North,A. Chen,Mid-Market,Software,FlowSuite License,1,301.86,0.021,295.52,No
ORD-004148,2026-03-26,South,M. Okafor,Enterprise,Software,DataLens License,1,574.95,0.249,431.79,No
ORD-004149,2026-03-26,North,R. Diaz,Mid-Market,Services,Priority Support,1,389.14,0.028,378.24,No
ORD-004150,2026-03-26,North,A. Chen,SMB,Accessories,Laptop Sleeve,1,111.36,0.028,108.24,No
ORD-004151,2026-03-26,West,D. Rossi,SMB,Software,DataLens License,1,364.63,0.0,364.63,No
ORD-004152,2026-03-26,South,M. Okafor,SMB,Software,DataLens License,1,133.76,0.059,125.87,No
ORD-004153,2026-03-26,North,R. Diaz,Mid-Market,Software,FlowSuite License,3,550.5,0.109,1471.49,No
ORD-004154,2026-03-26,South,S. Patel,SMB,Hardware,Titan Desktop,2,1264.09,0.055,2389.13,No
ORD-004155,2026-03-26,South,M. Okafor,Enterprise,Software,DataLens License,2,380.48,0.199,609.53,No
ORD-004156,2026-03-27,East,L. Nguyen,Mid-Market,Hardware,Nimbus Monitor,1,1723.23,0.132,1495.76,No
ORD-004157,2026-03-27,East,J. Kim,Enterprise,Services,Priority Support,1,739.81,0.166,617.0,No
ORD-004158,2026-03-27,East,L. Nguyen,SMB,Accessories,Webcam HD,5,47.92,0.07,222.83,No
ORD-004159,2026-03-27,East,J. Kim,SMB,Software,SecureGuard License,1,277.7,0.061,260.76,No
ORD-004160,2026-03-27,East,L. Nguyen,Mid-Market,Accessories,Webcam HD,5,37.66,0.064,176.25,No
ORD-004161,2026-03-27,East,L. Nguyen,SMB,Hardware,Falcon Laptop,1,1168.96,0.015,1151.43,No
ORD-004162,2026-03-27,North,A. Chen,Mid-Market,Software,SecureGuard License,2,377.93,0.036,728.65,No
ORD-004163,2026-03-27,West,D. Rossi,SMB,Accessories,USB-C Hub,7,68.21,0.063,447.39,No
ORD-004164,2026-03-27,West,D. Rossi,SMB,Hardware,Nimbus Monitor,1,1348.44,0.068,1256.75,No
ORD-004165,2026-03-27,East,L. Nguyen,SMB,Software,FlowSuite License,2,155.74,0.027,303.07,No
ORD-004166,2026-03-27,East,L. Nguyen,SMB,Services,Priority Support,2,864.98,0.052,1640.0,No
ORD-004167,2026-03-27,North,R. Diaz,Mid-Market,Software,SecureGuard License,3,247.83,0.082,682.52,No
ORD-004168,2026-03-28,West,D. Rossi,Mid-Market,Accessories,Wireless Mouse,2,99.82,0.07,185.67,No
ORD-004169,2026-03-28,North,R. Diaz,SMB,Services,Priority Support,3,1408.52,0.011,4179.08,No
ORD-004170,2026-03-28,South,S. Patel,SMB,Accessories,Wireless Mouse,4,39.42,0.017,155.0,No
ORD-004171,2026-03-28,West,T. Brooks,Mid-Market,Accessories,USB-C Hub,3,85.41,0.102,230.09,No
ORD-004172,2026-03-28,East,L. Nguyen,Enterprise,Software,SecureGuard License,3,444.07,0.046,1270.93,No
ORD-004173,2026-03-29,North,R. Diaz,Enterprise,Accessories,Webcam HD,1,45.41,0.14,39.05,No
ORD-004174,2026-03-29,East,J. Kim,Enterprise,Services,Custom Training,3,1000.6,0.188,2437.46,No
ORD-004175,2026-03-29,South,S. Patel,SMB,Accessories,Wireless Mouse,3,40.42,0.024,118.35,No
ORD-004176,2026-03-29,North,A. Chen,Mid-Market,Accessories,Laptop Sleeve,6,50.21,0.075,278.67,No
ORD-004177,2026-03-29,South,S. Patel,Mid-Market,Accessories,Webcam HD,1,51.67,0.087,47.17,No
ORD-004178,2026-03-29,West,T. Brooks,Enterprise,Services,Priority Support,1,1425.23,0.237,1087.45,No
ORD-004179,2026-03-29,West,D. Rossi,Mid-Market,Hardware,Falcon Laptop,1,1865.26,0.094,1689.93,No
ORD-004180,2026-03-30,South,S. Patel,Mid-Market,Accessories,Wireless Mouse,4,38.15,0.145,130.47,No
ORD-004181,2026-03-30,North,R. Diaz,Mid-Market,Hardware,Nimbus Monitor,3,2219.48,0.109,5932.67,No
ORD-004182,2026-03-30,East,L. Nguyen,Enterprise,Software,SecureGuard License,1,444.14,0.177,365.53,No
ORD-004183,2026-03-30,North,A. Chen,Mid-Market,Hardware,Titan Desktop,4,2292.92,0.13,7979.36,No
ORD-004184,2026-03-30,South,M. Okafor,Enterprise,Accessories,Wireless Mouse,3,118.29,0.101,319.03,No
ORD-004185,2026-03-30,West,T. Brooks,Mid-Market,Hardware,Falcon Laptop,1,1804.39,0.136,1558.99,No
ORD-004186,2026-03-30,South,M. Okafor,Mid-Market,Services,Onboarding Package,1,1140.22,0.056,1076.37,No
ORD-004187,2026-03-30,North,A. Chen,Mid-Market,Services,Custom Training,2,1171.08,0.084,2145.42,No
ORD-004188,2026-03-30,West,T. Brooks,Mid-Market,Accessories,Wireless Mouse,4,114.61,0.029,445.15,No
ORD-004189,2026-03-30,South,M. Okafor,SMB,Software,DataLens License,1,490.82,0.076,453.52,No
ORD-004190,2026-03-30,West,T. Brooks,SMB,Hardware,Nimbus Monitor,3,1542.16,0.061,4344.26,No
ORD-004191,2026-03-30,South,M. Okafor,SMB,Services,Onboarding Package,1,731.57,0.025,713.28,No
ORD-004192,2026-03-30,South,S. Patel,SMB,Accessories,USB-C Hub,3,56.45,0.01,167.66,No
ORD-004193,2026-03-30,South,M. Okafor,Mid-Market,Accessories,USB-C Hub,4,116.6,0.086,426.29,No
ORD-004194,2026-03-30,East,L. Nguyen,SMB,Services,Priority Support,1,989.26,0.058,931.88,No
ORD-004195,2026-03-30,East,J. Kim,SMB,Software,FlowSuite License,4,405.72,0.014,1600.16,No
ORD-004196,2026-03-30,East,L. Nguyen,SMB,Accessories,Wireless Mouse,4,43.55,0.043,166.71,No
ORD-004197,2026-03-31,North,A. Chen,SMB,Software,FlowSuite License,1,164.63,0.008,163.31,No
ORD-004198,2026-03-31,East,J. Kim,SMB,Hardware,Titan Desktop,2,2441.04,0.033,4720.97,No
ORD-004199,2026-03-31,South,S. Patel,Mid-Market,Software,SecureGuard License,1,331.62,0.065,310.06,No
ORD-004200,2026-03-31,East,L. Nguyen,SMB,Accessories,Wireless Mouse,6,88.05,0.005,525.66,No
ORD-004201,2026-03-31,North,A. Chen,SMB,Accessories,Webcam HD,3,109.42,0.043,314.14,No
ORD-004202,2026-03-31,North,R. Diaz,SMB,Accessories,Wireless Mouse,4,42.27,0.019,165.87,No
ORD-004203,2026-03-31,East,J. Kim,Enterprise,Software,SecureGuard License,4,342.94,0.114,1215.38,No
ORD-004204,2026-03-31,South,M. Okafor,Mid-Market,Services,Onboarding Package,2,430.21,0.071,799.33,No
ORD-004205,2026-03-31,North,A. Chen,Enterprise,Hardware,Falcon Laptop,1,1714.94,0.022,1677.21,No
ORD-004206,2026-03-31,West,T. Brooks,Mid-Market,Software,FlowSuite License,4,323.65,0.004,1289.42,No
ORD-004207,2026-04-01,East,L. Nguyen,SMB,Software,SecureGuard License,2,534.78,0.016,1052.45,No
ORD-004208,2026-04-01,South,S. Patel,Enterprise,Accessories,Laptop Sleeve,2,33.59,0.026,65.43,No
ORD-004209,2026-04-01,East,L. Nguyen,Mid-Market,Accessories,Laptop Sleeve,4,38.94,0.032,150.78,No
ORD-004210,2026-04-01,North,R. Diaz,Mid-Market,Services,Custom Training,2,1413.67,0.021,2767.97,No
ORD-004211,2026-04-01,South,M. Okafor,SMB,Services,Priority Support,1,1043.0,0.009,1033.61,No
ORD-004212,2026-04-01,West,D. Rossi,SMB,Accessories,Webcam HD,2,110.46,0.049,210.09,No
ORD-004213,2026-04-01,North,A. Chen,SMB,Hardware,Nimbus Monitor,1,1176.19,0.006,1169.13,No
ORD-004214,2026-04-01,North,A. Chen,SMB,Software,DataLens License,1,476.58,0.038,458.47,No
ORD-004215,2026-04-02,West,D. Rossi,SMB,Accessories,Laptop Sleeve,3,119.53,0.061,336.72,No
ORD-004216,2026-04-02,South,M. Okafor,Mid-Market,Accessories,USB-C Hub,3,114.33,0.119,302.17,No
ORD-004217,2026-04-02,West,D. Rossi,Mid-Market,Software,SecureGuard License,1,513.94,0.131,446.61,No
ORD-004218,2026-04-02,East,L. Nguyen,SMB,Accessories,Webcam HD,3,64.2,0.036,185.67,No
ORD-004219,2026-04-02,South,S. Patel,SMB,Software,SecureGuard License,3,459.05,0.053,1304.16,No
ORD-004220,2026-04-02,West,D. Rossi,Mid-Market,Services,Priority Support,2,678.64,0.014,1338.28,No
ORD-004221,2026-04-02,East,J. Kim,Mid-Market,Software,DataLens License,4,124.01,0.019,486.62,No
ORD-004222,2026-04-02,East,J. Kim,Mid-Market,Accessories,Wireless Mouse,6,30.7,0.044,176.1,No
ORD-004223,2026-04-03,East,J. Kim,SMB,Hardware,Titan Desktop,3,1325.32,0.002,3968.01,No
ORD-004224,2026-04-03,South,S. Patel,Mid-Market,Hardware,Falcon Laptop,2,1491.78,0.024,2911.95,No
ORD-004225,2026-04-03,North,A. Chen,SMB,Software,DataLens License,3,310.31,0.029,903.93,No
ORD-004226,2026-04-03,South,M. Okafor,SMB,Accessories,Wireless Mouse,5,96.31,0.06,452.66,No
ORD-004227,2026-04-03,North,A. Chen,Enterprise,Software,DataLens License,1,292.07,0.09,265.78,No
ORD-004228,2026-04-03,West,T. Brooks,SMB,Software,FlowSuite License,2,150.7,0.052,285.73,No
ORD-004229,2026-04-03,West,D. Rossi,Mid-Market,Software,FlowSuite License,1,223.88,0.059,210.67,No
ORD-004230,2026-04-03,East,L. Nguyen,Mid-Market,Hardware,Nimbus Monitor,2,1558.61,0.125,2727.57,No
ORD-004231,2026-04-03,West,D. Rossi,Mid-Market,Software,SecureGuard License,1,298.29,0.106,266.67,No
ORD-004232,2026-04-03,East,L. Nguyen,SMB,Accessories,Laptop Sleeve,1,111.07,0.026,108.18,No
ORD-004233,2026-04-03,South,M. Okafor,Mid-Market,Software,DataLens License,1,513.09,0.105,459.22,No
ORD-004234,2026-04-03,East,J. Kim,SMB,Services,Priority Support,3,1376.33,0.035,3984.48,No
ORD-004235,2026-04-03,West,D. Rossi,Mid-Market,Hardware,Nimbus Monitor,1,1008.56,0.001,1007.55,No
ORD-004236,2026-04-04,West,T. Brooks,SMB,Accessories,Wireless Mouse,7,78.96,0.018,542.77,Yes
ORD-004237,2026-04-04,East,L. Nguyen,Mid-Market,Software,FlowSuite License,1,434.72,0.031,421.24,No
ORD-004238,2026-04-04,South,M. Okafor,Mid-Market,Services,Onboarding Package,5,1474.77,0.131,6407.88,No
ORD-004239,2026-04-04,West,D. Rossi,Mid-Market,Accessories,Webcam HD,4,108.68,0.062,407.77,No
ORD-004240,2026-04-04,East,L. Nguyen,Enterprise,Hardware,Nimbus Monitor,1,2210.96,0.147,1885.95,No
ORD-004241,2026-04-04,East,L. Nguyen,SMB,Services,Onboarding Package,1,320.15,0.034,309.26,No
ORD-004242,2026-04-04,South,M. Okafor,Enterprise,Software,SecureGuard License,1,509.9,0.001,509.39,No
ORD-004243,2026-04-04,South,M. Okafor,SMB,Software,DataLens License,5,151.88,0.023,741.93,No
ORD-004244,2026-04-05,North,A. Chen,Mid-Market,Hardware,Nimbus Monitor,2,1035.18,0.09,1884.03,No
ORD-004245,2026-04-05,South,S. Patel,Enterprise,Hardware,Falcon Laptop,1,2364.42,0.157,1993.21,No
ORD-004246,2026-04-05,East,L. Nguyen,Mid-Market,Accessories,Webcam HD,1,63.49,0.029,61.65,No
ORD-004247,2026-04-05,North,A. Chen,SMB,Services,Custom Training,3,617.95,0.032,1794.53,No
ORD-004248,2026-04-05,North,A. Chen,Enterprise,Accessories,USB-C Hub,6,37.71,0.236,172.86,No
ORD-004249,2026-04-05,South,M. Okafor,Mid-Market,Software,FlowSuite License,1,371.38,0.114,329.04,No
ORD-004250,2026-04-05,North,R. Diaz,Mid-Market,Software,SecureGuard License,1,206.62,0.138,178.11,No
ORD-004251,2026-04-05,South,M. Okafor,Mid-Market,Software,SecureGuard License,1,203.08,0.138,175.05,No
ORD-004252,2026-04-05,East,L. Nguyen,Mid-Market,Accessories,USB-C Hub,2,32.64,0.064,61.1,No
ORD-004253,2026-04-05,North,R. Diaz,Mid-Market,Accessories,Wireless Mouse,2,40.8,0.103,73.2,No
ORD-004254,2026-04-05,South,M. Okafor,SMB,Software,DataLens License,4,412.87,0.065,1544.13,No
ORD-004255,2026-04-06,North,A. Chen,Enterprise,Accessories,Webcam HD,5,45.13,0.068,210.31,No
ORD-004256,2026-04-06,West,T. Brooks,SMB,Services,Onboarding Package,1,1183.24,0.023,1156.03,No
ORD-004257,2026-04-06,West,D. Rossi,Mid-Market,Accessories,Wireless Mouse,3,112.79,0.105,302.84,No
ORD-004258,2026-04-06,East,L. Nguyen,SMB,Accessories,USB-C Hub,8,33.46,0.016,263.4,Yes
ORD-004259,2026-04-06,East,L. Nguyen,Mid-Market,Software,DataLens License,1,389.53,0.095,352.52,Yes
ORD-004260,2026-04-06,North,R. Diaz,SMB,Services,Onboarding Package,1,866.4,0.079,797.95,No
ORD-004261,2026-04-07,South,S. Patel,Enterprise,Hardware,Nimbus Monitor,2,2138.13,0.025,4169.35,No
ORD-004262,2026-04-07,South,S. Patel,Mid-Market,Accessories,Wireless Mouse,2,23.94,0.009,47.45,No
ORD-004263,2026-04-07,East,L. Nguyen,SMB,Accessories,Wireless Mouse,6,51.36,0.003,307.24,No
ORD-004264,2026-04-08,East,L. Nguyen,SMB,Accessories,Laptop Sleeve,5,52.58,0.055,248.44,No
ORD-004265,2026-04-08,South,S. Patel,Mid-Market,Software,FlowSuite License,2,334.17,0.075,618.21,No
ORD-004266,2026-04-08,South,M. Okafor,SMB,Services,Priority Support,1,881.82,0.045,842.14,No
ORD-004267,2026-04-08,North,R. Diaz,SMB,Software,DataLens License,1,548.16,0.059,515.82,No
ORD-004268,2026-04-09,South,M. Okafor,Mid-Market,Software,SecureGuard License,2,474.29,0.123,831.9,No
ORD-004269,2026-04-09,West,T. Brooks,SMB,Software,SecureGuard License,2,220.47,0.017,433.44,No
ORD-004270,2026-04-09,North,A. Chen,Mid-Market,Hardware,Nimbus Monitor,1,2365.43,0.023,2311.03,No
ORD-004271,2026-04-09,East,L. Nguyen,SMB,Services,Onboarding Package,1,1224.28,0.018,1202.24,No
ORD-004272,2026-04-09,East,J. Kim,Mid-Market,Services,Custom Training,1,1044.85,0.108,932.01,No
ORD-004273,2026-04-10,East,L. Nguyen,SMB,Software,FlowSuite License,1,315.42,0.055,298.07,No
ORD-004274,2026-04-10,East,L. Nguyen,SMB,Accessories,Laptop Sleeve,3,80.28,0.05,228.8,No
ORD-004275,2026-04-10,North,A. Chen,SMB,Hardware,Falcon Laptop,2,2100.16,0.003,4187.72,No
ORD-004276,2026-04-10,South,M. Okafor,Enterprise,Accessories,Wireless Mouse,3,67.97,0.163,170.67,No
ORD-004277,2026-04-10,South,S. Patel,Mid-Market,Accessories,Laptop Sleeve,4,31.66,0.054,119.8,No
ORD-004278,2026-04-10,South,S. Patel,SMB,Accessories,USB-C Hub,3,93.95,0.056,266.07,No
ORD-004279,2026-04-10,East,J. Kim,Mid-Market,Accessories,Webcam HD,4,22.92,0.138,79.03,No
ORD-004280,2026-04-10,North,A. Chen,Enterprise,Software,FlowSuite License,3,480.5,0.23,1109.95,No
ORD-004281,2026-04-10,East,L. Nguyen,Mid-Market,Hardware,Titan Desktop,1,1410.39,0.149,1200.24,No
ORD-004282,2026-04-10,South,M. Okafor,Enterprise,Accessories,USB-C Hub,3,40.64,0.183,99.61,No
ORD-004283,2026-04-10,North,A. Chen,SMB,Accessories,Laptop Sleeve,1,97.68,0.046,93.19,No
ORD-004284,2026-04-10,West,D. Rossi,Mid-Market,Software,DataLens License,1,244.25,0.042,233.99,No
ORD-004285,2026-04-10,East,J. Kim,Mid-Market,Software,DataLens License,1,319.17,0.064,298.74,No
ORD-004286,2026-04-10,West,D. Rossi,SMB,Accessories,USB-C Hub,5,57.82,0.019,283.61,Yes
ORD-004287,2026-04-10,South,M. Okafor,Mid-Market,Accessories,USB-C Hub,2,44.24,0.049,84.14,No
ORD-004288,2026-04-11,North,A. Chen,SMB,Services,Priority Support,1,426.49,0.052,404.31,No
ORD-004289,2026-04-11,North,R. Diaz,Enterprise,Accessories,USB-C Hub,1,49.03,0.179,40.25,Yes
ORD-004290,2026-04-11,East,L. Nguyen,Mid-Market,Hardware,Titan Desktop,3,1180.72,0.135,3063.97,No
ORD-004291,2026-04-11,South,S. Patel,Mid-Market,Services,Onboarding Package,2,1411.75,0.058,2659.74,No
ORD-004292,2026-04-11,South,S. Patel,SMB,Hardware,Titan Desktop,1,1533.7,0.008,1521.43,No
ORD-004293,2026-04-11,East,J. Kim,Mid-Market,Accessories,Webcam HD,5,106.88,0.106,477.75,No
ORD-004294,2026-04-11,North,A. Chen,Enterprise,Software,SecureGuard License,5,217.88,0.213,857.36,No
ORD-004295,2026-04-11,South,M. Okafor,SMB,Software,SecureGuard License,1,233.65,0.011,231.08,No
ORD-004296,2026-04-11,East,J. Kim,SMB,Services,Priority Support,2,1332.85,0.063,2497.76,No
ORD-004297,2026-04-11,North,R. Diaz,Mid-Market,Services,Priority Support,2,1417.53,0.017,2786.86,No
ORD-004298,2026-04-11,South,M. Okafor,SMB,Software,DataLens License,1,236.56,0.071,219.76,No
ORD-004299,2026-04-12,West,D. Rossi,Enterprise,Hardware,Falcon Laptop,1,1606.76,0.024,1568.2,No
ORD-004300,2026-04-12,East,J. Kim,Mid-Market,Accessories,USB-C Hub,2,105.91,0.123,185.77,No
ORD-004301,2026-04-12,South,S. Patel,Mid-Market,Software,SecureGuard License,1,419.06,0.071,389.31,No
ORD-004302,2026-04-12,South,M. Okafor,SMB,Services,Priority Support,1,676.37,0.008,670.96,No
ORD-004303,2026-04-12,North,A. Chen,Mid-Market,Software,FlowSuite License,1,518.6,0.059,488.0,No
ORD-004304,2026-04-12,South,S. Patel,Mid-Market,Accessories,USB-C Hub,1,53.89,0.076,49.79,No
ORD-004305,2026-04-12,South,S. Patel,Enterprise,Hardware,Titan Desktop,1,2087.57,0.14,1795.31,No
ORD-004306,2026-04-12,North,A. Chen,Enterprise,Accessories,USB-C Hub,4,97.83,0.012,386.62,No
ORD-004307,2026-04-12,North,A. Chen,Enterprise,Hardware,Falcon Laptop,2,1591.12,0.206,2526.7,No
ORD-004308,2026-04-12,North,A. Chen,Enterprise,Hardware,Falcon Laptop,2,1366.03,0.016,2688.35,No
ORD-004309,2026-04-12,West,D. Rossi,SMB,Hardware,Nimbus Monitor,2,2373.36,0.045,4533.12,Yes
ORD-004310,2026-04-12,West,D. Rossi,SMB,Hardware,Falcon Laptop,2,2482.39,0.04,4766.19,No
ORD-004311,2026-04-13,West,D. Rossi,SMB,Accessories,USB-C Hub,3,63.32,0.051,180.27,No
ORD-004312,2026-04-13,South,M. Okafor,Enterprise,Software,SecureGuard License,1,391.01,0.061,367.16,No
ORD-004313,2026-04-13,North,R. Diaz,Mid-Market,Services,Onboarding Package,2,1194.51,0.028,2322.13,No
ORD-004314,2026-04-13,East,L. Nguyen,Mid-Market,Services,Onboarding Package,1,697.85,0.085,638.53,No
ORD-004315,2026-04-13,South,M. Okafor,Mid-Market,Software,SecureGuard License,2,213.73,0.063,400.53,No
ORD-004316,2026-04-13,West,D. Rossi,SMB,Hardware,Nimbus Monitor,1,1986.78,0.04,1907.31,No
ORD-004317,2026-04-13,East,L. Nguyen,Mid-Market,Accessories,USB-C Hub,2,116.62,0.042,223.44,No
ORD-004318,2026-04-13,East,L. Nguyen,SMB,Software,SecureGuard License,1,396.6,0.049,377.17,No
ORD-004319,2026-04-13,North,R. Diaz,SMB,Accessories,Wireless Mouse,3,34.96,0.044,100.27,No
ORD-004320,2026-04-13,West,T. Brooks,Enterprise,Hardware,Titan Desktop,3,952.86,0.155,2415.5,No
ORD-004321,2026-04-14,East,L. Nguyen,Mid-Market,Accessories,USB-C Hub,2,63.39,0.068,118.16,No
ORD-004322,2026-04-14,South,S. Patel,SMB,Accessories,Wireless Mouse,6,90.53,0.054,513.85,No
ORD-004323,2026-04-14,South,M. Okafor,Enterprise,Accessories,Webcam HD,4,24.7,0.067,92.18,No
ORD-004324,2026-04-14,West,D. Rossi,Enterprise,Services,Onboarding Package,1,677.19,0.009,671.1,No
ORD-004325,2026-04-14,South,M. Okafor,Enterprise,Hardware,Titan Desktop,3,2152.76,0.157,5444.33,No
ORD-004326,2026-04-14,North,A. Chen,Mid-Market,Services,Onboarding Package,2,871.99,0.064,1632.37,No
ORD-004327,2026-04-14,East,L. Nguyen,Mid-Market,Hardware,Titan Desktop,4,1101.76,0.015,4340.93,No
ORD-004328,2026-04-14,West,D. Rossi,SMB,Accessories,Wireless Mouse,3,108.68,0.003,325.06,Yes
ORD-004329,2026-04-14,North,R. Diaz,Enterprise,Software,SecureGuard License,3,207.77,0.152,528.57,No
ORD-004330,2026-04-14,West,T. Brooks,Mid-Market,Accessories,Laptop Sleeve,6,105.93,0.059,598.08,No
ORD-004331,2026-04-14,North,R. Diaz,Mid-Market,Software,FlowSuite License,1,203.84,0.098,183.86,No
ORD-004332,2026-04-14,East,L. Nguyen,Mid-Market,Software,FlowSuite License,2,140.78,0.133,244.11,No
ORD-004333,2026-04-14,West,T. Brooks,Mid-Market,Accessories,USB-C Hub,2,49.18,0.111,87.44,No
ORD-004334,2026-04-15,West,D. Rossi,Enterprise,Services,Priority Support,1,1016.2,0.153,860.72,No
ORD-004335,2026-04-15,East,L. Nguyen,Mid-Market,Hardware,Titan Desktop,1,977.22,0.038,940.09,No
ORD-004336,2026-04-15,West,T. Brooks,SMB,Software,DataLens License,1,479.22,0.045,457.66,No
ORD-004337,2026-04-15,East,J. Kim,SMB,Software,FlowSuite License,1,351.34,0.058,330.96,No
ORD-004338,2026-04-15,East,L. Nguyen,SMB,Accessories,Webcam HD,4,50.24,0.014,198.15,No
ORD-004339,2026-04-15,North,A. Chen,SMB,Accessories,USB-C Hub,4,118.32,0.011,468.07,Yes
ORD-004340,2026-04-15,South,M. Okafor,SMB,Accessories,Webcam HD,2,62.71,0.053,118.77,No
ORD-004341,2026-04-15,East,J. Kim,Enterprise,Services,Onboarding Package,1,801.69,0.131,696.67,No
ORD-004342,2026-04-15,South,S. Patel,SMB,Software,DataLens License,1,276.5,0.008,274.29,No
ORD-004343,2026-04-15,East,L. Nguyen,SMB,Hardware,Nimbus Monitor,4,1091.78,0.001,4362.75,No
ORD-004344,2026-04-15,East,L. Nguyen,Enterprise,Accessories,Wireless Mouse,4,82.24,0.017,323.37,No
ORD-004345,2026-04-16,South,S. Patel,Mid-Market,Accessories,Webcam HD,3,76.46,0.013,226.4,No
ORD-004346,2026-04-16,North,R. Diaz,SMB,Hardware,Titan Desktop,1,1182.2,0.024,1153.83,No
ORD-004347,2026-04-16,South,S. Patel,SMB,Accessories,USB-C Hub,4,78.39,0.057,295.69,No
ORD-004348,2026-04-16,East,L. Nguyen,SMB,Accessories,Wireless Mouse,5,43.28,0.043,207.09,No
ORD-004349,2026-04-16,North,R. Diaz,Mid-Market,Accessories,Webcam HD,5,18.54,0.116,81.95,Yes
ORD-004350,2026-04-16,East,J. Kim,SMB,Hardware,Falcon Laptop,2,1801.17,0.041,3454.64,No
ORD-004351,2026-04-16,East,L. Nguyen,Mid-Market,Software,DataLens License,2,394.53,0.033,763.02,No
ORD-004352,2026-04-16,North,A. Chen,Enterprise,Hardware,Falcon Laptop,1,918.06,0.053,869.4,No
ORD-004353,2026-04-16,North,R. Diaz,Mid-Market,Accessories,Wireless Mouse,4,59.4,0.088,216.69,No
ORD-004354,2026-04-16,East,J. Kim,SMB,Accessories,Laptop Sleeve,5,114.81,0.031,556.25,No
ORD-004355,2026-04-16,West,T. Brooks,SMB,Services,Priority Support,3,451.01,0.079,1246.14,No
ORD-004356,2026-04-16,South,S. Patel,SMB,Software,FlowSuite License,1,173.01,0.078,159.52,No
ORD-004357,2026-04-16,West,D. Rossi,Mid-Market,Services,Custom Training,3,1045.74,0.089,2858.01,No
ORD-004358,2026-04-17,East,L. Nguyen,Enterprise,Hardware,Nimbus Monitor,1,1264.06,0.165,1055.49,No
ORD-004359,2026-04-17,East,L. Nguyen,Enterprise,Accessories,Wireless Mouse,5,94.04,0.206,373.34,No
ORD-004360,2026-04-17,South,M. Okafor,Mid-Market,Hardware,Falcon Laptop,1,2040.51,0.144,1746.68,No
ORD-004361,2026-04-17,East,L. Nguyen,Mid-Market,Hardware,Titan Desktop,1,1125.55,0.104,1008.49,No
ORD-004362,2026-04-17,North,A. Chen,Mid-Market,Accessories,USB-C Hub,5,113.47,0.038,545.79,No
ORD-004363,2026-04-17,West,D. Rossi,Enterprise,Accessories,USB-C Hub,2,76.05,0.229,117.27,No
ORD-004364,2026-04-17,West,T. Brooks,SMB,Hardware,Falcon Laptop,2,1552.61,0.016,3055.54,No
ORD-004365,2026-04-17,East,L. Nguyen,SMB,Software,SecureGuard License,2,321.96,0.059,605.93,No
ORD-004366,2026-04-17,East,J. Kim,Enterprise,Services,Custom Training,1,406.26,0.242,307.95,No
ORD-004367,2026-04-17,North,R. Diaz,Enterprise,Hardware,Nimbus Monitor,2,2049.1,0.038,3942.47,No
ORD-004368,2026-04-18,North,R. Diaz,SMB,Hardware,Nimbus Monitor,1,1811.45,0.052,1717.25,No
ORD-004369,2026-04-18,East,L. Nguyen,SMB,Hardware,Titan Desktop,1,1768.55,0.008,1754.4,No
ORD-004370,2026-04-18,North,A. Chen,SMB,Accessories,USB-C Hub,4,96.99,0.013,382.92,No
ORD-004371,2026-04-18,West,T. Brooks,Mid-Market,Software,SecureGuard License,1,289.76,0.117,255.86,No
ORD-004372,2026-04-18,East,J. Kim,SMB,Software,SecureGuard License,1,548.88,0.069,511.01,No
ORD-004373,2026-04-18,West,D. Rossi,Mid-Market,Accessories,Wireless Mouse,4,61.87,0.079,227.93,No
ORD-004374,2026-04-18,North,A. Chen,SMB,Accessories,Wireless Mouse,5,93.26,0.073,432.26,No
ORD-004375,2026-04-18,South,M. Okafor,Mid-Market,Software,DataLens License,2,334.71,0.003,667.41,No
ORD-004376,2026-04-18,South,M. Okafor,Mid-Market,Hardware,Titan Desktop,1,2352.11,0.001,2349.76,No
ORD-004377,2026-04-18,East,J. Kim,Mid-Market,Accessories,Wireless Mouse,4,32.22,0.036,124.24,No
ORD-004378,2026-04-18,South,M. Okafor,Enterprise,Software,DataLens License,1,598.1,0.146,510.78,No
ORD-004379,2026-04-19,South,M. Okafor,Mid-Market,Software,SecureGuard License,2,505.69,0.1,910.24,No
ORD-004380,2026-04-19,South,S. Patel,SMB,Software,FlowSuite License,1,366.85,0.069,341.54,No
ORD-004381,2026-04-19,North,A. Chen,SMB,Software,DataLens License,2,474.54,0.026,924.4,No
ORD-004382,2026-04-19,West,T. Brooks,Enterprise,Accessories,Wireless Mouse,1,28.99,0.003,28.9,No
ORD-004383,2026-04-19,South,S. Patel,SMB,Accessories,Wireless Mouse,5,78.04,0.038,375.37,No
ORD-004384,2026-04-19,North,R. Diaz,Mid-Market,Software,FlowSuite License,1,250.58,0.086,229.03,No
ORD-004385,2026-04-19,West,T. Brooks,SMB,Services,Custom Training,1,365.52,0.007,362.96,No
ORD-004386,2026-04-19,North,R. Diaz,Mid-Market,Software,DataLens License,1,511.87,0.079,471.43,No
ORD-004387,2026-04-19,North,R. Diaz,Mid-Market,Hardware,Titan Desktop,2,2026.92,0.097,3660.62,No
ORD-004388,2026-04-19,North,R. Diaz,SMB,Services,Custom Training,2,803.19,0.045,1534.09,No
ORD-004389,2026-04-20,West,T. Brooks,Mid-Market,Services,Custom Training,3,809.7,0.071,2256.63,No
ORD-004390,2026-04-20,North,R. Diaz,Enterprise,Accessories,USB-C Hub,4,19.19,0.233,58.87,No
ORD-004391,2026-04-20,East,L. Nguyen,Mid-Market,Software,SecureGuard License,1,489.08,0.081,449.46,No
ORD-004392,2026-04-20,North,A. Chen,SMB,Hardware,Falcon Laptop,1,1874.5,0.062,1758.28,No
ORD-004393,2026-04-20,South,M. Okafor,Enterprise,Software,SecureGuard License,2,369.78,0.055,698.88,No
ORD-004394,2026-04-20,West,D. Rossi,Mid-Market,Accessories,Webcam HD,4,91.12,0.043,348.81,No
ORD-004395,2026-04-20,East,L. Nguyen,Mid-Market,Accessories,Wireless Mouse,2,92.6,0.032,179.27,No
ORD-004396,2026-04-20,South,M. Okafor,Enterprise,Services,Custom Training,1,786.47,0.193,634.68,No
ORD-004397,2026-04-20,South,S. Patel,SMB,Accessories,Webcam HD,1,68.9,0.067,64.28,No
ORD-004398,2026-04-21,North,R. Diaz,SMB,Accessories,USB-C Hub,6,111.59,0.025,652.8,No
ORD-004399,2026-04-21,South,M. Okafor,Mid-Market,Accessories,Webcam HD,1,41.21,0.045,39.36,No
ORD-004400,2026-04-21,North,R. Diaz,SMB,Hardware,Nimbus Monitor,3,2161.51,0.056,6121.4,No
ORD-004401,2026-04-21,West,D. Rossi,Mid-Market,Accessories,Laptop Sleeve,3,47.94,0.092,130.59,No
ORD-004402,2026-04-21,East,L. Nguyen,SMB,Services,Priority Support,1,397.76,0.034,384.24,No
ORD-004403,2026-04-21,South,S. Patel,Mid-Market,Software,SecureGuard License,1,588.5,0.091,534.95,No
ORD-004404,2026-04-21,North,A. Chen,Enterprise,Accessories,Laptop Sleeve,3,101.53,0.025,296.98,No
ORD-004405,2026-04-21,North,R. Diaz,Mid-Market,Services,Custom Training,1,818.64,0.142,702.39,No
ORD-004406,2026-04-21,North,A. Chen,Enterprise,Software,FlowSuite License,1,420.71,0.04,403.88,No
ORD-004407,2026-04-21,South,M. Okafor,Mid-Market,Accessories,Webcam HD,5,110.35,0.119,486.09,No
ORD-004408,2026-04-22,South,S. Patel,SMB,Hardware,Falcon Laptop,2,1679.89,0.013,3316.1,No
ORD-004409,2026-04-22,North,A. Chen,Mid-Market,Software,DataLens License,3,163.76,0.147,419.06,No
ORD-004410,2026-04-22,North,R. Diaz,SMB,Software,SecureGuard License,2,503.97,0.04,967.62,No
ORD-004411,2026-04-22,West,D. Rossi,Mid-Market,Software,FlowSuite License,1,300.6,0.088,274.15,No
ORD-004412,2026-04-22,East,J. Kim,Enterprise,Accessories,USB-C Hub,5,61.25,0.119,269.81,No
ORD-004413,2026-04-22,West,T. Brooks,SMB,Accessories,Webcam HD,3,100.82,0.048,287.94,Yes
ORD-004414,2026-04-22,North,A. Chen,SMB,Accessories,Laptop Sleeve,5,80.22,0.045,383.05,No
ORD-004415,2026-04-23,East,L. Nguyen,SMB,Hardware,Titan Desktop,2,1222.1,0.07,2273.11,No
ORD-004416,2026-04-23,North,R. Diaz,SMB,Accessories,Wireless Mouse,3,88.25,0.053,250.72,No
ORD-004417,2026-04-23,North,A. Chen,SMB,Accessories,Wireless Mouse,4,63.15,0.067,235.68,No
ORD-004418,2026-04-23,West,T. Brooks,SMB,Accessories,Wireless Mouse,6,90.45,0.049,516.11,No
ORD-004419,2026-04-23,North,R. Diaz,SMB,Software,FlowSuite License,1,536.34,0.074,496.65,No
ORD-004420,2026-04-23,South,M. Okafor,SMB,Hardware,Nimbus Monitor,1,1910.76,0.04,1834.33,No
ORD-004421,2026-04-23,North,A. Chen,Mid-Market,Accessories,USB-C Hub,4,69.75,0.108,248.87,No
ORD-004422,2026-04-23,North,A. Chen,Enterprise,Hardware,Nimbus Monitor,1,1042.94,0.175,860.43,No
ORD-004423,2026-04-24,East,J. Kim,Mid-Market,Accessories,Laptop Sleeve,8,31.83,0.106,227.65,No
ORD-004424,2026-04-24,East,J. Kim,Enterprise,Accessories,Webcam HD,2,51.35,0.111,91.3,No
ORD-004425,2026-04-24,East,J. Kim,Enterprise,Services,Priority Support,1,1464.55,0.162,1227.29,No
ORD-004426,2026-04-24,North,A. Chen,SMB,Accessories,Webcam HD,4,102.73,0.02,402.7,No
ORD-004427,2026-04-24,West,T. Brooks,Mid-Market,Hardware,Titan Desktop,2,996.12,0.056,1880.67,No
ORD-004428,2026-04-24,East,J. Kim,SMB,Accessories,Laptop Sleeve,8,98.14,0.006,780.41,No
ORD-004429,2026-04-25,East,L. Nguyen,Mid-Market,Software,DataLens License,1,166.65,0.147,142.15,No
ORD-004430,2026-04-25,South,S. Patel,Enterprise,Software,FlowSuite License,1,167.24,0.087,152.69,No
ORD-004431,2026-04-25,South,S. Patel,Mid-Market,Accessories,USB-C Hub,6,100.22,0.038,578.47,No
ORD-004432,2026-04-25,North,A. Chen,Mid-Market,Services,Custom Training,1,335.9,0.087,306.68,No
ORD-004433,2026-04-25,West,T. Brooks,SMB,Accessories,Wireless Mouse,2,23.79,0.068,44.34,No
ORD-004434,2026-04-26,West,D. Rossi,Mid-Market,Software,FlowSuite License,1,215.28,0.12,189.45,No
ORD-004435,2026-04-26,East,J. Kim,Enterprise,Software,DataLens License,1,139.54,0.069,129.91,No
ORD-004436,2026-04-26,North,A. Chen,SMB,Software,FlowSuite License,1,367.6,0.015,362.09,No
ORD-004437,2026-04-26,South,S. Patel,SMB,Accessories,Laptop Sleeve,6,26.67,0.059,150.58,No
ORD-004438,2026-04-26,North,A. Chen,Mid-Market,Accessories,Laptop Sleeve,4,103.57,0.083,379.89,No
ORD-004439,2026-04-26,East,J. Kim,SMB,Accessories,USB-C Hub,2,79.97,0.054,151.3,No
ORD-004440,2026-04-27,North,A. Chen,Enterprise,Accessories,Laptop Sleeve,4,20.35,0.015,80.18,No
ORD-004441,2026-04-27,North,A. Chen,Mid-Market,Hardware,Falcon Laptop,1,2108.77,0.121,1853.61,No
ORD-004442,2026-04-27,West,D. Rossi,SMB,Hardware,Titan Desktop,1,1476.01,0.068,1375.64,No
ORD-004443,2026-04-27,East,J. Kim,SMB,Accessories,Laptop Sleeve,2,114.34,0.004,227.77,No
ORD-004444,2026-04-27,West,T. Brooks,Mid-Market,Software,SecureGuard License,2,244.04,0.047,465.14,No
ORD-004445,2026-04-27,South,M. Okafor,SMB,Accessories,Webcam HD,1,107.09,0.003,106.77,No
ORD-004446,2026-04-27,East,L. Nguyen,Mid-Market,Software,SecureGuard License,1,456.3,0.001,455.84,No
ORD-004447,2026-04-27,East,L. Nguyen,SMB,Accessories,Wireless Mouse,1,26.39,0.005,26.26,Yes
ORD-004448,2026-04-27,East,L. Nguyen,Mid-Market,Software,SecureGuard License,2,314.04,0.04,602.96,No
ORD-004449,2026-04-27,North,R. Diaz,SMB,Software,DataLens License,3,431.35,0.067,1207.35,No
ORD-004450,2026-04-27,North,A. Chen,Enterprise,Software,SecureGuard License,1,389.77,0.085,356.64,No
ORD-004451,2026-04-27,North,A. Chen,Mid-Market,Software,FlowSuite License,1,147.2,0.044,140.72,No
ORD-004452,2026-04-27,South,M. Okafor,Enterprise,Services,Custom Training,1,1074.56,0.034,1038.02,No
ORD-004453,2026-04-27,East,J. Kim,Mid-Market,Accessories,USB-C Hub,4,104.54,0.037,402.69,No
ORD-004454,2026-04-27,North,A. Chen,Mid-Market,Hardware,Nimbus Monitor,2,935.69,0.145,1600.03,No
ORD-004455,2026-04-28,East,J. Kim,Mid-Market,Software,SecureGuard License,2,280.75,0.043,537.36,No
ORD-004456,2026-04-28,East,J. Kim,SMB,Software,FlowSuite License,1,373.05,0.079,343.58,No
ORD-004457,2026-04-28,East,L. Nguyen,SMB,Software,SecureGuard License,4,417.79,0.034,1614.34,No
ORD-004458,2026-04-28,South,M. Okafor,Mid-Market,Software,FlowSuite License,2,533.56,0.029,1036.17,No
ORD-004459,2026-04-28,East,L. Nguyen,SMB,Hardware,Falcon Laptop,2,1376.4,0.054,2604.15,No
ORD-004460,2026-04-28,South,M. Okafor,Mid-Market,Software,SecureGuard License,1,405.4,0.091,368.51,No
ORD-004461,2026-04-28,South,M. Okafor,SMB,Hardware,Falcon Laptop,1,1905.33,0.048,1813.87,No
ORD-004462,2026-04-28,North,R. Diaz,SMB,Accessories,USB-C Hub,2,58.52,0.025,114.11,No
ORD-004463,2026-04-28,East,J. Kim,Mid-Market,Hardware,Nimbus Monitor,3,1252.0,0.015,3699.66,No
ORD-004464,2026-04-28,North,A. Chen,SMB,Hardware,Falcon Laptop,2,1617.37,0.006,3215.33,Yes
ORD-004465,2026-04-29,West,D. Rossi,SMB,Software,SecureGuard License,1,589.39,0.028,572.89,Yes
ORD-004466,2026-04-29,South,S. Patel,SMB,Services,Custom Training,1,1104.38,0.006,1097.75,No
ORD-004467,2026-04-29,South,M. Okafor,Mid-Market,Software,SecureGuard License,2,303.37,0.014,598.25,No
ORD-004468,2026-04-29,East,L. Nguyen,SMB,Services,Onboarding Package,2,628.91,0.075,1163.48,No
ORD-004469,2026-04-29,North,A. Chen,Mid-Market,Software,DataLens License,2,358.08,0.098,645.98,No
ORD-004470,2026-04-30,North,R. Diaz,Enterprise,Accessories,Webcam HD,6,29.89,0.047,170.91,Yes
ORD-004471,2026-04-30,North,A. Chen,SMB,Hardware,Titan Desktop,2,990.17,0.031,1918.95,No
ORD-004472,2026-04-30,North,R. Diaz,SMB,Software,FlowSuite License,1,471.21,0.041,451.89,No
ORD-004473,2026-04-30,North,A. Chen,SMB,Hardware,Nimbus Monitor,1,1526.91,0.078,1407.81,No
ORD-004474,2026-04-30,South,S. Patel,Mid-Market,Accessories,Laptop Sleeve,3,49.76,0.028,145.1,No
ORD-004475,2026-04-30,South,S. Patel,Mid-Market,Accessories,Webcam HD,2,76.0,0.029,147.59,No
ORD-004476,2026-04-30,West,T. Brooks,SMB,Accessories,Webcam HD,3,74.06,0.008,220.4,No
ORD-004477,2026-04-30,West,T. Brooks,Enterprise,Software,SecureGuard License,1,354.01,0.05,336.31,No
ORD-004478,2026-04-30,South,S. Patel,SMB,Accessories,Webcam HD,2,57.85,0.019,113.5,No
ORD-004479,2026-04-30,South,M. Okafor,SMB,Software,DataLens License,1,579.62,0.026,564.55,No
ORD-004480,2026-04-30,West,D. Rossi,Enterprise,Hardware,Falcon Laptop,2,1215.69,0.181,1991.3,No
ORD-004481,2026-04-30,South,S. Patel,Mid-Market,Accessories,Wireless Mouse,5,111.48,0.084,510.58,No
ORD-004482,2026-05-01,North,A. Chen,Mid-Market,Software,DataLens License,1,359.02,0.098,323.84,No
ORD-004483,2026-05-01,East,L. Nguyen,Mid-Market,Hardware,Falcon Laptop,2,2003.93,0.106,3583.03,No
ORD-004484,2026-05-01,East,J. Kim,SMB,Hardware,Nimbus Monitor,1,1375.98,0.02,1348.46,No
ORD-004485,2026-05-01,East,L. Nguyen,SMB,Services,Priority Support,1,943.54,0.065,882.21,No
ORD-004486,2026-05-01,North,R. Diaz,Mid-Market,Accessories,Wireless Mouse,1,66.76,0.015,65.76,No
ORD-004487,2026-05-01,North,A. Chen,SMB,Accessories,USB-C Hub,4,41.8,0.058,157.5,No
ORD-004488,2026-05-01,North,R. Diaz,SMB,Accessories,USB-C Hub,4,71.58,0.071,265.99,No
ORD-004489,2026-05-01,South,S. Patel,SMB,Services,Priority Support,1,1115.24,0.062,1046.1,No
ORD-004490,2026-05-01,North,A. Chen,Enterprise,Software,SecureGuard License,3,328.24,0.004,980.78,No
ORD-004491,2026-05-02,North,A. Chen,SMB,Software,SecureGuard License,1,543.4,0.052,515.14,No
ORD-004492,2026-05-02,South,M. Okafor,SMB,Accessories,Webcam HD,1,91.54,0.066,85.5,No
ORD-004493,2026-05-02,South,S. Patel,SMB,Hardware,Titan Desktop,1,2154.16,0.057,2031.37,No
ORD-004494,2026-05-02,North,A. Chen,Enterprise,Accessories,Wireless Mouse,1,46.85,0.062,43.95,No
ORD-004495,2026-05-02,West,T. Brooks,Mid-Market,Software,SecureGuard License,1,151.56,0.12,133.37,No
ORD-004496,2026-05-02,East,J. Kim,SMB,Accessories,Webcam HD,3,82.78,0.054,234.93,No
ORD-004497,2026-05-02,South,S. Patel,Mid-Market,Hardware,Falcon Laptop,2,1532.59,0.056,2893.53,No
ORD-004498,2026-05-03,West,D. Rossi,Mid-Market,Software,DataLens License,2,393.3,0.019,771.65,Yes
ORD-004499,2026-05-03,South,M. Okafor,Enterprise,Software,SecureGuard License,2,550.96,0.088,1004.95,No
ORD-004500,2026-05-03,East,J. Kim,SMB,Accessories,USB-C Hub,3,30.75,0.035,89.02,No
ORD-004501,2026-05-03,East,L. Nguyen,SMB,Hardware,Titan Desktop,2,2367.68,0.06,4451.24,No
ORD-004502,2026-05-03,North,A. Chen,Enterprise,Services,Custom Training,1,603.02,0.081,554.18,No
ORD-004503,2026-05-03,West,D. Rossi,SMB,Accessories,USB-C Hub,1,48.39,0.066,45.2,Yes
ORD-004504,2026-05-03,West,T. Brooks,SMB,Services,Onboarding Package,2,1028.24,0.065,1922.81,No
ORD-004505,2026-05-03,West,T. Brooks,SMB,Accessories,USB-C Hub,5,65.25,0.022,319.07,No
ORD-004506,2026-05-03,West,D. Rossi,SMB,Services,Onboarding Package,1,989.12,0.02,969.34,No
ORD-004507,2026-05-03,South,M. Okafor,SMB,Accessories,Laptop Sleeve,6,35.23,0.049,201.02,No
ORD-004508,2026-05-03,East,J. Kim,SMB,Hardware,Falcon Laptop,1,2029.59,0.039,1950.44,No
ORD-004509,2026-05-03,West,T. Brooks,Enterprise,Hardware,Falcon Laptop,1,2492.81,0.127,2176.22,No
ORD-004510,2026-05-04,West,D. Rossi,Mid-Market,Hardware,Falcon Laptop,1,1522.18,0.011,1505.44,No
ORD-004511,2026-05-04,West,T. Brooks,SMB,Services,Custom Training,1,1479.52,0.075,1368.56,No
ORD-004512,2026-05-04,North,A. Chen,Mid-Market,Accessories,Laptop Sleeve,1,57.7,0.12,50.78,No
ORD-004513,2026-05-04,East,L. Nguyen,SMB,Software,FlowSuite License,1,214.69,0.002,214.26,No
ORD-004514,2026-05-04,South,S. Patel,Enterprise,Accessories,Laptop Sleeve,4,48.38,0.03,187.71,No
ORD-004515,2026-05-04,North,A. Chen,Enterprise,Accessories,Wireless Mouse,3,68.98,0.109,184.38,No
ORD-004516,2026-05-04,East,L. Nguyen,SMB,Software,FlowSuite License,2,240.72,0.025,469.4,No
ORD-004517,2026-05-04,East,L. Nguyen,SMB,Accessories,USB-C Hub,7,88.66,0.016,610.69,Yes
ORD-004518,2026-05-05,East,L. Nguyen,SMB,Accessories,Wireless Mouse,2,32.06,0.057,60.47,No
ORD-004519,2026-05-05,East,J. Kim,SMB,Software,SecureGuard License,3,455.62,0.007,1357.29,No
ORD-004520,2026-05-05,North,R. Diaz,Mid-Market,Services,Onboarding Package,3,936.66,0.007,2790.31,No
ORD-004521,2026-05-05,North,A. Chen,Mid-Market,Software,FlowSuite License,1,261.11,0.123,228.99,No
ORD-004522,2026-05-05,South,M. Okafor,SMB,Accessories,Webcam HD,5,40.21,0.024,196.22,No
ORD-004523,2026-05-05,East,J. Kim,Mid-Market,Accessories,Webcam HD,2,90.07,0.093,163.39,No
ORD-004524,2026-05-05,South,S. Patel,Mid-Market,Software,SecureGuard License,1,264.98,0.084,242.72,No
ORD-004525,2026-05-05,East,J. Kim,SMB,Hardware,Falcon Laptop,2,2446.12,0.074,4530.21,No
ORD-004526,2026-05-05,West,T. Brooks,SMB,Services,Onboarding Package,1,1069.42,0.057,1008.46,No
ORD-004527,2026-05-06,West,T. Brooks,SMB,Hardware,Nimbus Monitor,2,1152.3,0.079,2122.54,No
ORD-004528,2026-05-06,North,R. Diaz,SMB,Software,SecureGuard License,1,202.61,0.026,197.34,No
ORD-004529,2026-05-06,North,A. Chen,Enterprise,Software,FlowSuite License,1,169.4,0.064,158.56,No
ORD-004530,2026-05-06,East,L. Nguyen,SMB,Accessories,Webcam HD,1,31.31,0.073,29.02,No
ORD-004531,2026-05-06,East,L. Nguyen,SMB,Software,DataLens License,3,137.05,0.042,393.88,No
ORD-004532,2026-05-06,South,M. Okafor,SMB,Hardware,Titan Desktop,2,2431.65,0.069,4527.73,No
ORD-004533,2026-05-07,South,M. Okafor,Mid-Market,Software,SecureGuard License,2,315.35,0.072,585.29,No
ORD-004534,2026-05-07,East,J. Kim,SMB,Accessories,Webcam HD,3,72.43,0.055,205.34,No
ORD-004535,2026-05-07,East,J. Kim,SMB,Software,FlowSuite License,2,542.79,0.069,1010.67,No
ORD-004536,2026-05-07,North,R. Diaz,SMB,Accessories,Wireless Mouse,1,111.41,0.057,105.06,No
ORD-004537,2026-05-07,North,R. Diaz,SMB,Hardware,Nimbus Monitor,1,2223.62,0.006,2210.28,No
ORD-004538,2026-05-07,West,D. Rossi,SMB,Hardware,Titan Desktop,1,1982.59,0.078,1827.95,No
ORD-004539,2026-05-07,West,D. Rossi,Mid-Market,Software,DataLens License,1,308.77,0.022,301.98,No
ORD-004540,2026-05-07,North,A. Chen,Mid-Market,Accessories,Laptop Sleeve,3,88.91,0.111,237.12,No
ORD-004541,2026-05-07,North,R. Diaz,Enterprise,Services,Onboarding Package,1,1496.62,0.191,1210.77,No
ORD-004542,2026-05-08,North,R. Diaz,Mid-Market,Accessories,Webcam HD,7,15.82,0.112,98.34,No
ORD-004543,2026-05-08,South,M. Okafor,Mid-Market,Software,FlowSuite License,1,514.13,0.128,448.32,No
ORD-004544,2026-05-08,East,J. Kim,SMB,Software,SecureGuard License,1,318.87,0.04,306.12,No
ORD-004545,2026-05-08,West,T. Brooks,SMB,Accessories,Wireless Mouse,2,88.86,0.009,176.12,No
ORD-004546,2026-05-08,South,M. Okafor,Mid-Market,Software,SecureGuard License,1,148.8,0.098,134.22,No
ORD-004547,2026-05-08,North,R. Diaz,SMB,Accessories,Wireless Mouse,1,26.55,0.046,25.33,No
ORD-004548,2026-05-08,North,R. Diaz,SMB,Accessories,Laptop Sleeve,4,49.76,0.035,192.07,No
ORD-004549,2026-05-08,North,R. Diaz,Mid-Market,Accessories,Wireless Mouse,5,21.16,0.068,98.61,No
ORD-004550,2026-05-09,South,M. Okafor,Mid-Market,Accessories,Wireless Mouse,2,72.44,0.053,137.2,No
ORD-004551,2026-05-09,South,M. Okafor,SMB,Hardware,Nimbus Monitor,1,2380.36,0.064,2228.02,No
ORD-004552,2026-05-09,East,L. Nguyen,Mid-Market,Services,Custom Training,1,800.79,0.032,775.16,No
ORD-004553,2026-05-09,East,J. Kim,Mid-Market,Software,SecureGuard License,1,307.56,0.145,262.96,No
ORD-004554,2026-05-09,East,J. Kim,SMB,Accessories,Webcam HD,2,66.47,0.075,122.97,No
ORD-004555,2026-05-09,East,L. Nguyen,SMB,Accessories,USB-C Hub,7,62.75,0.039,422.12,No
ORD-004556,2026-05-09,East,L. Nguyen,Mid-Market,Accessories,Laptop Sleeve,1,87.43,0.121,76.85,No
ORD-004557,2026-05-09,North,R. Diaz,Enterprise,Accessories,USB-C Hub,5,91.92,0.215,360.79,No
ORD-004558,2026-05-09,North,R. Diaz,Enterprise,Software,FlowSuite License,2,507.33,0.25,761.0,No
ORD-004559,2026-05-10,East,L. Nguyen,SMB,Software,FlowSuite License,1,135.0,0.067,125.96,No
ORD-004560,2026-05-10,East,J. Kim,SMB,Hardware,Titan Desktop,1,2037.88,0.033,1970.63,No
ORD-004561,2026-05-10,North,A. Chen,Enterprise,Accessories,Laptop Sleeve,3,76.35,0.183,187.13,No
ORD-004562,2026-05-10,South,S. Patel,SMB,Software,SecureGuard License,2,189.1,0.073,350.59,No
ORD-004563,2026-05-10,South,S. Patel,Enterprise,Accessories,USB-C Hub,4,15.26,0.197,49.02,No
ORD-004564,2026-05-10,South,S. Patel,SMB,Software,DataLens License,2,145.15,0.027,282.46,No
ORD-004565,2026-05-10,East,L. Nguyen,Mid-Market,Software,SecureGuard License,1,445.18,0.089,405.56,No
ORD-004566,2026-05-10,North,R. Diaz,SMB,Software,SecureGuard License,3,350.29,0.023,1026.7,No
ORD-004567,2026-05-10,East,L. Nguyen,SMB,Services,Onboarding Package,2,364.27,0.076,673.17,No
ORD-004568,2026-05-10,East,J. Kim,SMB,Accessories,USB-C Hub,6,102.9,0.028,600.11,No
ORD-004569,2026-05-10,South,S. Patel,SMB,Accessories,Laptop Sleeve,2,63.98,0.074,118.49,No
ORD-004570,2026-05-10,South,M. Okafor,Enterprise,Accessories,USB-C Hub,1,62.24,0.229,47.99,No
ORD-004571,2026-05-11,East,J. Kim,Mid-Market,Software,SecureGuard License,5,579.45,0.025,2824.82,No
ORD-004572,2026-05-11,South,M. Okafor,SMB,Software,DataLens License,1,262.66,0.019,257.67,No
ORD-004573,2026-05-11,West,T. Brooks,Mid-Market,Services,Custom Training,1,446.23,0.063,418.12,No
ORD-004574,2026-05-11,East,L. Nguyen,SMB,Software,DataLens License,1,422.09,0.002,421.25,No
ORD-004575,2026-05-11,North,R. Diaz,SMB,Accessories,Laptop Sleeve,3,98.13,0.007,292.33,No
ORD-004576,2026-05-11,North,R. Diaz,Enterprise,Software,SecureGuard License,2,235.07,0.161,394.45,No
ORD-004577,2026-05-11,East,L. Nguyen,Mid-Market,Accessories,Wireless Mouse,3,98.48,0.019,289.83,No
ORD-004578,2026-05-11,East,J. Kim,Enterprise,Accessories,USB-C Hub,3,50.98,0.089,139.33,No
ORD-004579,2026-05-11,North,R. Diaz,Enterprise,Hardware,Nimbus Monitor,3,1049.06,0.218,2461.09,No
ORD-004580,2026-05-11,South,S. Patel,SMB,Hardware,Falcon Laptop,1,989.17,0.035,954.55,No
ORD-004581,2026-05-11,North,R. Diaz,Mid-Market,Hardware,Titan Desktop,2,1921.04,0.054,3634.61,No
ORD-004582,2026-05-11,South,S. Patel,SMB,Accessories,Wireless Mouse,3,36.96,0.038,106.67,Yes
ORD-004583,2026-05-11,North,R. Diaz,Enterprise,Accessories,Laptop Sleeve,3,16.7,0.077,46.24,No
ORD-004584,2026-05-11,North,R. Diaz,Mid-Market,Hardware,Nimbus Monitor,1,944.18,0.091,858.26,No
ORD-004585,2026-05-12,North,R. Diaz,SMB,Hardware,Falcon Laptop,3,1034.38,0.021,3037.97,No
ORD-004586,2026-05-12,West,T. Brooks,Mid-Market,Services,Onboarding Package,1,1079.76,0.143,925.35,No
ORD-004587,2026-05-12,East,J. Kim,SMB,Accessories,Wireless Mouse,3,42.63,0.062,119.96,No
ORD-004588,2026-05-12,North,A. Chen,SMB,Services,Custom Training,1,434.57,0.015,428.05,No
ORD-004589,2026-05-12,East,L. Nguyen,SMB,Hardware,Nimbus Monitor,2,1766.28,0.064,3306.48,No
ORD-004590,2026-05-12,North,R. Diaz,SMB,Hardware,Nimbus Monitor,1,2126.72,0.019,2086.31,No
ORD-004591,2026-05-12,South,M. Okafor,SMB,Hardware,Nimbus Monitor,1,1136.69,0.013,1121.91,No
ORD-004592,2026-05-12,West,T. Brooks,SMB,Software,DataLens License,3,369.07,0.024,1080.64,No
ORD-004593,2026-05-12,South,M. Okafor,SMB,Software,FlowSuite License,1,193.5,0.012,191.18,No
ORD-004594,2026-05-12,South,S. Patel,Mid-Market,Accessories,USB-C Hub,5,108.77,0.106,486.2,No
ORD-004595,2026-05-12,East,L. Nguyen,Enterprise,Hardware,Titan Desktop,1,1763.81,0.232,1354.61,No
ORD-004596,2026-05-12,South,S. Patel,SMB,Software,FlowSuite License,1,279.86,0.04,268.67,No
ORD-004597,2026-05-13,North,A. Chen,Mid-Market,Software,FlowSuite License,2,503.1,0.009,997.14,No
ORD-004598,2026-05-13,North,R. Diaz,SMB,Accessories,USB-C Hub,3,34.97,0.039,100.82,Yes
ORD-004599,2026-05-13,South,M. Okafor,Mid-Market,Hardware,Nimbus Monitor,1,1531.19,0.102,1375.01,No
ORD-004600,2026-05-13,East,L. Nguyen,SMB,Accessories,USB-C Hub,5,87.96,0.06,413.41,Yes
ORD-004601,2026-05-13,North,A. Chen,SMB,Software,FlowSuite License,1,255.32,0.061,239.75,No
ORD-004602,2026-05-13,South,M. Okafor,Mid-Market,Accessories,USB-C Hub,3,22.91,0.125,60.14,No
ORD-004603,2026-05-13,East,J. Kim,Enterprise,Accessories,USB-C Hub,4,57.24,0.057,215.91,No
ORD-004604,2026-05-13,North,A. Chen,Mid-Market,Hardware,Falcon Laptop,1,1558.3,0.073,1444.54,No
ORD-004605,2026-05-13,West,D. Rossi,SMB,Accessories,Laptop Sleeve,5,98.39,0.019,482.6,No
ORD-004606,2026-05-13,North,R. Diaz,SMB,Hardware,Titan Desktop,2,1698.72,0.075,3142.63,No
ORD-004607,2026-05-13,South,S. Patel,SMB,Accessories,Laptop Sleeve,4,51.62,0.019,202.56,No
ORD-004608,2026-05-13,West,T. Brooks,SMB,Hardware,Nimbus Monitor,1,1647.72,0.0,1647.72,No
ORD-004609,2026-05-13,South,M. Okafor,Mid-Market,Services,Priority Support,1,652.28,0.103,585.1,No
ORD-004610,2026-05-14,South,M. Okafor,SMB,Accessories,USB-C Hub,5,22.11,0.042,105.91,No
ORD-004611,2026-05-14,North,A. Chen,SMB,Services,Priority Support,1,685.03,0.033,662.42,No
ORD-004612,2026-05-14,South,S. Patel,SMB,Software,SecureGuard License,3,248.03,0.013,734.42,No
ORD-004613,2026-05-14,East,L. Nguyen,SMB,Services,Custom Training,2,1238.43,0.053,2345.59,No
ORD-004614,2026-05-14,East,J. Kim,Enterprise,Accessories,Wireless Mouse,4,111.08,0.054,420.33,Yes
ORD-004615,2026-05-14,North,R. Diaz,Enterprise,Accessories,Wireless Mouse,3,102.94,0.094,279.79,No
ORD-004616,2026-05-14,East,J. Kim,SMB,Software,DataLens License,1,506.78,0.011,501.21,No
ORD-004617,2026-05-14,North,A. Chen,SMB,Hardware,Falcon Laptop,2,1907.16,0.069,3551.13,No
ORD-004618,2026-05-14,East,J. Kim,Mid-Market,Hardware,Falcon Laptop,2,2002.09,0.1,3603.76,No
ORD-004619,2026-05-14,North,A. Chen,Mid-Market,Hardware,Nimbus Monitor,1,1655.55,0.086,1513.17,No
ORD-004620,2026-05-14,East,J. Kim,SMB,Software,DataLens License,1,168.25,0.026,163.88,No
ORD-004621,2026-05-15,North,A. Chen,Mid-Market,Hardware,Nimbus Monitor,2,1842.29,0.039,3540.88,No
ORD-004622,2026-05-15,South,M. Okafor,SMB,Accessories,Laptop Sleeve,1,113.91,0.047,108.56,No
ORD-004623,2026-05-15,East,L. Nguyen,Mid-Market,Hardware,Titan Desktop,3,2059.31,0.105,5529.25,No
ORD-004624,2026-05-15,East,J. Kim,Enterprise,Accessories,Wireless Mouse,3,20.45,0.018,60.25,Yes
ORD-004625,2026-05-15,East,J. Kim,SMB,Software,DataLens License,1,124.65,0.066,116.42,No
ORD-004626,2026-05-15,West,T. Brooks,SMB,Hardware,Falcon Laptop,2,1795.28,0.059,3378.72,No
ORD-004627,2026-05-15,West,D. Rossi,SMB,Software,FlowSuite License,3,564.28,0.002,1689.45,No
ORD-004628,2026-05-15,South,M. Okafor,Mid-Market,Software,DataLens License,2,220.33,0.114,390.42,No
ORD-004629,2026-05-15,West,T. Brooks,SMB,Software,FlowSuite License,2,183.04,0.027,356.2,No
ORD-004630,2026-05-15,East,J. Kim,SMB,Services,Onboarding Package,1,587.51,0.057,554.02,No
ORD-004631,2026-05-16,West,T. Brooks,SMB,Hardware,Titan Desktop,1,1234.52,0.05,1172.79,No
ORD-004632,2026-05-16,East,L. Nguyen,Enterprise,Software,SecureGuard License,1,591.35,0.235,452.38,No
ORD-004633,2026-05-16,South,M. Okafor,Enterprise,Software,SecureGuard License,1,379.36,0.221,295.52,No
ORD-004634,2026-05-16,East,J. Kim,SMB,Accessories,Laptop Sleeve,3,67.13,0.048,191.72,No
ORD-004635,2026-05-16,North,R. Diaz,Mid-Market,Hardware,Titan Desktop,1,1400.71,0.12,1232.62,No
ORD-004636,2026-05-16,West,D. Rossi,SMB,Hardware,Nimbus Monitor,1,1252.73,0.024,1222.66,No
ORD-004637,2026-05-16,East,L. Nguyen,SMB,Accessories,Wireless Mouse,2,112.12,0.005,223.12,No
ORD-004638,2026-05-16,North,A. Chen,SMB,Software,DataLens License,1,490.88,0.01,485.97,No
ORD-004639,2026-05-16,South,S. Patel,SMB,Hardware,Nimbus Monitor,2,1899.16,0.02,3722.35,No
ORD-004640,2026-05-16,North,R. Diaz,SMB,Services,Onboarding Package,1,1265.91,0.059,1191.22,No
ORD-004641,2026-05-16,South,M. Okafor,SMB,Services,Custom Training,1,466.66,0.049,443.79,No
ORD-004642,2026-05-16,East,J. Kim,SMB,Accessories,Wireless Mouse,2,93.1,0.055,175.96,No
ORD-004643,2026-05-17,North,A. Chen,SMB,Software,DataLens License,2,139.74,0.025,272.49,No
ORD-004644,2026-05-17,South,S. Patel,SMB,Software,DataLens License,1,579.9,0.079,534.09,No
ORD-004645,2026-05-17,East,J. Kim,Mid-Market,Accessories,Laptop Sleeve,4,59.89,0.147,204.34,No
ORD-004646,2026-05-17,South,M. Okafor,SMB,Accessories,USB-C Hub,1,99.26,0.01,98.27,Yes
ORD-004647,2026-05-17,West,D. Rossi,Mid-Market,Software,DataLens License,1,383.02,0.038,368.47,No
ORD-004648,2026-05-17,South,S. Patel,SMB,Software,FlowSuite License,3,529.66,0.012,1569.91,No
ORD-004649,2026-05-17,West,T. Brooks,Mid-Market,Software,DataLens License,1,150.15,0.039,144.29,No
ORD-004650,2026-05-18,South,S. Patel,SMB,Accessories,USB-C Hub,1,103.69,0.056,97.88,No
ORD-004651,2026-05-18,North,A. Chen,SMB,Software,FlowSuite License,1,234.37,0.071,217.73,No
ORD-004652,2026-05-18,West,T. Brooks,Mid-Market,Hardware,Nimbus Monitor,2,1600.44,0.009,3172.07,No
ORD-004653,2026-05-18,West,D. Rossi,Mid-Market,Software,DataLens License,2,395.83,0.052,750.49,No
ORD-004654,2026-05-18,North,R. Diaz,Mid-Market,Hardware,Titan Desktop,1,1163.92,0.116,1028.91,No
ORD-004655,2026-05-18,East,J. Kim,SMB,Services,Custom Training,1,1095.4,0.079,1008.86,No
ORD-004656,2026-05-18,East,L. Nguyen,Enterprise,Accessories,Wireless Mouse,7,41.62,0.18,238.9,No
ORD-004657,2026-05-18,East,L. Nguyen,Mid-Market,Software,DataLens License,2,139.5,0.037,268.68,No
ORD-004658,2026-05-18,South,M. Okafor,Mid-Market,Hardware,Nimbus Monitor,4,1498.58,0.047,5712.59,No
ORD-004659,2026-05-18,East,L. Nguyen,SMB,Hardware,Falcon Laptop,1,1336.84,0.08,1229.89,No
ORD-004660,2026-05-18,South,M. Okafor,SMB,Services,Priority Support,3,912.62,0.065,2559.9,No
ORD-004661,2026-05-18,West,D. Rossi,Enterprise,Accessories,USB-C Hub,4,105.33,0.25,315.99,No
ORD-004662,2026-05-18,West,T. Brooks,SMB,Services,Priority Support,1,766.92,0.061,720.14,No
ORD-004663,2026-05-18,West,T. Brooks,SMB,Software,FlowSuite License,1,462.05,0.008,458.35,No
ORD-004664,2026-05-19,South,S. Patel,SMB,Software,SecureGuard License,1,312.8,0.058,294.66,No
ORD-004665,2026-05-19,North,R. Diaz,Enterprise,Software,FlowSuite License,1,335.05,0.001,334.71,No
ORD-004666,2026-05-19,North,A. Chen,Mid-Market,Software,SecureGuard License,2,309.63,0.082,568.48,No
ORD-004667,2026-05-19,North,R. Diaz,SMB,Software,SecureGuard License,2,554.59,0.079,1021.55,No
ORD-004668,2026-05-19,South,S. Patel,Mid-Market,Accessories,Webcam HD,3,60.83,0.024,178.11,No
ORD-004669,2026-05-19,South,S. Patel,Mid-Market,Accessories,USB-C Hub,4,106.74,0.129,371.88,No
ORD-004670,2026-05-19,North,R. Diaz,Mid-Market,Software,DataLens License,1,225.79,0.012,223.08,No
ORD-004671,2026-05-20,West,T. Brooks,SMB,Software,SecureGuard License,2,554.55,0.003,1105.77,No
ORD-004672,2026-05-20,East,L. Nguyen,SMB,Accessories,Wireless Mouse,3,58.76,0.024,172.05,No
ORD-004673,2026-05-20,East,L. Nguyen,Enterprise,Services,Custom Training,1,1049.34,0.202,837.37,No
ORD-004674,2026-05-20,North,A. Chen,SMB,Services,Onboarding Package,3,816.55,0.063,2295.32,No
ORD-004675,2026-05-20,South,M. Okafor,SMB,Accessories,Webcam HD,3,54.83,0.017,161.69,No
ORD-004676,2026-05-20,South,S. Patel,Mid-Market,Software,FlowSuite License,1,204.15,0.105,182.71,No
ORD-004677,2026-05-20,South,M. Okafor,SMB,Software,FlowSuite License,1,400.63,0.008,397.42,No
ORD-004678,2026-05-20,North,A. Chen,SMB,Accessories,Laptop Sleeve,2,92.38,0.03,179.22,No
ORD-004679,2026-05-20,East,L. Nguyen,Mid-Market,Services,Priority Support,3,1229.92,0.131,3206.4,No
ORD-004680,2026-05-20,East,L. Nguyen,Mid-Market,Software,DataLens License,1,335.75,0.109,299.15,No
ORD-004681,2026-05-21,South,S. Patel,Enterprise,Accessories,Webcam HD,1,113.38,0.152,96.15,No
ORD-004682,2026-05-21,North,A. Chen,Enterprise,Accessories,Laptop Sleeve,3,112.18,0.199,269.57,No
ORD-004683,2026-05-21,East,J. Kim,SMB,Accessories,Laptop Sleeve,2,35.26,0.044,67.42,No
ORD-004684,2026-05-21,West,T. Brooks,SMB,Software,SecureGuard License,2,432.39,0.013,853.54,No
ORD-004685,2026-05-21,West,T. Brooks,SMB,Services,Custom Training,2,980.94,0.0,1961.88,No
ORD-004686,2026-05-21,East,L. Nguyen,SMB,Accessories,Webcam HD,2,30.5,0.078,56.24,No
ORD-004687,2026-05-21,North,A. Chen,Mid-Market,Software,FlowSuite License,3,468.98,0.026,1370.36,No
ORD-004688,2026-05-21,North,R. Diaz,Enterprise,Hardware,Nimbus Monitor,1,1620.16,0.031,1569.94,No
ORD-004689,2026-05-21,North,R. Diaz,SMB,Accessories,Laptop Sleeve,2,84.51,0.057,159.39,No
ORD-004690,2026-05-21,East,L. Nguyen,SMB,Software,FlowSuite License,2,243.25,0.052,461.2,No
ORD-004691,2026-05-22,North,R. Diaz,SMB,Hardware,Titan Desktop,1,918.08,0.017,902.47,No
ORD-004692,2026-05-22,East,L. Nguyen,SMB,Services,Custom Training,2,1068.49,0.014,2107.06,No
ORD-004693,2026-05-22,South,S. Patel,Mid-Market,Software,FlowSuite License,3,269.31,0.044,772.38,No
ORD-004694,2026-05-22,East,L. Nguyen,SMB,Accessories,Wireless Mouse,2,96.47,0.044,184.45,No
ORD-004695,2026-05-22,North,R. Diaz,Enterprise,Accessories,Wireless Mouse,1,40.94,0.089,37.3,No
ORD-004696,2026-05-22,North,A. Chen,Mid-Market,Software,SecureGuard License,1,152.01,0.091,138.18,No
ORD-004697,2026-05-22,South,S. Patel,Mid-Market,Hardware,Titan Desktop,1,1348.42,0.04,1294.48,No
ORD-004698,2026-05-22,North,R. Diaz,SMB,Software,FlowSuite License,1,549.65,0.022,537.56,No
ORD-004699,2026-05-22,East,L. Nguyen,Enterprise,Software,SecureGuard License,2,475.36,0.045,907.94,No
ORD-004700,2026-05-23,North,A. Chen,Enterprise,Software,FlowSuite License,2,560.0,0.131,973.28,No
ORD-004701,2026-05-23,West,T. Brooks,SMB,Software,DataLens License,1,424.81,0.014,418.86,No
ORD-004702,2026-05-23,South,S. Patel,SMB,Software,FlowSuite License,1,256.17,0.03,248.48,No
ORD-004703,2026-05-23,North,R. Diaz,Enterprise,Accessories,Webcam HD,3,65.81,0.119,173.94,No
ORD-004704,2026-05-23,East,J. Kim,SMB,Hardware,Falcon Laptop,2,902.04,0.055,1704.86,No
ORD-004705,2026-05-23,East,L. Nguyen,Mid-Market,Hardware,Falcon Laptop,1,1009.31,0.065,943.7,No
ORD-004706,2026-05-23,North,A. Chen,Mid-Market,Accessories,Webcam HD,4,112.36,0.106,401.8,No
ORD-004707,2026-05-24,East,J. Kim,SMB,Accessories,Laptop Sleeve,1,105.51,0.078,97.28,No
ORD-004708,2026-05-24,South,S. Patel,Mid-Market,Software,SecureGuard License,1,409.01,0.006,406.56,No
ORD-004709,2026-05-24,North,A. Chen,SMB,Software,DataLens License,1,484.08,0.07,450.19,No
ORD-004710,2026-05-24,East,L. Nguyen,Mid-Market,Accessories,Laptop Sleeve,3,15.6,0.052,44.37,No
ORD-004711,2026-05-24,South,M. Okafor,SMB,Software,DataLens License,2,214.49,0.031,415.68,No
ORD-004712,2026-05-24,West,D. Rossi,SMB,Hardware,Nimbus Monitor,1,2289.09,0.047,2181.5,No
ORD-004713,2026-05-24,North,A. Chen,SMB,Accessories,USB-C Hub,6,38.04,0.003,227.56,No
ORD-004714,2026-05-24,North,R. Diaz,Mid-Market,Accessories,USB-C Hub,7,19.4,0.124,118.96,No
ORD-004715,2026-05-24,North,A. Chen,Mid-Market,Hardware,Titan Desktop,3,2200.65,0.118,5822.92,No
ORD-004716,2026-05-24,North,A. Chen,SMB,Accessories,Wireless Mouse,3,60.6,0.009,180.16,No
ORD-004717,2026-05-24,West,D. Rossi,Enterprise,Services,Custom Training,1,939.64,0.132,815.61,No
ORD-004718,2026-05-25,North,A. Chen,Enterprise,Accessories,Wireless Mouse,5,66.23,0.207,262.6,No
ORD-004719,2026-05-25,West,T. Brooks,Mid-Market,Hardware,Falcon Laptop,1,1911.39,0.063,1790.97,No
ORD-004720,2026-05-25,North,R. Diaz,Enterprise,Accessories,Laptop Sleeve,4,97.87,0.141,336.28,No
ORD-004721,2026-05-25,East,J. Kim,Enterprise,Accessories,Laptop Sleeve,3,79.14,0.206,188.51,No
ORD-004722,2026-05-25,North,A. Chen,Mid-Market,Hardware,Nimbus Monitor,3,1207.84,0.056,3420.6,No
ORD-004723,2026-05-25,East,J. Kim,Mid-Market,Hardware,Nimbus Monitor,3,2051.63,0.017,6050.26,No
ORD-004724,2026-05-25,North,A. Chen,SMB,Accessories,Laptop Sleeve,1,88.09,0.063,82.54,No
ORD-004725,2026-05-25,South,M. Okafor,Enterprise,Software,DataLens License,3,514.41,0.208,1222.24,No
ORD-004726,2026-05-25,South,M. Okafor,Enterprise,Accessories,Webcam HD,3,33.56,0.098,90.81,No
ORD-004727,2026-05-25,North,A. Chen,Mid-Market,Accessories,Wireless Mouse,1,66.12,0.145,56.53,No
ORD-004728,2026-05-25,East,J. Kim,Mid-Market,Software,FlowSuite License,2,513.25,0.006,1020.34,No
ORD-004729,2026-05-26,North,R. Diaz,SMB,Hardware,Falcon Laptop,1,2308.39,0.024,2252.99,No
ORD-004730,2026-05-26,East,J. Kim,Enterprise,Software,DataLens License,1,154.31,0.2,123.45,No
ORD-004731,2026-05-26,East,J. Kim,SMB,Accessories,Webcam HD,3,90.89,0.059,256.58,No
ORD-004732,2026-05-26,North,R. Diaz,SMB,Hardware,Titan Desktop,1,1918.03,0.07,1783.77,No
ORD-004733,2026-05-26,North,A. Chen,Mid-Market,Hardware,Titan Desktop,1,2063.85,0.016,2030.83,No
ORD-004734,2026-05-26,South,M. Okafor,SMB,Accessories,Wireless Mouse,1,115.91,0.055,109.53,No
ORD-004735,2026-05-26,East,J. Kim,Mid-Market,Software,DataLens License,1,365.97,0.044,349.87,No
ORD-004736,2026-05-26,West,D. Rossi,SMB,Accessories,USB-C Hub,2,16.21,0.07,30.15,No
ORD-004737,2026-05-26,East,J. Kim,Mid-Market,Hardware,Titan Desktop,1,2379.83,0.027,2315.57,No
ORD-004738,2026-05-27,East,J. Kim,Mid-Market,Accessories,Laptop Sleeve,4,75.52,0.001,301.78,No
ORD-004739,2026-05-27,West,D. Rossi,SMB,Hardware,Nimbus Monitor,3,1314.13,0.03,3824.12,No
ORD-004740,2026-05-27,East,J. Kim,Mid-Market,Services,Priority Support,4,582.65,0.105,2085.89,No
ORD-004741,2026-05-27,South,S. Patel,Enterprise,Accessories,USB-C Hub,1,47.8,0.027,46.51,No
ORD-004742,2026-05-27,East,J. Kim,Enterprise,Software,SecureGuard License,1,457.27,0.044,437.15,No
ORD-004743,2026-05-27,East,J. Kim,SMB,Software,DataLens License,3,346.79,0.008,1032.05,No
ORD-004744,2026-05-27,East,J. Kim,SMB,Software,DataLens License,3,168.88,0.021,496.0,No
ORD-004745,2026-05-27,North,R. Diaz,Mid-Market,Hardware,Nimbus Monitor,1,1001.8,0.126,875.57,No
ORD-004746,2026-05-28,East,L. Nguyen,SMB,Hardware,Falcon Laptop,1,2379.67,0.073,2205.95,No
ORD-004747,2026-05-28,North,A. Chen,Mid-Market,Accessories,USB-C Hub,4,89.29,0.079,328.94,No
ORD-004748,2026-05-28,North,R. Diaz,Enterprise,Services,Custom Training,1,900.25,0.19,729.2,No
ORD-004749,2026-05-28,West,D. Rossi,SMB,Hardware,Falcon Laptop,1,1798.22,0.062,1686.73,Yes
ORD-004750,2026-05-28,North,R. Diaz,Enterprise,Accessories,Wireless Mouse,3,28.49,0.186,69.57,No
ORD-004751,2026-05-28,South,M. Okafor,Mid-Market,Services,Onboarding Package,1,1014.14,0.012,1001.97,No
ORD-004752,2026-05-28,North,R. Diaz,SMB,Software,FlowSuite License,3,283.33,0.066,793.89,No
ORD-004753,2026-05-28,South,S. Patel,Enterprise,Accessories,Wireless Mouse,3,112.12,0.091,305.75,No
ORD-004754,2026-05-28,East,J. Kim,SMB,Software,DataLens License,3,280.93,0.066,787.17,No
ORD-004755,2026-05-28,North,R. Diaz,SMB,Services,Custom Training,1,1120.8,0.027,1090.54,No
ORD-004756,2026-05-28,East,J. Kim,Mid-Market,Services,Onboarding Package,1,903.73,0.04,867.58,No
ORD-004757,2026-05-29,West,D. Rossi,SMB,Accessories,Webcam HD,3,85.13,0.079,235.21,No
ORD-004758,2026-05-29,East,L. Nguyen,SMB,Hardware,Nimbus Monitor,1,1560.3,0.051,1480.72,No
ORD-004759,2026-05-29,South,S. Patel,SMB,Accessories,USB-C Hub,2,70.38,0.014,138.79,No
ORD-004760,2026-05-29,East,J. Kim,Enterprise,Hardware,Nimbus Monitor,1,1388.52,0.016,1366.3,No
ORD-004761,2026-05-29,South,M. Okafor,SMB,Accessories,USB-C Hub,6,20.73,0.014,122.64,No
ORD-004762,2026-05-29,East,J. Kim,Mid-Market,Accessories,USB-C Hub,2,23.88,0.093,43.32,No
ORD-004763,2026-05-29,West,D. Rossi,SMB,Software,DataLens License,4,308.91,0.054,1168.92,No
ORD-004764,2026-05-29,South,M. Okafor,Mid-Market,Hardware,Titan Desktop,1,1874.48,0.044,1792.0,No
ORD-004765,2026-05-29,North,R. Diaz,SMB,Hardware,Nimbus Monitor,1,2328.21,0.03,2258.36,No
ORD-004766,2026-05-29,South,M. Okafor,Enterprise,Software,DataLens License,2,391.01,0.097,706.16,No
ORD-004767,2026-05-29,East,J. Kim,SMB,Software,SecureGuard License,2,297.47,0.027,578.88,No
ORD-004768,2026-05-29,North,A. Chen,Enterprise,Accessories,Laptop Sleeve,4,48.71,0.039,187.24,No
ORD-004769,2026-05-29,East,L. Nguyen,SMB,Hardware,Nimbus Monitor,1,1563.64,0.066,1460.44,No
ORD-004770,2026-05-30,North,A. Chen,Mid-Market,Hardware,Falcon Laptop,4,1965.77,0.12,6919.51,No
ORD-004771,2026-05-30,South,M. Okafor,SMB,Services,Priority Support,3,921.8,0.047,2635.43,No
ORD-004772,2026-05-30,South,M. Okafor,Enterprise,Software,FlowSuite License,4,153.2,0.204,487.79,No
ORD-004773,2026-05-30,South,S. Patel,SMB,Accessories,USB-C Hub,4,79.0,0.063,296.09,Yes
ORD-004774,2026-05-30,South,M. Okafor,Mid-Market,Accessories,USB-C Hub,2,95.89,0.145,163.97,No
ORD-004775,2026-05-30,North,A. Chen,Mid-Market,Hardware,Falcon Laptop,1,903.27,0.105,808.43,No
ORD-004776,2026-05-30,South,M. Okafor,Enterprise,Services,Onboarding Package,1,1126.22,0.129,980.94,No
ORD-004777,2026-05-30,West,D. Rossi,Mid-Market,Accessories,Wireless Mouse,3,20.06,0.089,54.82,No
ORD-004778,2026-05-30,West,T. Brooks,SMB,Hardware,Nimbus Monitor,1,1639.15,0.064,1534.24,No
ORD-004779,2026-05-31,East,L. Nguyen,Mid-Market,Software,DataLens License,3,592.24,0.035,1714.53,No
ORD-004780,2026-05-31,West,D. Rossi,Enterprise,Services,Priority Support,2,431.2,0.209,682.16,No
ORD-004781,2026-05-31,North,A. Chen,Mid-Market,Accessories,Laptop Sleeve,5,27.31,0.12,120.16,No
ORD-004782,2026-05-31,East,J. Kim,Enterprise,Hardware,Falcon Laptop,1,1888.01,0.133,1636.9,No
ORD-004783,2026-05-31,North,R. Diaz,Mid-Market,Accessories,Webcam HD,2,81.48,0.03,158.07,No
ORD-004784,2026-05-31,East,L. Nguyen,Enterprise,Software,FlowSuite License,1,240.49,0.239,183.01,No
ORD-004785,2026-05-31,West,D. Rossi,Mid-Market,Services,Priority Support,2,1258.05,0.024,2455.71,No
ORD-004786,2026-05-31,East,J. Kim,Enterprise,Accessories,Wireless Mouse,3,48.32,0.223,112.63,No
ORD-004787,2026-05-31,West,D. Rossi,Mid-Market,Services,Onboarding Package,1,1001.43,0.004,997.42,No
ORD-004788,2026-05-31,West,D. Rossi,SMB,Accessories,Wireless Mouse,6,30.2,0.067,169.06,No
ORD-004789,2026-05-31,North,R. Diaz,SMB,Hardware,Titan Desktop,1,1687.88,0.009,1672.69,No
ORD-004790,2026-05-31,West,T. Brooks,SMB,Software,FlowSuite License,1,410.04,0.054,387.9,No
ORD-004791,2026-05-31,West,D. Rossi,Enterprise,Hardware,Falcon Laptop,3,1412.03,0.094,3837.9,Yes
ORD-004792,2026-05-31,East,L. Nguyen,SMB,Services,Onboarding Package,1,601.99,0.062,564.67,No
ORD-004793,2026-05-31,East,J. Kim,Mid-Market,Accessories,Laptop Sleeve,2,86.31,0.128,150.52,No
ORD-004794,2026-05-31,East,L. Nguyen,Mid-Market,Hardware,Nimbus Monitor,1,2348.07,0.105,2101.52,No
ORD-004795,2026-05-31,South,M. Okafor,Mid-Market,Software,SecureGuard License,1,248.54,0.017,244.31,No
ORD-004796,2026-06-01,North,A. Chen,SMB,Software,SecureGuard License,4,214.36,0.071,796.56,No
ORD-004797,2026-06-01,North,A. Chen,Enterprise,Software,DataLens License,1,386.4,0.164,323.03,No
ORD-004798,2026-06-01,West,T. Brooks,Mid-Market,Software,SecureGuard License,1,191.05,0.127,166.79,No
ORD-004799,2026-06-01,South,M. Okafor,SMB,Services,Custom Training,1,503.88,0.012,497.83,No
ORD-004800,2026-06-01,West,D. Rossi,Mid-Market,Software,SecureGuard License,1,350.18,0.078,322.87,No
ORD-004801,2026-06-02,East,J. Kim,SMB,Software,DataLens License,1,443.95,0.033,429.3,No
ORD-004802,2026-06-02,East,J. Kim,SMB,Hardware,Nimbus Monitor,2,1323.91,0.046,2526.02,No
ORD-004803,2026-06-02,West,D. Rossi,SMB,Accessories,Wireless Mouse,4,86.51,0.028,336.35,No
ORD-004804,2026-06-02,North,A. Chen,Enterprise,Hardware,Falcon Laptop,1,1534.43,0.086,1402.47,No
ORD-004805,2026-06-02,South,S. Patel,Mid-Market,Software,DataLens License,1,454.39,0.014,448.03,No
ORD-004806,2026-06-02,West,T. Brooks,SMB,Hardware,Falcon Laptop,3,2391.63,0.047,6837.67,No
ORD-004807,2026-06-03,North,A. Chen,SMB,Services,Onboarding Package,1,309.57,0.024,302.14,No
ORD-004808,2026-06-03,South,M. Okafor,Mid-Market,Software,FlowSuite License,1,558.79,0.007,554.88,No
ORD-004809,2026-06-03,North,R. Diaz,SMB,Hardware,Nimbus Monitor,2,1517.92,0.025,2959.94,No
ORD-004810,2026-06-03,South,M. Okafor,Enterprise,Hardware,Falcon Laptop,1,1935.34,0.03,1877.28,Yes
ORD-004811,2026-06-03,East,J. Kim,SMB,Accessories,Laptop Sleeve,2,39.5,0.077,72.92,Yes
ORD-004812,2026-06-03,North,R. Diaz,SMB,Services,Onboarding Package,1,1184.04,0.005,1178.12,No
ORD-004813,2026-06-03,North,A. Chen,SMB,Software,DataLens License,1,393.5,0.06,369.89,No
ORD-004814,2026-06-03,East,L. Nguyen,Enterprise,Software,SecureGuard License,1,407.53,0.119,359.03,No
ORD-004815,2026-06-03,South,M. Okafor,Mid-Market,Hardware,Nimbus Monitor,1,1151.5,0.031,1115.8,No
ORD-004816,2026-06-03,West,D. Rossi,Mid-Market,Services,Priority Support,1,424.75,0.084,389.07,No
ORD-004817,2026-06-03,North,R. Diaz,Enterprise,Hardware,Falcon Laptop,1,1218.77,0.061,1144.43,No
ORD-004818,2026-06-04,West,D. Rossi,Mid-Market,Hardware,Titan Desktop,3,2483.15,0.124,6525.72,No
ORD-004819,2026-06-04,North,A. Chen,SMB,Services,Priority Support,1,927.22,0.064,867.88,Yes
ORD-004820,2026-06-04,North,A. Chen,SMB,Software,SecureGuard License,3,450.72,0.006,1344.05,No
ORD-004821,2026-06-05,North,R. Diaz,Enterprise,Software,SecureGuard License,1,187.03,0.107,167.02,No
ORD-004822,2026-06-05,East,L. Nguyen,SMB,Hardware,Nimbus Monitor,2,1414.66,0.029,2747.27,No
ORD-004823,2026-06-05,North,R. Diaz,SMB,Accessories,Laptop Sleeve,2,104.89,0.013,207.05,No
ORD-004824,2026-06-05,South,S. Patel,Mid-Market,Accessories,Webcam HD,2,80.33,0.068,149.74,No
ORD-004825,2026-06-06,North,R. Diaz,SMB,Software,FlowSuite License,1,320.22,0.015,315.42,No
ORD-004826,2026-06-06,South,S. Patel,SMB,Software,SecureGuard License,1,403.7,0.031,391.19,No
ORD-004827,2026-06-06,North,A. Chen,Mid-Market,Accessories,Webcam HD,5,96.02,0.088,437.85,No
ORD-004828,2026-06-06,East,L. Nguyen,Enterprise,Software,SecureGuard License,1,140.02,0.05,133.02,No
ORD-004829,2026-06-06,East,L. Nguyen,Enterprise,Hardware,Nimbus Monitor,2,1151.28,0.019,2258.81,No
ORD-004830,2026-06-06,East,J. Kim,SMB,Accessories,Wireless Mouse,4,115.65,0.078,426.52,No
ORD-004831,2026-06-06,East,L. Nguyen,SMB,Software,FlowSuite License,1,273.36,0.018,268.44,No
ORD-004832,2026-06-07,East,L. Nguyen,SMB,Software,FlowSuite License,2,418.91,0.009,830.28,No
ORD-004833,2026-06-07,North,R. Diaz,SMB,Accessories,Webcam HD,3,92.82,0.034,268.99,No
ORD-004834,2026-06-07,South,M. Okafor,Enterprise,Software,SecureGuard License,3,196.15,0.03,570.8,No
ORD-004835,2026-06-07,West,D. Rossi,Mid-Market,Hardware,Titan Desktop,1,2467.36,0.067,2302.05,No
ORD-004836,2026-06-07,West,D. Rossi,SMB,Accessories,USB-C Hub,1,15.57,0.017,15.31,Yes
ORD-004837,2026-06-07,South,S. Patel,SMB,Software,FlowSuite License,1,371.29,0.017,364.98,No
ORD-004838,2026-06-07,North,R. Diaz,SMB,Accessories,USB-C Hub,4,58.63,0.067,218.81,No
ORD-004839,2026-06-07,East,L. Nguyen,SMB,Hardware,Titan Desktop,2,2393.95,0.034,4625.11,No
ORD-004840,2026-06-08,South,M. Okafor,SMB,Accessories,Laptop Sleeve,6,87.56,0.079,483.86,Yes
ORD-004841,2026-06-08,West,D. Rossi,SMB,Software,DataLens License,2,298.8,0.017,587.44,No
ORD-004842,2026-06-08,North,R. Diaz,Enterprise,Accessories,USB-C Hub,1,23.61,0.016,23.23,No
ORD-004843,2026-06-08,South,S. Patel,SMB,Services,Custom Training,1,518.67,0.077,478.73,No
ORD-004844,2026-06-08,East,L. Nguyen,Enterprise,Accessories,Laptop Sleeve,4,73.58,0.213,231.63,Yes
ORD-004845,2026-06-08,South,S. Patel,SMB,Software,DataLens License,2,154.99,0.066,289.52,No
ORD-004846,2026-06-08,South,M. Okafor,SMB,Software,SecureGuard License,3,501.75,0.079,1386.34,No
ORD-004847,2026-06-09,South,S. Patel,Mid-Market,Services,Custom Training,1,978.13,0.025,953.68,No
ORD-004848,2026-06-09,South,S. Patel,Mid-Market,Software,DataLens License,1,281.84,0.02,276.2,No
ORD-004849,2026-06-09,East,J. Kim,SMB,Hardware,Falcon Laptop,3,939.01,0.067,2628.29,No
ORD-004850,2026-06-09,East,L. Nguyen,SMB,Accessories,Wireless Mouse,7,17.29,0.017,118.97,No
ORD-004851,2026-06-09,North,A. Chen,Enterprise,Services,Custom Training,1,727.09,0.245,548.95,No
ORD-004852,2026-06-09,North,A. Chen,Mid-Market,Accessories,Laptop Sleeve,2,44.87,0.108,80.05,No
ORD-004853,2026-06-09,South,M. Okafor,Mid-Market,Hardware,Nimbus Monitor,1,1344.8,0.0,1344.8,No
ORD-004854,2026-06-09,North,A. Chen,Mid-Market,Accessories,Webcam HD,5,47.66,0.032,230.67,No
ORD-004855,2026-06-09,East,L. Nguyen,SMB,Hardware,Falcon Laptop,2,1591.71,0.058,2998.78,No
ORD-004856,2026-06-09,East,J. Kim,Enterprise,Hardware,Titan Desktop,1,1318.07,0.167,1097.95,No
ORD-004857,2026-06-09,North,A. Chen,SMB,Accessories,Webcam HD,4,110.2,0.018,432.87,No
ORD-004858,2026-06-09,East,J. Kim,Mid-Market,Accessories,USB-C Hub,2,35.86,0.028,69.71,No
ORD-004859,2026-06-09,North,A. Chen,Mid-Market,Hardware,Titan Desktop,2,920.04,0.023,1797.76,No
ORD-004860,2026-06-10,North,A. Chen,Mid-Market,Hardware,Titan Desktop,1,1375.93,0.117,1214.95,No
ORD-004861,2026-06-10,West,D. Rossi,SMB,Hardware,Falcon Laptop,1,1002.23,0.066,936.08,No
ORD-004862,2026-06-10,West,D. Rossi,SMB,Accessories,USB-C Hub,2,27.39,0.022,53.57,No
ORD-004863,2026-06-10,East,L. Nguyen,Enterprise,Services,Custom Training,1,557.77,0.039,536.02,Yes
ORD-004864,2026-06-10,West,T. Brooks,Mid-Market,Software,SecureGuard License,1,189.63,0.072,175.98,No
ORD-004865,2026-06-10,West,D. Rossi,SMB,Services,Priority Support,1,1005.42,0.02,985.31,No
ORD-004866,2026-06-10,East,L. Nguyen,SMB,Accessories,Wireless Mouse,3,78.62,0.021,230.91,No
ORD-004867,2026-06-11,West,D. Rossi,Mid-Market,Accessories,Webcam HD,3,70.94,0.06,200.05,No
ORD-004868,2026-06-11,West,D. Rossi,SMB,Hardware,Falcon Laptop,3,1270.33,0.056,3597.57,No
ORD-004869,2026-06-11,East,J. Kim,Mid-Market,Accessories,Wireless Mouse,5,98.43,0.09,447.86,No
ORD-004870,2026-06-11,East,L. Nguyen,SMB,Hardware,Falcon Laptop,1,2428.01,0.04,2330.89,No
ORD-004871,2026-06-11,South,S. Patel,Mid-Market,Accessories,Laptop Sleeve,4,25.83,0.111,91.85,No
ORD-004872,2026-06-11,North,R. Diaz,SMB,Hardware,Falcon Laptop,1,1936.04,0.014,1908.94,No
ORD-004873,2026-06-11,South,M. Okafor,Enterprise,Hardware,Nimbus Monitor,2,1744.44,0.166,2909.73,No
ORD-004874,2026-06-11,South,M. Okafor,Mid-Market,Services,Priority Support,1,1253.85,0.049,1192.41,No
ORD-004875,2026-06-11,East,J. Kim,SMB,Hardware,Falcon Laptop,2,2189.47,0.075,4050.52,No
ORD-004876,2026-06-12,North,R. Diaz,SMB,Services,Onboarding Package,4,651.98,0.027,2537.51,No
ORD-004877,2026-06-12,South,S. Patel,SMB,Software,FlowSuite License,1,489.47,0.044,467.93,No
ORD-004878,2026-06-12,North,R. Diaz,SMB,Services,Onboarding Package,2,1168.45,0.07,2173.32,No
ORD-004879,2026-06-12,East,J. Kim,Mid-Market,Accessories,Wireless Mouse,2,113.75,0.078,209.75,No
ORD-004880,2026-06-12,East,J. Kim,Mid-Market,Hardware,Falcon Laptop,1,1501.37,0.105,1343.73,No
ORD-004881,2026-06-12,North,A. Chen,Enterprise,Software,DataLens License,1,484.76,0.145,414.47,No
ORD-004882,2026-06-12,South,S. Patel,SMB,Accessories,USB-C Hub,6,85.35,0.06,481.37,Yes
ORD-004883,2026-06-12,North,R. Diaz,SMB,Services,Custom Training,2,1254.01,0.027,2440.3,No
ORD-004884,2026-06-12,West,T. Brooks,SMB,Hardware,Falcon Laptop,1,1441.59,0.077,1330.59,No
ORD-004885,2026-06-12,North,A. Chen,SMB,Software,FlowSuite License,2,193.64,0.056,365.59,No
ORD-004886,2026-06-12,South,S. Patel,Mid-Market,Accessories,USB-C Hub,5,103.83,0.097,468.79,No
ORD-004887,2026-06-13,East,J. Kim,SMB,Hardware,Nimbus Monitor,1,1739.86,0.072,1614.59,No
ORD-004888,2026-06-13,East,L. Nguyen,Mid-Market,Services,Onboarding Package,1,332.28,0.008,329.62,No
ORD-004889,2026-06-13,North,A. Chen,SMB,Accessories,USB-C Hub,5,22.11,0.077,102.04,Yes
ORD-004890,2026-06-13,West,T. Brooks,Mid-Market,Services,Onboarding Package,1,875.84,0.045,836.43,Yes
ORD-004891,2026-06-13,North,R. Diaz,Mid-Market,Software,FlowSuite License,1,404.12,0.123,354.41,No
ORD-004892,2026-06-13,North,A. Chen,Enterprise,Software,DataLens License,2,377.72,0.148,643.63,No
ORD-004893,2026-06-13,North,A. Chen,SMB,Software,FlowSuite License,1,439.47,0.036,423.65,No
ORD-004894,2026-06-13,North,R. Diaz,Mid-Market,Hardware,Nimbus Monitor,1,2106.5,0.086,1925.34,No
ORD-004895,2026-06-14,North,A. Chen,Mid-Market,Accessories,Webcam HD,2,36.56,0.059,68.81,No
ORD-004896,2026-06-14,East,L. Nguyen,Mid-Market,Accessories,Wireless Mouse,1,37.06,0.072,34.39,No
ORD-004897,2026-06-14,North,A. Chen,Mid-Market,Accessories,USB-C Hub,1,81.54,0.04,78.28,No
ORD-004898,2026-06-14,East,L. Nguyen,Mid-Market,Services,Priority Support,1,519.14,0.035,500.97,No
ORD-004899,2026-06-14,East,J. Kim,SMB,Software,FlowSuite License,1,531.15,0.051,504.06,No
ORD-004900,2026-06-14,West,T. Brooks,Enterprise,Hardware,Nimbus Monitor,1,2015.81,0.078,1858.58,No
ORD-004901,2026-06-14,East,L. Nguyen,Mid-Market,Hardware,Titan Desktop,2,2131.23,0.043,4079.17,Yes
ORD-004902,2026-06-14,North,R. Diaz,Mid-Market,Accessories,USB-C Hub,2,101.17,0.016,199.1,No
ORD-004903,2026-06-14,East,L. Nguyen,SMB,Accessories,Laptop Sleeve,2,43.34,0.078,79.92,No
ORD-004904,2026-06-14,South,S. Patel,SMB,Accessories,Laptop Sleeve,3,118.76,0.049,338.82,No
ORD-004905,2026-06-15,South,S. Patel,Mid-Market,Software,DataLens License,1,164.12,0.126,143.44,No
ORD-004906,2026-06-15,North,R. Diaz,SMB,Accessories,Laptop Sleeve,3,96.19,0.045,275.58,Yes
ORD-004907,2026-06-15,South,M. Okafor,Enterprise,Software,SecureGuard License,1,226.92,0.178,186.53,No
ORD-004908,2026-06-15,North,R. Diaz,Mid-Market,Hardware,Nimbus Monitor,1,976.72,0.063,915.19,No
ORD-004909,2026-06-15,North,R. Diaz,SMB,Software,FlowSuite License,1,588.88,0.036,567.68,No
ORD-004910,2026-06-15,South,M. Okafor,Mid-Market,Software,FlowSuite License,1,350.41,0.121,308.01,No
ORD-004911,2026-06-15,South,S. Patel,Mid-Market,Accessories,Webcam HD,7,54.01,0.062,354.63,No
ORD-004912,2026-06-15,South,M. Okafor,SMB,Accessories,Laptop Sleeve,4,92.69,0.056,350.0,Yes
ORD-004913,2026-06-15,South,S. Patel,Mid-Market,Accessories,Webcam HD,1,25.96,0.113,23.03,No
ORD-004914,2026-06-16,South,M. Okafor,Mid-Market,Hardware,Falcon Laptop,2,2117.17,0.023,4136.95,No
ORD-004915,2026-06-16,East,J. Kim,SMB,Hardware,Titan Desktop,5,1509.27,0.025,7357.69,No
ORD-004916,2026-06-16,East,J. Kim,Enterprise,Accessories,USB-C Hub,3,33.37,0.006,99.51,No
ORD-004917,2026-06-16,North,R. Diaz,Mid-Market,Services,Onboarding Package,2,324.63,0.069,604.46,No
ORD-004918,2026-06-16,East,L. Nguyen,SMB,Accessories,Wireless Mouse,2,117.86,0.006,234.31,No
ORD-004919,2026-06-16,East,L. Nguyen,Mid-Market,Software,SecureGuard License,1,416.63,0.05,395.8,No
ORD-004920,2026-06-17,West,T. Brooks,Enterprise,Hardware,Titan Desktop,1,994.52,0.076,918.94,No
ORD-004921,2026-06-17,West,T. Brooks,SMB,Accessories,Webcam HD,3,71.32,0.054,202.41,Yes
ORD-004922,2026-06-17,East,J. Kim,Mid-Market,Hardware,Falcon Laptop,2,1292.84,0.06,2430.54,No
ORD-004923,2026-06-17,East,L. Nguyen,Enterprise,Software,FlowSuite License,1,374.66,0.026,364.92,No
ORD-004924,2026-06-17,South,S. Patel,Enterprise,Hardware,Titan Desktop,1,1274.61,0.047,1214.7,No
ORD-004925,2026-06-17,South,M. Okafor,SMB,Services,Custom Training,4,1268.21,0.047,4834.42,No
ORD-004926,2026-06-17,West,T. Brooks,Enterprise,Software,DataLens License,1,544.59,0.045,520.08,No
ORD-004927,2026-06-17,North,R. Diaz,Mid-Market,Software,FlowSuite License,1,299.75,0.037,288.66,No
ORD-004928,2026-06-17,South,M. Okafor,Enterprise,Accessories,Wireless Mouse,4,78.79,0.082,289.32,No
ORD-004929,2026-06-17,South,S. Patel,Mid-Market,Accessories,Wireless Mouse,4,60.11,0.027,233.95,No
ORD-004930,2026-06-18,North,A. Chen,Mid-Market,Hardware,Falcon Laptop,1,1113.79,0.133,965.66,No
ORD-004931,2026-06-18,North,A. Chen,SMB,Software,SecureGuard License,4,571.74,0.058,2154.32,No
ORD-004932,2026-06-18,South,S. Patel,Enterprise,Accessories,Laptop Sleeve,5,101.88,0.011,503.8,No
ORD-004933,2026-06-18,East,L. Nguyen,Enterprise,Services,Custom Training,6,311.63,0.219,1460.3,No
ORD-004934,2026-06-18,South,M. Okafor,Enterprise,Hardware,Falcon Laptop,5,1537.17,0.216,6025.71,No
ORD-004935,2026-06-18,East,J. Kim,Enterprise,Hardware,Titan Desktop,1,2192.05,0.159,1843.51,No
ORD-004936,2026-06-18,West,D. Rossi,SMB,Hardware,Titan Desktop,1,2259.03,0.001,2256.77,No
ORD-004937,2026-06-18,East,L. Nguyen,Mid-Market,Software,FlowSuite License,3,555.49,0.115,1474.83,No
ORD-004938,2026-06-19,East,J. Kim,SMB,Hardware,Nimbus Monitor,2,2066.27,0.025,4029.23,Yes
ORD-004939,2026-06-19,South,M. Okafor,SMB,Software,DataLens License,1,405.62,0.031,393.05,No
ORD-004940,2026-06-19,South,S. Patel,Mid-Market,Hardware,Nimbus Monitor,2,1093.71,0.027,2128.36,No
ORD-004941,2026-06-19,South,M. Okafor,Enterprise,Accessories,Wireless Mouse,2,50.41,0.06,94.77,Yes
ORD-004942,2026-06-19,East,J. Kim,Mid-Market,Accessories,USB-C Hub,2,76.13,0.026,148.3,No
ORD-004943,2026-06-19,East,L. Nguyen,SMB,Software,FlowSuite License,1,401.57,0.006,399.16,No
ORD-004944,2026-06-20,East,J. Kim,SMB,Services,Custom Training,1,771.78,0.004,768.69,No
ORD-004945,2026-06-20,East,J. Kim,Mid-Market,Services,Onboarding Package,4,1148.11,0.07,4270.97,No
ORD-004946,2026-06-20,South,S. Patel,Mid-Market,Services,Onboarding Package,2,580.96,0.002,1159.6,No
ORD-004947,2026-06-20,North,A. Chen,SMB,Software,SecureGuard License,1,540.92,0.019,530.64,No
ORD-004948,2026-06-20,North,R. Diaz,Enterprise,Hardware,Titan Desktop,1,1185.05,0.091,1077.21,Yes
ORD-004949,2026-06-21,West,D. Rossi,SMB,Accessories,Wireless Mouse,4,23.21,0.057,87.55,No
ORD-004950,2026-06-21,North,A. Chen,Mid-Market,Software,DataLens License,2,383.97,0.072,712.65,No
ORD-004951,2026-06-21,West,T. Brooks,SMB,Accessories,Laptop Sleeve,3,81.69,0.077,226.2,No
ORD-004952,2026-06-21,West,T. Brooks,Mid-Market,Hardware,Falcon Laptop,2,2273.97,0.128,3965.8,No
ORD-004953,2026-06-21,South,S. Patel,SMB,Software,FlowSuite License,3,397.36,0.062,1118.17,No
ORD-004954,2026-06-21,North,A. Chen,Enterprise,Software,DataLens License,3,410.91,0.089,1123.02,No
ORD-004955,2026-06-22,South,S. Patel,Enterprise,Software,SecureGuard License,1,497.02,0.122,436.38,No
ORD-004956,2026-06-22,East,L. Nguyen,Mid-Market,Software,SecureGuard License,1,537.03,0.09,488.7,No
ORD-004957,2026-06-22,South,M. Okafor,SMB,Software,DataLens License,1,513.33,0.031,497.42,No
ORD-004958,2026-06-22,East,J. Kim,Mid-Market,Accessories,Webcam HD,2,89.35,0.148,152.25,No
ORD-004959,2026-06-22,West,D. Rossi,SMB,Hardware,Falcon Laptop,4,1505.54,0.007,5980.0,Yes
ORD-004960,2026-06-22,North,A. Chen,Mid-Market,Accessories,Laptop Sleeve,3,98.21,0.1,265.17,No
ORD-004961,2026-06-23,South,S. Patel,Mid-Market,Accessories,USB-C Hub,6,52.12,0.069,291.14,No
ORD-004962,2026-06-23,West,T. Brooks,Mid-Market,Accessories,USB-C Hub,1,95.25,0.084,87.25,No
ORD-004963,2026-06-23,East,J. Kim,Mid-Market,Accessories,Laptop Sleeve,4,118.15,0.121,415.42,No
ORD-004964,2026-06-23,South,S. Patel,Mid-Market,Accessories,Laptop Sleeve,3,97.64,0.02,287.06,No
ORD-004965,2026-06-23,West,D. Rossi,SMB,Hardware,Nimbus Monitor,1,1750.69,0.055,1654.4,No
ORD-004966,2026-06-23,East,J. Kim,Mid-Market,Accessories,Webcam HD,3,18.28,0.135,47.44,No
ORD-004967,2026-06-23,North,A. Chen,Enterprise,Accessories,Webcam HD,2,32.21,0.057,60.75,No
ORD-004968,2026-06-23,East,L. Nguyen,SMB,Hardware,Nimbus Monitor,2,1305.56,0.052,2475.34,No
ORD-004969,2026-06-23,West,D. Rossi,Mid-Market,Services,Onboarding Package,3,686.09,0.034,1988.29,No
ORD-004970,2026-06-24,North,A. Chen,SMB,Software,SecureGuard License,4,302.49,0.039,1162.77,No
ORD-004971,2026-06-24,North,R. Diaz,Mid-Market,Software,SecureGuard License,2,357.28,0.138,615.95,No
ORD-004972,2026-06-25,South,S. Patel,Mid-Market,Software,FlowSuite License,1,126.59,0.016,124.56,No
ORD-004973,2026-06-25,East,L. Nguyen,Enterprise,Accessories,USB-C Hub,2,115.0,0.201,183.77,No
ORD-004974,2026-06-25,North,A. Chen,Enterprise,Accessories,Laptop Sleeve,1,95.47,0.161,80.1,No
ORD-004975,2026-06-25,West,T. Brooks,SMB,Services,Priority Support,2,355.65,0.003,709.17,No
ORD-004976,2026-06-25,North,R. Diaz,Mid-Market,Services,Onboarding Package,1,1009.77,0.067,942.12,No
ORD-004977,2026-06-25,South,M. Okafor,SMB,Software,FlowSuite License,1,224.22,0.012,221.53,No
ORD-004978,2026-06-25,South,M. Okafor,Mid-Market,Accessories,Laptop Sleeve,1,119.04,0.063,111.54,No
ORD-004979,2026-06-25,West,D. Rossi,Mid-Market,Services,Onboarding Package,1,827.12,0.092,751.02,No
ORD-004980,2026-06-25,West,D. Rossi,Mid-Market,Services,Priority Support,5,653.39,0.1,2940.26,No
ORD-004981,2026-06-25,West,T. Brooks,SMB,Services,Custom Training,3,1153.93,0.003,3451.4,No
ORD-004982,2026-06-25,North,R. Diaz,SMB,Accessories,Laptop Sleeve,1,17.05,0.01,16.88,No
ORD-004983,2026-06-25,West,D. Rossi,Enterprise,Hardware,Falcon Laptop,1,1797.27,0.145,1536.67,No
ORD-004984,2026-06-25,East,J. Kim,Enterprise,Software,FlowSuite License,2,172.17,0.207,273.06,No
ORD-004985,2026-06-26,North,R. Diaz,SMB,Software,DataLens License,3,202.44,0.015,598.21,No
ORD-004986,2026-06-26,West,T. Brooks,Enterprise,Accessories,USB-C Hub,2,20.98,0.151,35.62,No
ORD-004987,2026-06-26,North,A. Chen,SMB,Software,FlowSuite License,1,169.31,0.025,165.08,No
ORD-004988,2026-06-26,West,T. Brooks,Mid-Market,Software,SecureGuard License,2,329.26,0.042,630.86,No
ORD-004989,2026-06-26,South,S. Patel,SMB,Accessories,Wireless Mouse,2,85.9,0.034,165.96,No
ORD-004990,2026-06-26,East,J. Kim,Mid-Market,Accessories,Laptop Sleeve,1,84.63,0.106,75.66,No
ORD-004991,2026-06-26,East,L. Nguyen,Mid-Market,Software,SecureGuard License,4,530.37,0.136,1832.96,No
ORD-004992,2026-06-26,East,L. Nguyen,Enterprise,Accessories,USB-C Hub,2,55.01,0.102,98.8,Yes
ORD-004993,2026-06-27,South,S. Patel,SMB,Software,DataLens License,1,344.82,0.018,338.61,No
ORD-004994,2026-06-27,North,R. Diaz,Mid-Market,Software,FlowSuite License,2,546.06,0.103,979.63,No
ORD-004995,2026-06-27,North,A. Chen,Mid-Market,Accessories,Laptop Sleeve,4,26.72,0.011,105.7,No
ORD-004996,2026-06-27,South,S. Patel,SMB,Services,Onboarding Package,3,456.41,0.047,1304.88,No
ORD-004997,2026-06-27,North,R. Diaz,SMB,Software,FlowSuite License,1,152.81,0.074,141.5,No
ORD-004998,2026-06-27,East,L. Nguyen,SMB,Services,Onboarding Package,1,496.79,0.056,468.97,No
ORD-004999,2026-06-27,South,S. Patel,SMB,Software,SecureGuard License,1,417.55,0.051,396.25,No
ORD-005000,2026-06-27,East,J. Kim,SMB,Hardware,Falcon Laptop,2,1758.1,0.005,3498.62,No
ORD-005001,2026-06-27,East,J. Kim,Mid-Market,Accessories,Laptop Sleeve,4,58.78,0.008,233.24,No
ORD-005002,2026-06-27,West,T. Brooks,Enterprise,Hardware,Nimbus Monitor,1,2373.0,0.1,2135.7,No
ORD-005003,2026-06-27,South,S. Patel,Mid-Market,Services,Onboarding Package,2,958.58,0.059,1804.05,No
ORD-005004,2026-06-28,North,R. Diaz,Enterprise,Hardware,Nimbus Monitor,2,1311.98,0.098,2366.81,No
ORD-005005,2026-06-28,West,D. Rossi,Enterprise,Accessories,USB-C Hub,3,105.06,0.062,295.64,No
ORD-005006,2026-06-28,North,R. Diaz,SMB,Accessories,Wireless Mouse,2,38.95,0.057,73.46,No
ORD-005007,2026-06-28,East,L. Nguyen,Enterprise,Accessories,USB-C Hub,1,36.18,0.101,32.53,No
ORD-005008,2026-06-28,South,M. Okafor,SMB,Software,FlowSuite License,4,277.04,0.053,1049.43,No
ORD-005009,2026-06-28,East,L. Nguyen,Enterprise,Software,SecureGuard License,1,532.37,0.007,528.64,No
ORD-005010,2026-06-28,South,M. Okafor,Mid-Market,Software,DataLens License,1,178.27,0.144,152.6,No
ORD-005011,2026-06-29,West,T. Brooks,SMB,Accessories,USB-C Hub,2,96.18,0.064,180.05,No
ORD-005012,2026-06-29,South,S. Patel,Enterprise,Software,DataLens License,1,422.85,0.228,326.44,No
ORD-005013,2026-06-29,South,S. Patel,Mid-Market,Software,SecureGuard License,2,512.68,0.072,951.53,No
ORD-005014,2026-06-29,West,T. Brooks,SMB,Software,FlowSuite License,2,278.97,0.057,526.14,No
ORD-005015,2026-06-29,East,L. Nguyen,Mid-Market,Hardware,Titan Desktop,2,1641.07,0.119,2891.57,Yes
ORD-005016,2026-06-30,North,A. Chen,Mid-Market,Accessories,Laptop Sleeve,1,114.29,0.147,97.49,No
ORD-005017,2026-06-30,East,L. Nguyen,Mid-Market,Software,FlowSuite License,2,159.98,0.078,295.0,Yes
ORD-005018,2026-06-30,East,J. Kim,SMB,Software,DataLens License,1,330.45,0.059,310.95,No
ORD-005019,2026-06-30,East,J. Kim,Mid-Market,Services,Priority Support,2,707.57,0.127,1235.42,No
ORD-005020,2026-06-30,North,A. Chen,Mid-Market,Software,SecureGuard License,1,488.69,0.065,456.93,No
ORD-005021,2026-06-30,East,L. Nguyen,Mid-Market,Accessories,Wireless Mouse,1,61.65,0.063,57.77,No
